epoch,layer,grad_norm_mean,grad_norm_var,snr,snr_std,n_steps
0,000_conv1,0.13003055427623603,0.20675080582105232,0.20423758643872256,0.06621974896651528,391
0,001_layer1.0.conv1,0.12472235544404858,0.6753289635517891,0.06621723219572478,0.045046972543391565,391
0,002_layer1.0.conv2,0.12806968091000967,0.7886114928937032,0.07037698127092053,0.04866308155750332,391
0,003_layer1.1.conv1,0.11416450113443957,0.4526059286575233,0.11298286205637292,0.07196810540930514,391
0,004_layer1.1.conv2,0.10953726960510454,0.49903606920590404,0.09557074460970914,0.061922024394895504,391
0,005_layer1.2.conv1,0.13895116760895665,1.4695264969618809,0.07263159798279577,0.04911247702768224,391
0,006_layer1.2.conv2,0.15562797911748613,2.525156237019208,0.08675088116141781,0.04729523295543535,391
0,007_layer1.3.conv1,0.16288524123279097,3.21310836360532,0.11527649314960649,0.060322659710322156,391
0,008_layer1.3.conv2,0.13643331495155353,2.014297262131663,0.05218273567686276,0.03613418115624996,391
0,009_layer1.4.conv1,0.13506296705073484,1.4751503343934325,0.06501839006785749,0.04897438049182747,391
0,010_layer1.4.conv2,0.11730173325625813,1.5509086234714808,0.05789373772967037,0.038481137723088164,391
0,011_layer1.5.conv1,0.13175292297140184,0.9582870869813228,0.08746594926083337,0.06287531279472632,391
0,012_layer1.5.conv2,0.1054478714824952,0.707269274172971,0.10182981097611034,0.05025624771796011,391
0,013_layer1.6.conv1,0.1175123555585742,2.5427458222421895,0.06407063335383935,0.042746605960078114,391
0,014_layer1.6.conv2,0.09461963041658725,1.0607552294413314,0.10169077393255861,0.07807338021577229,391
0,015_layer1.7.conv1,0.09606754006040842,1.334200120697724,0.07465272550465173,0.04660837570848303,391
0,016_layer1.7.conv2,0.06461361264723622,0.3688568436673186,0.07422969055775454,0.04954888863423015,391
0,017_layer1.8.conv1,0.04665658913750459,0.16234914857482308,0.05988241280330068,0.047521247872645306,391
0,018_layer1.8.conv2,0.053832952554821206,0.12756391002274342,0.07298751162578557,0.05817566165562199,391
0,019_layer2.0.conv1,0.055070111326173024,0.14215115641135942,0.05527091521607198,0.03948990760006248,391
0,020_layer2.0.conv2,0.07544909405719746,0.17091240488830364,0.06501270548852585,0.044814993476495445,391
0,021_layer2.1.conv1,0.09786563322288663,0.2567368539227336,0.06131603993924127,0.03965780922812136,391
0,022_layer2.1.conv2,0.08534312616650234,0.11232802856692242,0.06158149108806354,0.047844236166842524,391
0,023_layer2.2.conv1,0.08210951723325093,0.09849968768743146,0.05683027921202298,0.0391627941354924,391
0,024_layer2.2.conv2,0.07840176241096024,0.060733571549189055,0.05931882933824254,0.044790414804548165,391
0,025_layer2.3.conv1,0.05436565153493696,0.0437183352251839,0.057508983328203665,0.03834671484764099,391
0,026_layer2.3.conv2,0.062457144620668745,0.042854956929966874,0.09139100141092198,0.062132958757297234,391
0,027_layer2.4.conv1,0.05916370876232291,0.052203648474682535,0.05109678655731804,0.03899355989557386,391
0,028_layer2.4.conv2,0.061416637852116276,0.04571169380006869,0.09460149400229173,0.0640354390044302,391
0,029_layer2.5.conv1,0.06425152419794761,0.036551262673230396,0.06333033137067254,0.04890450462071228,391
0,030_layer2.5.conv2,0.06627197561980895,0.036921299474663424,0.08331159181150613,0.05240338885637191,391
0,031_layer2.6.conv1,0.054825101867723075,0.028037768887746315,0.07498424729899741,0.057945218412892734,391
0,032_layer2.6.conv2,0.061235521123280075,0.02853160468830323,0.06687032546005983,0.04907550343762105,391
0,033_layer2.7.conv1,0.06430901553781937,0.02201701443008483,0.05673741960767484,0.03881573246368811,391
0,034_layer2.7.conv2,0.06756345825293637,0.030820028267069755,0.0695956183562908,0.05047785088537805,391
0,035_layer2.8.conv1,0.060212636892886265,0.019150200387423565,0.07141496252309938,0.04472167935667248,391
0,036_layer2.8.conv2,0.0729504682997818,0.041193051522904034,0.07427429346208948,0.05493841740806938,391
0,037_layer3.0.conv1,0.07739722127299709,0.037770622449037866,0.05270220593603202,0.04121599271288321,391
0,038_layer3.0.conv2,0.09517134354947626,0.05783673857993082,0.041926458490260256,0.03682436361606388,391
0,039_layer3.1.conv1,0.07283143766696,0.027776289674545335,0.05465479712377128,0.03562221775697585,391
0,040_layer3.1.conv2,0.08560968023222273,0.04407483863933252,0.05987808025424795,0.04523418707907224,391
0,041_layer3.2.conv1,0.06576261740735234,0.024071551041658475,0.05938327333958679,0.04109997921605591,391
0,042_layer3.2.conv2,0.07670884600142612,0.05551214226977356,0.04905064299944109,0.03990834511190459,391
0,043_layer3.3.conv1,0.06529886709154605,0.028288516792171276,0.05626980410045264,0.04268403113290218,391
0,044_layer3.3.conv2,0.08171739219032857,0.05552721326433138,0.06808389401323992,0.04656067700144715,391
0,045_layer3.4.conv1,0.06550509287782795,0.021817190603880668,0.08165678599224895,0.054764914582816515,391
0,046_layer3.4.conv2,0.08213506719988325,0.0657041620615551,0.04408744078926275,0.03578541976024524,391
0,047_layer3.5.conv1,0.06305370298916917,0.03187066952311921,0.051863926404695886,0.03667791867323176,391
0,048_layer3.5.conv2,0.0859938326691899,0.06807554380609805,0.06328588567943315,0.04642462078033841,391
0,049_layer3.6.conv1,0.07721314714063922,0.029547416377534906,0.06603218991067641,0.046973610391932485,391
0,050_layer3.6.conv2,0.09753403147858808,0.07509818187632586,0.048959900182910035,0.0408187006786469,391
0,051_layer3.7.conv1,0.15273920107451852,0.036063409884172476,0.05183684942788919,0.04065128790118151,391
0,052_layer3.7.conv2,0.16663305503804512,0.06593438594829426,0.05790819591405653,0.047043607824883545,391
0,053_layer3.8.conv1,0.13449364043581669,0.03507681221970584,0.06510442497856368,0.04855230038297523,391
0,054_layer3.8.conv2,0.1579647583177175,0.06954016408483128,0.0645062747233383,0.05323283946996655,391
1,000_conv1,0.11135732598335998,0.00230359228552331,0.2013531772972411,0.1122888105465906,391
1,001_layer1.0.conv1,0.059015224263777054,0.0009272973711137861,0.08268270227449823,0.045061527934386995,391
1,002_layer1.0.conv2,0.043740566784177745,0.00020712811978286765,0.06435384214668156,0.042029602992751346,391
1,003_layer1.1.conv1,0.017316878482680337,3.131851587944665e-05,0.09624650760921781,0.06527191523497855,391
1,004_layer1.1.conv2,0.02107242696568408,3.8712425642801974e-05,0.08440047559800515,0.05565268696414236,391
1,005_layer1.2.conv1,0.01541401700967032,3.588175812673671e-05,0.05088781665192138,0.03762071917309645,391
1,006_layer1.2.conv2,0.026471797441182388,0.00016846485324736329,0.0940112912985127,0.05225625784981528,391
1,007_layer1.3.conv1,0.01851418798508318,7.631319868588437e-05,0.07508198059443265,0.04890124724978618,391
1,008_layer1.3.conv2,0.0140152527078929,2.3361076405442068e-05,0.04159875614984679,0.03140727216579432,391
1,009_layer1.4.conv1,0.017832905680531887,5.363290053607986e-05,0.07514689298411545,0.04837263218653196,391
1,010_layer1.4.conv2,0.030373126878153026,0.0002239919606273023,0.08458693856549095,0.04929218433262834,391
1,011_layer1.5.conv1,0.07534507985996164,0.0012957482782178353,0.0787315313612632,0.05702824191489921,391
1,012_layer1.5.conv2,0.047953595462090826,0.0004966412870161308,0.09887248942720206,0.049100879006222425,391
1,013_layer1.6.conv1,0.02230499118752301,8.901421630777822e-05,0.0711796996963021,0.046071292647238214,391
1,014_layer1.6.conv2,0.029042658538979187,0.00018010503531595877,0.06340423658498145,0.04392425051814172,391
1,015_layer1.7.conv1,0.01830301536937885,4.365204400353132e-05,0.06223575592519554,0.04461592821493186,391
1,016_layer1.7.conv2,0.0286549809019622,0.00023578159394461128,0.09571983574403098,0.05379824083158167,391
1,017_layer1.8.conv1,0.01938035488223938,3.994676855774784e-05,0.05558774067574869,0.03856845450931817,391
1,018_layer1.8.conv2,0.024651994685763897,4.872672286644316e-05,0.05369793646138958,0.0393604143671976,391
1,019_layer2.0.conv1,0.020256445554973523,2.254359186745731e-05,0.04417273779408253,0.03238921088392339,391
1,020_layer2.0.conv2,0.028679216826034477,8.384796186032247e-05,0.055803100792411235,0.03866762835308925,391
1,021_layer2.1.conv1,0.04212230550187171,0.00021895737685159906,0.047806869355982225,0.030806084836290666,391
1,022_layer2.1.conv2,0.05915590524768738,0.00038224535081918037,0.04971085579807113,0.03684906736078373,391
1,023_layer2.2.conv1,0.05695374839274627,0.0002136566946483523,0.0448405638493373,0.03165419407274359,391
1,024_layer2.2.conv2,0.06018461094087804,0.00021163220177448146,0.045961769759770225,0.03203579911682894,391
1,025_layer2.3.conv1,0.03386878892017142,8.7957616296997e-05,0.05245864271517376,0.03895804564985797,391
1,026_layer2.3.conv2,0.03413531840647883,9.553120438337485e-05,0.06068879110685638,0.04153999223767125,391
1,027_layer2.4.conv1,0.022535236140289117,7.759195727564873e-05,0.05804600589052664,0.04189593191745814,391
1,028_layer2.4.conv2,0.028184542522939574,8.992270954273293e-05,0.06162236218166965,0.04423091230478205,391
1,029_layer2.5.conv1,0.057994572269489696,0.0002209497542301395,0.040393784106292234,0.030466984539380446,391
1,030_layer2.5.conv2,0.05363964976366523,0.00028554244892115737,0.048054034041542716,0.034331115405538536,391
1,031_layer2.6.conv1,0.054445820677158474,0.0001969266917881034,0.04984114417774856,0.03760675144356422,391
1,032_layer2.6.conv2,0.05449688502246766,0.0001835917165506815,0.05340698739757751,0.03727564091291729,391
1,033_layer2.7.conv1,0.08196977841312927,0.0005000555976537114,0.03858592571652568,0.027575370549880306,391
1,034_layer2.7.conv2,0.07309638163851351,0.00030685389104568184,0.04178992959918142,0.03140742064423222,391
1,035_layer2.8.conv1,0.08099128981418621,0.00035317062868795053,0.040511355582771164,0.03099122236497409,391
1,036_layer2.8.conv2,0.07399712512483987,0.00031554191890611344,0.05038351681058282,0.03419063595808393,391
1,037_layer3.0.conv1,0.12885208660379396,0.0008262295781575023,0.035122835341405874,0.02686539771758906,391
1,038_layer3.0.conv2,0.13837715787122318,0.0006287326873913486,0.031512083382202974,0.024014299987170935,391
1,039_layer3.1.conv1,0.08989768463860998,0.0005165221313774958,0.04012854080997444,0.027118569456106207,391
1,040_layer3.1.conv2,0.08913889945582355,0.0005980438622233009,0.04117687463657954,0.030218709175813294,391
1,041_layer3.2.conv1,0.09385827480031707,0.00033266859802064813,0.03200259823955761,0.02477718036600368,391
1,042_layer3.2.conv2,0.09198720131040838,0.00039778043589382486,0.028954146727633752,0.02271604750606277,391
1,043_layer3.3.conv1,0.09840962971987018,0.0006323667635838876,0.03956090677868994,0.029587837865205056,391
1,044_layer3.3.conv2,0.09703371380372426,0.000772125877793569,0.04757219455607594,0.035542661645035306,391
1,045_layer3.4.conv1,0.1027373191721909,0.0004822665187054903,0.052092322510301076,0.037616377542298615,391
1,046_layer3.4.conv2,0.08997675155282325,0.0003418067834159832,0.03144159613025632,0.023742404961072057,391
1,047_layer3.5.conv1,0.0760636684553855,0.00029455792587489843,0.03574460708783181,0.025546350972916614,391
1,048_layer3.5.conv2,0.06693869389955649,0.0002255524745661897,0.03789700802789717,0.028653023663034457,391
1,049_layer3.6.conv1,0.09655171744239605,0.0004481938957547893,0.0464149584424709,0.031214557925218846,391
1,050_layer3.6.conv2,0.09024613524984826,0.0003950152085489128,0.03613240978694843,0.026663882083444956,391
1,051_layer3.7.conv1,0.23424803772393396,0.001861443390544025,0.03188259727516583,0.02572087730141534,391
1,052_layer3.7.conv2,0.20707132532011213,0.0009535997505474986,0.04025175310462169,0.028974552998325864,391
1,053_layer3.8.conv1,0.19310502721296857,0.0010839166075500214,0.041851231753544035,0.03281967026192673,391
1,054_layer3.8.conv2,0.16586266278915698,0.0006929135588543585,0.04022202639759559,0.030471514213868664,391
2,000_conv1,0.13890388132551748,0.0036835923335186947,0.22639062873842886,0.12051521991394576,391
2,001_layer1.0.conv1,0.06524636947056826,0.0006612296055340996,0.07400035876908961,0.048127266996275474,391
2,002_layer1.0.conv2,0.05287040691451191,0.00026366901818568973,0.0648041725604702,0.0428909416334282,391
2,003_layer1.1.conv1,0.020532183644488035,4.015515269283933e-05,0.07287821141140097,0.053839762831967036,391
2,004_layer1.1.conv2,0.02235983198513384,3.1893133555495074e-05,0.07318834017392348,0.05270781666923251,391
2,005_layer1.2.conv1,0.014961924260991919,3.1016340513153945e-05,0.05881506865949176,0.043082364088061834,391
2,006_layer1.2.conv2,0.023406691037004105,8.541391138273025e-05,0.08697615141454546,0.0516374202968397,391
2,007_layer1.3.conv1,0.020384897454105832,4.6442894376538216e-05,0.06859628158568493,0.04936505265533122,391
2,008_layer1.3.conv2,0.015833653219025152,0.00016962248255959636,0.04456393787528967,0.03432128075942667,391
2,009_layer1.4.conv1,0.028622829514886716,0.00013507434986887292,0.07235262898662452,0.04875015194972618,391
2,010_layer1.4.conv2,0.03657046128588412,0.0001652733725521923,0.09566032483067234,0.05604591600583838,391
2,011_layer1.5.conv1,0.0687035983833282,0.00060046763151274,0.0784643532149583,0.05248238603291906,391
2,012_layer1.5.conv2,0.03773697266769607,0.00020702185757244312,0.09615463952449343,0.052606334750768424,391
2,013_layer1.6.conv1,0.026115167354855237,9.38821206138029e-05,0.06571258287432472,0.04248624502980813,391
2,014_layer1.6.conv2,0.030220753317960845,0.00012401925018248894,0.058039120778263086,0.045170971362111054,391
2,015_layer1.7.conv1,0.01805095709241031,4.9252427619906995e-05,0.06368720464636464,0.042284773054083756,391
2,016_layer1.7.conv2,0.020038119133780983,3.7909292492112865e-05,0.08384201239317443,0.05532621031747353,391
2,017_layer1.8.conv1,0.03428029684383241,0.0001180988378121459,0.06397351657253002,0.04160345841495304,391
2,018_layer1.8.conv2,0.030615684064224248,6.28765641050126e-05,0.06615698018231575,0.045965451123217586,391
2,019_layer2.0.conv1,0.019653806412864065,1.914119935023345e-05,0.04802789669851047,0.0345111845657085,391
2,020_layer2.0.conv2,0.02679219985347422,5.2910517843548946e-05,0.045929152790214804,0.03135713211730667,391
2,021_layer2.1.conv1,0.04903973226466447,0.0001989273069439258,0.04585245156847153,0.033415467865684244,391
2,022_layer2.1.conv2,0.06035919257861269,0.00025704596809960527,0.043775511662820545,0.03374612251653279,391
2,023_layer2.2.conv1,0.06976979750844524,0.0004278993383397805,0.05194891788049951,0.03716673805826909,391
2,024_layer2.2.conv2,0.06956465122149423,0.0005142388422616096,0.04299039941508589,0.03166861562911708,391
2,025_layer2.3.conv1,0.044177269415401135,0.00046989171700281417,0.048906560075464366,0.03552296309298693,391
2,026_layer2.3.conv2,0.046804875345028876,0.0003356255272979878,0.0578651174513922,0.040192813820959565,391
2,027_layer2.4.conv1,0.03125288677127922,0.00041757347345685843,0.06793491411165532,0.048440701715379245,391
2,028_layer2.4.conv2,0.03628349993044458,0.0002377448943480518,0.05640276000761162,0.041017707124062816,391
2,029_layer2.5.conv1,0.07425926638114483,0.0005430156778308617,0.03258860976781513,0.025949401170125817,391
2,030_layer2.5.conv2,0.06592441623663658,0.00041775164956666354,0.044094574264434416,0.03303226112594124,391
2,031_layer2.6.conv1,0.06966247904064406,0.0003626110445842986,0.03871004244392028,0.03174952923960272,391
2,032_layer2.6.conv2,0.06345605649187437,0.00027100108842730876,0.04391343011144165,0.033087072960500924,391
2,033_layer2.7.conv1,0.08610996071373106,0.001007994273969504,0.03821819614476252,0.029371694297999254,391
2,034_layer2.7.conv2,0.08239119743828273,0.000498460336026095,0.04605436848618401,0.03288907771956091,391
2,035_layer2.8.conv1,0.0920442187553629,0.0007111895537628143,0.0466433919107081,0.03480996394274669,391
2,036_layer2.8.conv2,0.08268651197595364,0.000303313473919542,0.045396350344908874,0.034787247589960414,391
2,037_layer3.0.conv1,0.13917328779349852,0.0005198886637735323,0.031660822346061664,0.02503819903434062,391
2,038_layer3.0.conv2,0.17425733966671902,0.0006136710847883704,0.027355754412120403,0.020382874735287045,391
2,039_layer3.1.conv1,0.1084369489794497,0.0004074604879116296,0.03371989417560388,0.024046798739964778,391
2,040_layer3.1.conv2,0.1072312584694694,0.00043891069771513115,0.03163036285693992,0.02377615159039381,391
2,041_layer3.2.conv1,0.10766625707335484,0.0002692071132339678,0.03649103216147479,0.027437950641066498,391
2,042_layer3.2.conv2,0.1109447547465639,0.0003002950574730566,0.026505169501654532,0.019432183617380774,391
2,043_layer3.3.conv1,0.12096223358989067,0.0003562571221501151,0.03380656274074056,0.024917999027124008,391
2,044_layer3.3.conv2,0.1167142648449944,0.00032798313246298026,0.03302877660706172,0.024905913259582704,391
2,045_layer3.4.conv1,0.12014650120912,0.0003074918179213574,0.04226562873195794,0.03062673833166648,391
2,046_layer3.4.conv2,0.11026680732474607,0.0002793261535566395,0.031398452193461525,0.02332084254080305,391
2,047_layer3.5.conv1,0.08972677579887993,0.00019534366302429058,0.0293147319181905,0.02215921902468344,391
2,048_layer3.5.conv2,0.08098878731469975,0.00019726552842114307,0.028320036094232365,0.020753578349923838,391
2,049_layer3.6.conv1,0.10633824830469878,0.0002354041868505071,0.03832407004792122,0.027237406803481905,391
2,050_layer3.6.conv2,0.10364655229975195,0.00023505134865483591,0.02576485929584614,0.01876285532665814,391
2,051_layer3.7.conv1,0.26144335401789914,0.0008427383235610764,0.016927471802541044,0.013212278156723678,391
2,052_layer3.7.conv2,0.2391647250984636,0.0005776881019781549,0.03564686798344693,0.024735225067558653,391
2,053_layer3.8.conv1,0.22898241572672753,0.0007015160189031838,0.028492120914863864,0.021110577235436228,391
2,054_layer3.8.conv2,0.18747361941868082,0.0005516240426675367,0.028888604337270037,0.022726023548952177,391
3,000_conv1,0.13828689549737574,0.0024171020329580746,0.20701543192210659,0.1266907376977164,391
3,001_layer1.0.conv1,0.0790954926206023,0.000909381704037926,0.05975023466263614,0.04150134572788493,391
3,002_layer1.0.conv2,0.056971334645053,0.00017032149393952532,0.062315257268992334,0.044703824865513525,391
3,003_layer1.1.conv1,0.02379303536546962,3.4832306284649276e-05,0.06681829976669945,0.047482933074165186,391
3,004_layer1.1.conv2,0.022323089153946513,2.322260643116726e-05,0.06672663927403376,0.04626572277001858,391
3,005_layer1.2.conv1,0.015825076976700513,1.7726527121102815e-05,0.05686523861792463,0.042560003738211685,391
3,006_layer1.2.conv2,0.0232076945231127,4.932238086818538e-05,0.0709627072893731,0.047861270277493394,391
3,007_layer1.3.conv1,0.019490711219475397,2.5930594348107477e-05,0.06268659970150543,0.04351466888207218,391
3,008_layer1.3.conv2,0.013945468039254246,6.861431172052639e-06,0.05156564411891522,0.03616242405683295,391
3,009_layer1.4.conv1,0.032377382323546026,0.00012999907867024176,0.06608261364366477,0.04417585452451466,391
3,010_layer1.4.conv2,0.03445251667610062,7.888067556118005e-05,0.08776128522137983,0.06161203362180966,391
3,011_layer1.5.conv1,0.05960350934787632,0.0003328803738837749,0.06505546904966364,0.046155028314989695,391
3,012_layer1.5.conv2,0.03366036608796138,0.0001090323627953348,0.08582038546824837,0.049915907150437505,391
3,013_layer1.6.conv1,0.022879859496889365,3.853606506943035e-05,0.06409080186025108,0.0466039835271867,391
3,014_layer1.6.conv2,0.025572658978555055,7.327032417041681e-05,0.062193702318859845,0.04403876833651192,391
3,015_layer1.7.conv1,0.017189902789376276,2.098511126634022e-05,0.06618361618841583,0.04500608799516447,391
3,016_layer1.7.conv2,0.017727692666299203,2.0405891324411284e-05,0.08058585692866993,0.05274202245204016,391
3,017_layer1.8.conv1,0.027938043146067872,4.746037480236258e-05,0.06564274959120371,0.0466960449163869,391
3,018_layer1.8.conv2,0.027555277604428705,3.534926260110097e-05,0.06354897054076186,0.042932164857360025,391
3,019_layer2.0.conv1,0.020578701870844644,1.4750148535721814e-05,0.04217909139392259,0.03235334803080975,391
3,020_layer2.0.conv2,0.029603296433530196,3.337553331940392e-05,0.04698196897948677,0.033698517811050356,391
3,021_layer2.1.conv1,0.04878787582506761,0.00012442744410376275,0.04239257240251647,0.029836015700948616,391
3,022_layer2.1.conv2,0.05843875962107078,0.00015906927914665888,0.04705037526033647,0.03322698555222737,391
3,023_layer2.2.conv1,0.07009440077387769,0.00016675269222170622,0.04748726463215688,0.03543770783356192,391
3,024_layer2.2.conv2,0.06911175493198587,0.00019611477985520456,0.04389113996507954,0.031377668237977836,391
3,025_layer2.3.conv1,0.05166160462952941,0.00010525872973206687,0.03700070562651125,0.02787080501787975,391
3,026_layer2.3.conv2,0.0535385086846626,0.00013612858478348434,0.053789678148215496,0.03915323746157511,391
3,027_layer2.4.conv1,0.03073394297600707,3.4143985536170944e-05,0.04589547199001947,0.036020432226378976,391
3,028_layer2.4.conv2,0.038640117177458674,8.027495818677794e-05,0.050234913649653795,0.03679176724459723,391
3,029_layer2.5.conv1,0.07518681125415255,0.00018941292676302734,0.03661726068782658,0.0287224465016462,391
3,030_layer2.5.conv2,0.06529325156298744,0.00015649440216057662,0.04353580019263754,0.030656872316672027,391
3,031_layer2.6.conv1,0.07744455238437409,0.00015726626314697262,0.0371577567685607,0.02801075725756178,391
3,032_layer2.6.conv2,0.0747493469177762,0.0001635249086356077,0.041259047176401296,0.030902959355248536,391
3,033_layer2.7.conv1,0.09020444292508428,0.00024181083912485322,0.04181930918188151,0.030597610230031286,391
3,034_layer2.7.conv2,0.08883626624713163,0.00020202593216629185,0.042773351638259,0.03164251928787825,391
3,035_layer2.8.conv1,0.10443448141941329,0.000286386230009714,0.04244070187312044,0.03189915159415218,391
3,036_layer2.8.conv2,0.09263780945554718,0.000208738556028017,0.041133514678929256,0.02942793216661368,391
3,037_layer3.0.conv1,0.16420933156443374,0.0004063324233651612,0.03045031552395896,0.022552229627173296,391
3,038_layer3.0.conv2,0.2079602483364627,0.0004716808605180478,0.020170666954151744,0.01622974444397504,391
3,039_layer3.1.conv1,0.12339013531003766,0.00031623232722753115,0.026767297532148016,0.020036155415857917,391
3,040_layer3.1.conv2,0.12250555981226895,0.00032364552110183444,0.027390143188857533,0.020233210123238487,391
3,041_layer3.2.conv1,0.10944241830302626,0.00019056525165023902,0.026527803079473174,0.020471022686655987,391
3,042_layer3.2.conv2,0.11266364452555357,0.0002011328365978584,0.026271446812206542,0.019999897072806604,391
3,043_layer3.3.conv1,0.125725765457696,0.00021968490468985552,0.026038258507311264,0.01932096196347698,391
3,044_layer3.3.conv2,0.12316672084733958,0.00023201008245294676,0.02943724136458069,0.02250997389478434,391
3,045_layer3.4.conv1,0.1300972738991613,0.00024039405816609835,0.03588721453417603,0.027641401639066435,391
3,046_layer3.4.conv2,0.11932299038409577,0.00019222082740641237,0.025887383394963583,0.02069119709863226,391
3,047_layer3.5.conv1,0.09407137919341207,0.0001184631074017204,0.02430227569297726,0.018252327429632863,391
3,048_layer3.5.conv2,0.08463448403245957,0.0002326726098435053,0.02743904987696077,0.020283332808291348,391
3,049_layer3.6.conv1,0.11950738577510389,0.0002396303013017121,0.033280894025284,0.025340660278569238,391
3,050_layer3.6.conv2,0.11402423626474102,0.00021868534225774963,0.02448090471890326,0.01781811002670136,391
3,051_layer3.7.conv1,0.27274632339587296,0.0008035130269378604,0.01593425828535744,0.011393708828315058,391
3,052_layer3.7.conv2,0.25186108151817566,0.0005293630384780867,0.030217393575880765,0.023256709344972922,391
3,053_layer3.8.conv1,0.2439998617714933,0.0006313585769201907,0.025463040414637865,0.018961729495712173,391
3,054_layer3.8.conv2,0.19317259031640904,0.0005143538223981933,0.026898514625336573,0.020712391715377386,391
4,000_conv1,0.16937350561780393,0.005176986912789321,0.19521386280243197,0.1168799173503385,391
4,001_layer1.0.conv1,0.11248724546540728,0.002266265475085948,0.05461457025603173,0.03696296042211039,391
4,002_layer1.0.conv2,0.06289577698501785,0.00019778237163197224,0.052344771824991164,0.03824729505857578,391
4,003_layer1.1.conv1,0.035450146847959524,0.00011058538301838053,0.05292654779347856,0.03954862522221089,391
4,004_layer1.1.conv2,0.027422210773276855,3.5199326837107806e-05,0.06259438561479477,0.04292318165794661,391
4,005_layer1.2.conv1,0.019649558595817566,4.7316166863650005e-05,0.05008399452292643,0.03672747372491997,391
4,006_layer1.2.conv2,0.02399059090420337,6.584466164972905e-05,0.06720262679581493,0.04760445325032696,391
4,007_layer1.3.conv1,0.021467544612429484,3.230272890757135e-05,0.060093975003060934,0.04359505186062856,391
4,008_layer1.3.conv2,0.02015903243399642,5.4531625414885106e-05,0.04948773473614941,0.03682843936967129,391
4,009_layer1.4.conv1,0.028126012843550013,7.929730889317177e-05,0.052689253652999486,0.03633863353856953,391
4,010_layer1.4.conv2,0.030890318438829972,6.05906796662597e-05,0.09512229915551991,0.06830955916266862,391
4,011_layer1.5.conv1,0.05604108085717691,0.0002484827311386088,0.060126198960616745,0.04402280602391913,391
4,012_layer1.5.conv2,0.03203876805789483,7.058298066914964e-05,0.08311178225308152,0.050146774346960285,391
4,013_layer1.6.conv1,0.02625424285774188,4.6065324215162286e-05,0.06953005524295772,0.05013819109350476,391
4,014_layer1.6.conv2,0.027567535831743036,0.00011092279498416482,0.060611652376466686,0.04293170256747229,391
4,015_layer1.7.conv1,0.023805004973297992,4.481025234715093e-05,0.055849180879106564,0.03892563423767849,391
4,016_layer1.7.conv2,0.022306936264247693,3.194668657702541e-05,0.07362792760834468,0.04904503630898738,391
4,017_layer1.8.conv1,0.029032314529694864,4.559700349231644e-05,0.06370065905756074,0.04390851811620186,391
4,018_layer1.8.conv2,0.029054090385432437,3.439565239497463e-05,0.05804673865091537,0.042190332011778554,391
4,019_layer2.0.conv1,0.02157074605564937,1.435003796209825e-05,0.04094854083860017,0.03317341730308605,391
4,020_layer2.0.conv2,0.03147762147781184,3.646402204664375e-05,0.04769422575595866,0.03398475174658814,391
4,021_layer2.1.conv1,0.05072903427321588,0.00010776976420477213,0.034634367099644105,0.024396808200575208,391
4,022_layer2.1.conv2,0.05793091448028679,0.0001465807798996764,0.0491647755973103,0.03653514176273815,391
4,023_layer2.2.conv1,0.07116255187965415,0.0001681376471066396,0.04266282220748003,0.03189350648520211,391
4,024_layer2.2.conv2,0.07053732827229572,0.0002039806310744803,0.048288917430397614,0.03661027639496909,391
4,025_layer2.3.conv1,0.05519098897114434,0.00017643827453007457,0.04090679670217932,0.032582808602635606,391
4,026_layer2.3.conv2,0.054377692806370115,0.00016107389892837994,0.0486125995264263,0.036386949268047655,391
4,027_layer2.4.conv1,0.034767241314853856,9.632900410199178e-05,0.05751802516773695,0.04271976322758555,391
4,028_layer2.4.conv2,0.040605144294174125,0.0001189939995541755,0.05133737933338799,0.03684547762384954,391
4,029_layer2.5.conv1,0.07247472567783902,0.0002660377043638123,0.037284208319286576,0.028483479689329124,391
4,030_layer2.5.conv2,0.0657727095629553,0.0002908877563340259,0.04411518684727714,0.03289043934090118,391
4,031_layer2.6.conv1,0.08006902947983778,0.00016767424731558428,0.037120366462638214,0.028138678001126027,391
4,032_layer2.6.conv2,0.07436199894989542,0.00016018157189560088,0.04138834348662704,0.029818156417767472,391
4,033_layer2.7.conv1,0.0998255531196399,0.0002749652376087819,0.04342873338935212,0.0321826167424327,391
4,034_layer2.7.conv2,0.09912656642058316,0.0002480639827554341,0.039398945218408116,0.03017936022558803,391
4,035_layer2.8.conv1,0.1105289589947142,0.00036960489526132075,0.05186553889347161,0.03725640076663162,391
4,036_layer2.8.conv2,0.09625735002405503,0.00024294808329012457,0.039418451106086085,0.028079751019762025,391
4,037_layer3.0.conv1,0.19209762576900785,0.0006184567547103254,0.0274634877973965,0.020720040629905158,391
4,038_layer3.0.conv2,0.2386595048486729,0.0006169747307713386,0.016769769772629835,0.012132649686441068,391
4,039_layer3.1.conv1,0.13838364867984182,0.0005019327789041288,0.02664343878148806,0.01914405211273581,391
4,040_layer3.1.conv2,0.14049674235189052,0.0005121781462395052,0.02729067059300478,0.021429838621521,391
4,041_layer3.2.conv1,0.11934707210877972,0.00024320049381545798,0.026138949260419167,0.018551580953913682,391
4,042_layer3.2.conv2,0.1183061671950628,0.00022959100725943211,0.025503001299493497,0.01865384900985874,391
4,043_layer3.3.conv1,0.1291821326517388,0.0002637527626417023,0.026000199565684626,0.019558870152662836,391
4,044_layer3.3.conv2,0.12406515162390516,0.00023644362720681364,0.03097006907029559,0.022005145588117683,391
4,045_layer3.4.conv1,0.13982322661544355,0.0002722941632461312,0.03492030084339778,0.02649642707634325,391
4,046_layer3.4.conv2,0.13120716680651126,0.00022395646472962022,0.025148242117523034,0.019209053595676758,391
4,047_layer3.5.conv1,0.09840643123897445,0.0001362399621651477,0.026150230711879496,0.018541703626886338,391
4,048_layer3.5.conv2,0.08812376743425494,0.00012943674615829327,0.028603337526976733,0.02088777668450542,391
4,049_layer3.6.conv1,0.127953889367678,0.00022998350852533947,0.0356210769339231,0.025585125325886325,391
4,050_layer3.6.conv2,0.12364360026996155,0.00022221935717704755,0.023094345667690357,0.01615127858531887,391
4,051_layer3.7.conv1,0.2732007230258049,0.0005745341716102276,0.01549641740954016,0.011268884534396405,391
4,052_layer3.7.conv2,0.2562789670417986,0.000464247250233904,0.027188286566349845,0.019421351684381118,391
4,053_layer3.8.conv1,0.2580993509353579,0.0006836694547443511,0.02432440808592023,0.01879354361469188,391
4,054_layer3.8.conv2,0.20084728601643498,0.00046518317207464716,0.026360501621785375,0.020376420796576852,391
5,000_conv1,0.20546173178555105,0.010713760536046377,0.17548828252071344,0.10513816537068443,391
5,001_layer1.0.conv1,0.1340196484799885,0.002897914386758512,0.047258213428450546,0.034332445198956556,391
5,002_layer1.0.conv2,0.06913951649080458,0.0002837014152553734,0.0632493238553138,0.04352638740858659,391
5,003_layer1.1.conv1,0.04864346777634395,0.00021144975390671294,0.046216974255379975,0.034302826980822265,391
5,004_layer1.1.conv2,0.031872916866636944,4.8852133456595004e-05,0.06533415114645229,0.047199550902164385,391
5,005_layer1.2.conv1,0.02369710231852501,4.421552344401644e-05,0.04853244316387538,0.033575107638616535,391
5,006_layer1.2.conv2,0.02838316379719988,8.090819273755148e-05,0.06970598980168993,0.04599516912213561,391
5,007_layer1.3.conv1,0.021817168023180015,2.71754550371913e-05,0.06120233531408285,0.04369286150017917,391
5,008_layer1.3.conv2,0.021591917664060354,5.4108994318007194e-05,0.052401634136690044,0.035846592064928594,391
5,009_layer1.4.conv1,0.028744982172022846,6.052425368277016e-05,0.046966059940078755,0.03501007649775072,391
5,010_layer1.4.conv2,0.029490971790097863,5.392635286455077e-05,0.08931108552167508,0.06255665936711438,391
5,011_layer1.5.conv1,0.054247752622798885,0.0001666815292429495,0.06098115228152538,0.044250187350746754,391
5,012_layer1.5.conv2,0.033620271207693286,7.190751183456731e-05,0.0701684747025242,0.0502767318193562,391
5,013_layer1.6.conv1,0.02851618932145636,6.959709981509544e-05,0.0733429827598271,0.05247028576961182,391
5,014_layer1.6.conv2,0.027497775049980185,5.1363698899013223e-05,0.05156799073528979,0.03720321153250852,391
5,015_layer1.7.conv1,0.027412044568001614,4.153483586040831e-05,0.06594693413197213,0.044766398167442406,391
5,016_layer1.7.conv2,0.023368451551384176,2.8217087206379465e-05,0.0651430989851725,0.04500339325973775,391
5,017_layer1.8.conv1,0.03212419310417931,6.65548262882194e-05,0.07557143600229733,0.05122433964991406,391
5,018_layer1.8.conv2,0.028945115406799803,3.6429381197388474e-05,0.05760015453462212,0.04173942224351925,391
5,019_layer2.0.conv1,0.026227870141453755,2.1203077021481227e-05,0.04025789833149177,0.03003023281596678,391
5,020_layer2.0.conv2,0.03701206705416255,5.510868937291151e-05,0.046352203660703396,0.033578386765051496,391
5,021_layer2.1.conv1,0.05276580413570032,0.00013288017083522416,0.035029639361472735,0.027032066226744592,391
5,022_layer2.1.conv2,0.05922956745642835,0.00016562288609480976,0.047142114450522674,0.03466979647050158,391
5,023_layer2.2.conv1,0.073509510377865,0.00020157255692937037,0.04185235749158557,0.030648234470994257,391
5,024_layer2.2.conv2,0.07342730634047857,0.0002140021924676395,0.04543616378091394,0.03363607481178891,391
5,025_layer2.3.conv1,0.06335180691059898,0.00018577002384960288,0.031914828709814824,0.023486310822292546,391
5,026_layer2.3.conv2,0.05853825156836558,0.000153487600117718,0.04755856660651722,0.037678011179612475,391
5,027_layer2.4.conv1,0.04061867297172089,0.00015767625167312314,0.051377634958470905,0.03837685077735533,391
5,028_layer2.4.conv2,0.04376526385583841,0.00015071431209215174,0.0499261592054176,0.038927128375235674,391
5,029_layer2.5.conv1,0.07656288519501686,0.00019615731264613877,0.03861424575637653,0.02818298852592321,391
5,030_layer2.5.conv2,0.06827652078988912,0.00015896962162644922,0.04075289138891652,0.030031785887638107,391
5,031_layer2.6.conv1,0.0764518440284235,0.00016940021673071508,0.039276708237445127,0.029711265689400294,391
5,032_layer2.6.conv2,0.07355688917248146,0.00018797269815311237,0.04636962198035066,0.034230307226238994,391
5,033_layer2.7.conv1,0.09595066346132847,0.000243412522471724,0.037565253845922464,0.02909878971104355,391
5,034_layer2.7.conv2,0.0997167392383756,0.00025086514184638996,0.03786038520691298,0.02898085606002906,391
5,035_layer2.8.conv1,0.12231969715231825,0.0003633656329732199,0.05761785271393387,0.03985101483481126,391
5,036_layer2.8.conv2,0.11063541544367896,0.0002365766913992682,0.03500077055114836,0.02644283001734805,391
5,037_layer3.0.conv1,0.21730243416545947,0.0006801364226433973,0.024632989144039965,0.017237955323737383,391
5,038_layer3.0.conv2,0.2624280004550124,0.0006373063705963355,0.014186893310293656,0.010805372442815373,391
5,039_layer3.1.conv1,0.15046802824339295,0.0005336847509663269,0.024820341901308392,0.0192257407433983,391
5,040_layer3.1.conv2,0.1510271163814513,0.0005855898794898395,0.02483658323633609,0.018382962472157104,391
5,041_layer3.2.conv1,0.13155701882241633,0.00027030291168814863,0.03006467306730211,0.02168746841873617,391
5,042_layer3.2.conv2,0.1301099968040386,0.0002508052386827296,0.026007347494450724,0.01867566299914768,391
5,043_layer3.3.conv1,0.13451540308154147,0.00032636759066592344,0.030159386950008225,0.021263003688575918,391
5,044_layer3.3.conv2,0.13003363302144247,0.0003647573923256861,0.02952072443868554,0.021328262961125166,391
5,045_layer3.4.conv1,0.14492456576860774,0.00024112973957834266,0.028782911317822995,0.022778357756878587,391
5,046_layer3.4.conv2,0.13825343659771677,0.00020065975691411705,0.02463015395540173,0.018431731367189563,391
5,047_layer3.5.conv1,0.09909330937258727,0.00013725338492947062,0.028345593107359818,0.020880442556324312,391
5,048_layer3.5.conv2,0.08927891858855781,0.00012184837071918357,0.027440099137635125,0.019692207556863375,391
5,049_layer3.6.conv1,0.14016658980447008,0.0002574446870392891,0.0327068194285106,0.024407171524922732,391
5,050_layer3.6.conv2,0.13173837658694332,0.00023485828522864724,0.0241817863600905,0.017019945152712886,391
5,051_layer3.7.conv1,0.27200555458398123,0.0005625317367453642,0.016386517938120765,0.011553750326916775,391
5,052_layer3.7.conv2,0.25378145670037133,0.00046858889193825137,0.025597115865884056,0.02179635168999242,391
5,053_layer3.8.conv1,0.2708293303961644,0.0006403516861682862,0.025357254201990236,0.020535508382877068,391
5,054_layer3.8.conv2,0.20483659950973432,0.0004612289533444669,0.024288862214192672,0.018581908932519365,391
6,000_conv1,0.2182252425557512,0.015139333444271333,0.1796647821591534,0.1025142116156598,391
6,001_layer1.0.conv1,0.1391249294857235,0.003708762143600188,0.04625387418532239,0.03310380370897017,391
6,002_layer1.0.conv2,0.07337192594623931,0.00033499962503254384,0.0689763265595165,0.04604398419886328,391
6,003_layer1.1.conv1,0.0622190932893311,0.0004912046367489013,0.04455180929067409,0.033539383848486634,391
6,004_layer1.1.conv2,0.03491350064706772,8.029075323861862e-05,0.055086131123831865,0.0447384509540584,391
6,005_layer1.2.conv1,0.02647005043723775,0.00014808620874037597,0.05029243318987189,0.03675338902929639,391
6,006_layer1.2.conv2,0.028459145649410118,0.00010325940376570075,0.06850883991615621,0.044050880248868295,391
6,007_layer1.3.conv1,0.022183119367017314,0.00029155986700647924,0.05486803969768498,0.0381359536495088,391
6,008_layer1.3.conv2,0.020069589573994774,9.326715489615521e-05,0.057111743308701717,0.04138827589285648,391
6,009_layer1.4.conv1,0.02300908672801979,0.0019301617670187616,0.048621183271510014,0.034788368962503396,391
6,010_layer1.4.conv2,0.02563228994569815,0.0001559356073897013,0.09523690352639708,0.0653929889039498,391
6,011_layer1.5.conv1,0.053086480406848977,0.0001948308735702669,0.06524580313663786,0.05048213896560445,391
6,012_layer1.5.conv2,0.033187347276093404,0.00011596292973644739,0.07153297837547032,0.0464830594453192,391
6,013_layer1.6.conv1,0.026480264123291006,9.729387675253378e-05,0.07001452550710038,0.0509762584390505,391
6,014_layer1.6.conv2,0.025801674541457535,5.3928087858909454e-05,0.056413517135646206,0.04294144265507419,391
6,015_layer1.7.conv1,0.0262010057773584,0.0001932693182461223,0.07515070134378939,0.050011457412698225,391
6,016_layer1.7.conv2,0.023075477060530803,3.34662487940521e-05,0.05120498742705778,0.03654499356638844,391
6,017_layer1.8.conv1,0.03579625895108713,0.00013820789914230445,0.0773009509209197,0.0492472445062396,391
6,018_layer1.8.conv2,0.03199446407596931,5.666869561655238e-05,0.0676820272727318,0.047688155533812365,391
6,019_layer2.0.conv1,0.03335178915001547,5.3434293436681844e-05,0.041371012697099946,0.03023630647051896,391
6,020_layer2.0.conv2,0.0418707989823178,0.00012948963028182217,0.04562078300509048,0.03256980961783391,391
6,021_layer2.1.conv1,0.05346618134461705,0.00017714961030010313,0.03300578247200161,0.0259548146685975,391
6,022_layer2.1.conv2,0.05640468826455533,0.00014504568032341339,0.03733534073962754,0.028463988544915574,391
6,023_layer2.2.conv1,0.06714343610207749,0.00018039991270812385,0.040108936007741514,0.030126229139794763,391
6,024_layer2.2.conv2,0.0681320647887714,0.00019085313819444324,0.038234587649491295,0.0262422530813502,391
6,025_layer2.3.conv1,0.06013210297888502,0.00016851261351113166,0.035121892051532495,0.026898898861285936,391
6,026_layer2.3.conv2,0.05767484700969418,0.00024374075454352846,0.05417150025740695,0.039899191345129544,391
6,027_layer2.4.conv1,0.04306931000517305,0.0003693748204424336,0.050071187345209815,0.04092246954147651,391
6,028_layer2.4.conv2,0.04367371296981716,0.00046199922784436885,0.046549908581750746,0.03602414528662031,391
6,029_layer2.5.conv1,0.07800206030383135,0.0005766239397197335,0.0442768877870558,0.033270112399401953,391
6,030_layer2.5.conv2,0.07079553828977259,0.0007730084907882065,0.04207578259320376,0.03222937272165573,391
6,031_layer2.6.conv1,0.07719176755193859,0.0008943830001592783,0.036099166744594076,0.027629376574146797,391
6,032_layer2.6.conv2,0.07382764474815115,0.0007757599588304421,0.04791288342709621,0.03812509538601069,391
6,033_layer2.7.conv1,0.10115695235979222,0.0010280878930711782,0.03588991827966259,0.026873680273516214,391
6,034_layer2.7.conv2,0.10339232303602311,0.0008227629204919148,0.0383233850417823,0.030702285941272656,391
6,035_layer2.8.conv1,0.12622507815928105,0.0018471589952388477,0.05400932057800255,0.038847926060611576,391
6,036_layer2.8.conv2,0.11541001466305359,0.0009194350676212659,0.035667647866023375,0.026301246050886403,391
6,037_layer3.0.conv1,0.23341568793787065,0.000989926903669669,0.023440891474759612,0.01716987293430908,391
6,038_layer3.0.conv2,0.2748773162779601,0.0007219688845728628,0.014509671857129322,0.011099090581988795,391
6,039_layer3.1.conv1,0.14596739927749805,0.0005727619915482929,0.02338165280797258,0.017922915710987853,391
6,040_layer3.1.conv2,0.14610126361136547,0.00048459264747980485,0.027059248508540315,0.019200021667832516,391
6,041_layer3.2.conv1,0.14318572045744532,0.0003004553760318704,0.029384431613618426,0.023133509690384146,391
6,042_layer3.2.conv2,0.1389961813378822,0.00028062892488512833,0.024658023200179537,0.019222286465639508,391
6,043_layer3.3.conv1,0.12758654199750222,0.00021366481476179158,0.029682220033318003,0.021951692782178598,391
6,044_layer3.3.conv2,0.12400384879935428,0.0002085063600166994,0.027213605170035016,0.019910506420884617,391
6,045_layer3.4.conv1,0.15042696353953208,0.0003942801513877152,0.0287291341771037,0.02190844274308108,391
6,046_layer3.4.conv2,0.14122097329486666,0.0003191732253616346,0.02314818910996863,0.017353554520853798,391
6,047_layer3.5.conv1,0.10205441496103926,0.00018965148029582643,0.025239609646835113,0.01861394657757964,391
6,048_layer3.5.conv2,0.09119211627013238,0.00016131731079785383,0.026615397134141357,0.020313294108808187,391
6,049_layer3.6.conv1,0.14317734242247804,0.0003203814919215363,0.0317402731975132,0.024508433374913013,391
6,050_layer3.6.conv2,0.13502106628835658,0.00028011614425794973,0.02229814963068159,0.01706455268974536,391
6,051_layer3.7.conv1,0.26452194603965107,0.0005701246098511747,0.015443196196424546,0.011246661683996245,391
6,052_layer3.7.conv2,0.24770278493156822,0.0004969521748306727,0.02548900303156788,0.019535362775006056,391
6,053_layer3.8.conv1,0.27127680308221247,0.0007406605754324003,0.021713869105123663,0.01678752219924197,391
6,054_layer3.8.conv2,0.20534078753970164,0.0006041395801264157,0.023722763659822267,0.01720880232700033,391
7,000_conv1,0.18659329955535167,0.007429444842531455,0.16951371903133478,0.10822534414177125,391
7,001_layer1.0.conv1,0.1204901592677359,0.0033024518823825573,0.0514535226441129,0.034896668631557104,391
7,002_layer1.0.conv2,0.07524709513082224,0.00041018326571808615,0.06844283357956563,0.047941403672207755,391
7,003_layer1.1.conv1,0.06500601058687701,0.0006480029897083846,0.061523043970323446,0.0422255246112879,391
7,004_layer1.1.conv2,0.03868376486994269,0.00020291277199990993,0.05637102970636928,0.038976549841998706,391
7,005_layer1.2.conv1,0.02520513204176484,0.00026304766736484923,0.06500545497927124,0.04198116488510197,391
7,006_layer1.2.conv2,0.026613361054502637,0.00014114633263964454,0.059585842587079975,0.04362626236457687,391
7,007_layer1.3.conv1,0.020017269165124123,3.4539572962875105e-05,0.05127400497298824,0.03702076242823745,391
7,008_layer1.3.conv2,0.017057420695414934,1.3122454074186685e-05,0.05179917748826069,0.039506331257943936,391
7,009_layer1.4.conv1,0.020818316568251307,5.024833594648458e-05,0.054268760388116594,0.03694217953085674,391
7,010_layer1.4.conv2,0.024625043217997872,4.313094532322774e-05,0.09660745382970234,0.06207083447521631,391
7,011_layer1.5.conv1,0.052645029652568384,0.0001484839458773448,0.06877540981759826,0.05050896860506659,391
7,012_layer1.5.conv2,0.03588199320599399,7.07324829852913e-05,0.07038331051405324,0.045774272677261814,391
7,013_layer1.6.conv1,0.026943316061497496,6.448488234161445e-05,0.07464805640028063,0.0484307391115257,391
7,014_layer1.6.conv2,0.026249258886174777,4.745298333095683e-05,0.06207303628575562,0.045579441629002876,391
7,015_layer1.7.conv1,0.026810844786122175,4.00712980661317e-05,0.06291919050504115,0.04345313944513959,391
7,016_layer1.7.conv2,0.022724914855187964,2.0033805856257622e-05,0.04923055047469149,0.03570986747180025,391
7,017_layer1.8.conv1,0.036020994786639955,6.3339814770586e-05,0.06954992079624699,0.04678408379000288,391
7,018_layer1.8.conv2,0.03384237336780866,4.231560474863595e-05,0.06799221305624562,0.04882690201296691,391
7,019_layer2.0.conv1,0.0403287611006166,6.24785040641417e-05,0.043688622085709866,0.03244169738575868,391
7,020_layer2.0.conv2,0.046871233321821595,8.614714840084452e-05,0.049621744765504086,0.03509878745190235,391
7,021_layer2.1.conv1,0.05199955450966383,6.554473547103722e-05,0.03198032606559236,0.024332482557429647,391
7,022_layer2.1.conv2,0.055454531355815774,8.022866193253732e-05,0.04175160853336613,0.03113260818502205,391
7,023_layer2.2.conv1,0.06364898974328395,8.763509143772281e-05,0.0403599046160514,0.030318985535738092,391
7,024_layer2.2.conv2,0.0630050724577111,9.605842817795186e-05,0.04005331607794736,0.030946349983800255,391
7,025_layer2.3.conv1,0.057896903847032194,8.76976782174326e-05,0.03268403488412232,0.024376514296567967,391
7,026_layer2.3.conv2,0.0553369646810967,7.468664607350938e-05,0.04960007125273501,0.03638811848669244,391
7,027_layer2.4.conv1,0.04450665456254769,6.192175957306107e-05,0.04318604403162164,0.03239928150048281,391
7,028_layer2.4.conv2,0.043619078029032865,6.133632178694881e-05,0.041574799151786856,0.0315514657998619,391
7,029_layer2.5.conv1,0.08171887199401551,0.00022105229889651454,0.04885276351901515,0.03563535587708647,391
7,030_layer2.5.conv2,0.07391261662859136,0.00018134673403442936,0.04422288062318902,0.03213930555687524,391
7,031_layer2.6.conv1,0.0843816298677031,0.00014100836673438828,0.03527660913109068,0.026031168803964215,391
7,032_layer2.6.conv2,0.07651703219736933,0.00011343932613281163,0.04322220910904909,0.031664585327679844,391
7,033_layer2.7.conv1,0.0958516425488855,0.00014864958132906718,0.03451851558467817,0.02636799975732253,391
7,034_layer2.7.conv2,0.10032801379633072,0.0001754211548102274,0.03977019756952303,0.030902895762542484,391
7,035_layer2.8.conv1,0.1370306425463513,0.0004440623231703085,0.04525182748947631,0.03246324682728214,391
7,036_layer2.8.conv2,0.11979293026735106,0.00026903493540810473,0.03915839881778819,0.028805572115263037,391
7,037_layer3.0.conv1,0.23942741644961754,0.0007647038742828183,0.023566815508109733,0.018308180159867554,391
7,038_layer3.0.conv2,0.27535869870954155,0.0007629414532968615,0.014592169009159514,0.010852144707826066,391
7,039_layer3.1.conv1,0.15922070729077015,0.0004864907902394147,0.02287609165071507,0.017264174484382805,391
7,040_layer3.1.conv2,0.15280073692502877,0.0004662107239746978,0.025028175529343544,0.018419086038884324,391
7,041_layer3.2.conv1,0.1463148536355904,0.0003716902323709602,0.02999177479847518,0.021353044827053014,391
7,042_layer3.2.conv2,0.1416782509068699,0.0003385192259250311,0.022030003570004047,0.0165071372093313,391
7,043_layer3.3.conv1,0.14044510435951335,0.0003368105184172743,0.03212587321040166,0.024779432267209744,391
7,044_layer3.3.conv2,0.1340375654685223,0.00032900280916623934,0.02309227048899071,0.018195103335751826,391
7,045_layer3.4.conv1,0.1504340903533389,0.0003002657959662036,0.028703987839009616,0.021528695448709206,391
7,046_layer3.4.conv2,0.13974784194584697,0.0002404081592877333,0.02037966262706386,0.016187416055248316,391
7,047_layer3.5.conv1,0.10646747262276651,0.0002217743827520862,0.02829501928326607,0.022043292910740392,391
7,048_layer3.5.conv2,0.09758215736778801,0.0001921407899811156,0.023868468122912156,0.01863339237943104,391
7,049_layer3.6.conv1,0.1465309107166422,0.00036175974806126887,0.028051862454507352,0.021531018941650725,391
7,050_layer3.6.conv2,0.1366609093897483,0.00030337823955818577,0.022025265364086374,0.0159390603649742,391
7,051_layer3.7.conv1,0.26184961062563045,0.0006724090635496505,0.013360261627045926,0.010484496205618105,391
7,052_layer3.7.conv2,0.24150899883426363,0.0005143900731245793,0.02424267308711141,0.017745380065761176,391
7,053_layer3.8.conv1,0.26485511374747966,0.000699279934012087,0.019046345611426742,0.01491325049599093,391
7,054_layer3.8.conv2,0.19696916453063945,0.0004855307958759672,0.024732761883807023,0.019123107874002312,391
8,000_conv1,0.17977611650057765,0.006142792265292449,0.1552650773657493,0.10379211893443088,391
8,001_layer1.0.conv1,0.11739509650851454,0.0027182291889334114,0.04709510821231861,0.03079210560691144,391
8,002_layer1.0.conv2,0.07105403851784403,0.0003695234105071561,0.06510118854409584,0.04693288558148457,391
8,003_layer1.1.conv1,0.06320901729566666,0.0006598033571501762,0.06064206213476937,0.041949391653284596,391
8,004_layer1.1.conv2,0.03576171175693459,0.00011647215455113931,0.05415530047540808,0.03794312903651586,391
8,005_layer1.2.conv1,0.021052604741262047,0.00012258052722782347,0.06284145139861698,0.04427085915048902,391
8,006_layer1.2.conv2,0.021238208572139674,5.006155870620555e-05,0.0601731449596139,0.044723618807370975,391
8,007_layer1.3.conv1,0.021475618152552858,3.5527925042929396e-05,0.047879911079320076,0.03463520046839442,391
8,008_layer1.3.conv2,0.020160070510909837,2.8394413803321198e-05,0.05223647443085785,0.03775593501323786,391
8,009_layer1.4.conv1,0.0233258410235462,5.932696607823277e-05,0.052019789613180774,0.03714132454334601,391
8,010_layer1.4.conv2,0.024185098481395512,3.5587687364569244e-05,0.08984784242691328,0.0637405541493142,391
8,011_layer1.5.conv1,0.05030458002253566,0.00010299196691328184,0.06308560333471648,0.04669125064089753,391
8,012_layer1.5.conv2,0.03539532749339595,5.633720988294159e-05,0.0645925823970974,0.04497892913278719,391
8,013_layer1.6.conv1,0.0247874444426821,6.464445497396485e-05,0.0698871955090864,0.04708058969064944,391
8,014_layer1.6.conv2,0.024345782699773225,3.0589759036653004e-05,0.06254235628036191,0.04523324260786289,391
8,015_layer1.7.conv1,0.031006033853877842,4.4818136627673114e-05,0.05783686289938403,0.04194791101383314,391
8,016_layer1.7.conv2,0.025473386861498245,2.8221257539111063e-05,0.05296548892183544,0.037445690876954874,391
8,017_layer1.8.conv1,0.03718286343490529,9.003477361592361e-05,0.06268040295361671,0.04302971616790033,391
8,018_layer1.8.conv2,0.03467554657165047,5.63569092332304e-05,0.0718429770720813,0.05148622504710412,391
8,019_layer2.0.conv1,0.041778626063328876,6.243181395314181e-05,0.043682404618096644,0.033437047604293745,391
8,020_layer2.0.conv2,0.048130758173401705,8.42725435155232e-05,0.044955496395053224,0.03157280296652732,391
8,021_layer2.1.conv1,0.054011752814664256,7.931286877937462e-05,0.03066205825765922,0.024179258579308856,391
8,022_layer2.1.conv2,0.05737990627775107,8.625112481829011e-05,0.038529245325190295,0.02965749285062409,391
8,023_layer2.2.conv1,0.06292575915032031,9.403941998050325e-05,0.0415245751216117,0.031226740149134652,391
8,024_layer2.2.conv2,0.06352439890508457,0.00010997334442696977,0.04153479343251762,0.029786937529478932,391
8,025_layer2.3.conv1,0.06268684973802104,9.767019862997554e-05,0.03363291952619873,0.025549381693714495,391
8,026_layer2.3.conv2,0.05924255572392813,9.04525084923862e-05,0.05433543350928954,0.03854251905025108,391
8,027_layer2.4.conv1,0.04811910401238962,9.281434772281504e-05,0.04075843225653634,0.03089288172260379,391
8,028_layer2.4.conv2,0.04575524161881803,6.917287591158127e-05,0.0380909843499462,0.028207242315183335,391
8,029_layer2.5.conv1,0.07251474459457885,0.0001408488234106546,0.047742356284605034,0.03591004566102576,391
8,030_layer2.5.conv2,0.06705913831815695,0.00010751830330872104,0.04151909352246555,0.0309740273189208,391
8,031_layer2.6.conv1,0.08027056193984378,0.00010213148404103825,0.03444338801828727,0.027413443563263504,391
8,032_layer2.6.conv2,0.07505646415645509,9.745584688813924e-05,0.040784558768773,0.030301662211122297,391
8,033_layer2.7.conv1,0.09292695964769938,0.00013974219575661924,0.03215859825080691,0.024905529286712837,391
8,034_layer2.7.conv2,0.09817302086011832,0.00015445182093176864,0.042008689600270765,0.03145593267743411,391
8,035_layer2.8.conv1,0.14303191918927385,0.00047881690104991173,0.04500758340052651,0.03501941190765762,391
8,036_layer2.8.conv2,0.12012050500916094,0.0002238413848974722,0.04062214836916205,0.030038699696898017,391
8,037_layer3.0.conv1,0.24336537520598878,0.0007325438525160183,0.024734897387768986,0.017494708711765398,391
8,038_layer3.0.conv2,0.2716645155568867,0.0006901203433975489,0.013309543753080444,0.010508730060945985,391
8,039_layer3.1.conv1,0.1587615573154691,0.0004361841787686345,0.02140158446402258,0.016399532966657703,391
8,040_layer3.1.conv2,0.15324569878447086,0.00040605431512143186,0.02214031416227107,0.016962849547829784,391
8,041_layer3.2.conv1,0.14717232876116662,0.0002609962817630082,0.030357604221258636,0.02276038578364189,391
8,042_layer3.2.conv2,0.14017269499314106,0.0002630948552093844,0.024584942512078937,0.017150546796031976,391
8,043_layer3.3.conv1,0.1366114216234983,0.00023159695924943394,0.030855461468790892,0.02260996265720006,391
8,044_layer3.3.conv2,0.12933665552102697,0.00018500160696232823,0.020415551470038977,0.015592727080595314,391
8,045_layer3.4.conv1,0.14679821982713,0.0002165954120019152,0.02819382092806466,0.02160119294381188,391
8,046_layer3.4.conv2,0.1364066087071548,0.00018504195517636546,0.019023931827871047,0.014377136162501476,391
8,047_layer3.5.conv1,0.10419024786223537,0.0002129460269749573,0.02417062921014101,0.018186828576392006,391
8,048_layer3.5.conv2,0.09505922903718851,0.00016583914569885845,0.023328345894213297,0.017905466518384712,391
8,049_layer3.6.conv1,0.14698649504605463,0.00024708039085310704,0.02552633744645435,0.018924921765708466,391
8,050_layer3.6.conv2,0.13892889043787862,0.0002442144615049588,0.0213064481787112,0.01647741940468109,391
8,051_layer3.7.conv1,0.25807917525853646,0.00064768982535994,0.015235107045059742,0.011355159789563722,391
8,052_layer3.7.conv2,0.2344799121017651,0.0005664645714794983,0.023438218122548343,0.01690267618737648,391
8,053_layer3.8.conv1,0.26333522987182795,0.0007266678677890076,0.018515224451786237,0.013990976435739806,391
8,054_layer3.8.conv2,0.19272897569724665,0.0005024626593798931,0.02199738471371466,0.016443475237552855,391
9,000_conv1,0.16644319532739232,0.011012347695395636,0.16085341684070661,0.1084173375120968,391
9,001_layer1.0.conv1,0.11315891050431125,0.002679401339762409,0.04894107449169317,0.034678772075554844,391
9,002_layer1.0.conv2,0.07287913454158226,0.0003578923482604529,0.06449153120486575,0.04417392035746683,391
9,003_layer1.1.conv1,0.062345628643317906,0.00042506648964426956,0.06699035231433713,0.046492593722648044,391
9,004_layer1.1.conv2,0.03638701200428064,9.094504989540534e-05,0.05474778730628814,0.04190247465711749,391
9,005_layer1.2.conv1,0.02261416125528114,0.00010480627578129357,0.05819752494746279,0.041166090615813396,391
9,006_layer1.2.conv2,0.022773008536347342,7.510335811087947e-05,0.06006561684356097,0.04320575053667063,391
9,007_layer1.3.conv1,0.024230290063754524,3.6401845501665133e-05,0.05253127645885767,0.03347351350110711,391
9,008_layer1.3.conv2,0.02316353396962747,3.735336835563707e-05,0.05125173295864745,0.03608546674231853,391
9,009_layer1.4.conv1,0.021942983145642157,4.268485428799053e-05,0.054472516998490844,0.04027200920044792,391
9,010_layer1.4.conv2,0.023737830938795185,3.912669068769693e-05,0.09082349437931904,0.06647776812864387,391
9,011_layer1.5.conv1,0.04656896048018237,8.885057893980594e-05,0.05728648301963012,0.04305789418481053,391
9,012_layer1.5.conv2,0.03368089090356284,4.930482846767642e-05,0.06484910625401084,0.041784446073025415,391
9,013_layer1.6.conv1,0.023020425444597477,3.0933324136337694e-05,0.05741203795918865,0.0421863090359495,391
9,014_layer1.6.conv2,0.024958448591725448,3.519220964574572e-05,0.06894794329786506,0.04782617547708613,391
9,015_layer1.7.conv1,0.04156416972332141,9.831105909893323e-05,0.06431700047025161,0.04540707772523026,391
9,016_layer1.7.conv2,0.03285734366882793,4.581904672942925e-05,0.05157805197062227,0.03625494169389455,391
9,017_layer1.8.conv1,0.032865664681129135,6.30053288392619e-05,0.05901040143810946,0.04558590268046094,391
9,018_layer1.8.conv2,0.031201647618390106,4.491056574316293e-05,0.06507315610327324,0.04945412365333166,391
9,019_layer2.0.conv1,0.045793821773184536,6.444053058713263e-05,0.04110224731980138,0.030935930906215978,391
9,020_layer2.0.conv2,0.051648366753288245,9.426962202749778e-05,0.045499416180692184,0.031214060453582687,391
9,021_layer2.1.conv1,0.05416284226205038,5.692899306024681e-05,0.028372193553128883,0.021306158185694743,391
9,022_layer2.1.conv2,0.05674401168590006,5.89691367842639e-05,0.03827127866223194,0.02929788449355456,391
9,023_layer2.2.conv1,0.06731436429235636,7.945307779935046e-05,0.03993476753102188,0.029529094517402522,391
9,024_layer2.2.conv2,0.06607707368824488,7.943984057072733e-05,0.0394699426963056,0.028116439851158147,391
9,025_layer2.3.conv1,0.06807142287454641,9.126518771044884e-05,0.032539659795914645,0.024425195197825107,391
9,026_layer2.3.conv2,0.061741167103009455,8.400100123740883e-05,0.05426770570412766,0.03802997311097892,391
9,027_layer2.4.conv1,0.049501605198511385,7.684385109691045e-05,0.040460604172193416,0.02843742758091121,391
9,028_layer2.4.conv2,0.04552963144524628,5.967695285482308e-05,0.040383444988247155,0.03041526502976642,391
9,029_layer2.5.conv1,0.08157497531998797,0.00013261980255364035,0.03993458562368906,0.02957563661964114,391
9,030_layer2.5.conv2,0.07646590429346276,0.000114020956477617,0.040066595093715934,0.029518157774504377,391
9,031_layer2.6.conv1,0.08070951086633346,0.00011693179284291873,0.03184198372228585,0.023560424794344528,391
9,032_layer2.6.conv2,0.07720331161680734,9.849647562719735e-05,0.0405558725723939,0.029956104109059623,391
9,033_layer2.7.conv1,0.09901464410373927,0.00015788046688568723,0.03327822418098682,0.02647405330673156,391
9,034_layer2.7.conv2,0.10337718166506199,0.000155663854061093,0.03544831023131118,0.02753571932433185,391
9,035_layer2.8.conv1,0.1474037588862202,0.00044848507228513815,0.04263383003859542,0.032365133837793235,391
9,036_layer2.8.conv2,0.12352733035831501,0.00019188297082049083,0.03869992601597393,0.028967426698172868,391
9,037_layer3.0.conv1,0.24169035034868724,0.0006446740467071221,0.023918400679765146,0.01738339455783126,391
9,038_layer3.0.conv2,0.2707209779935725,0.0006003348627504485,0.01449706320678193,0.010915558000902303,391
9,039_layer3.1.conv1,0.16071138340417687,0.00031542744696651595,0.020863781566266417,0.015822515240890137,391
9,040_layer3.1.conv2,0.15372611044922754,0.00031574228442722563,0.022414270536731416,0.016863102689240583,391
9,041_layer3.2.conv1,0.15309563201025625,0.00025525637383352895,0.03074657385081468,0.021363602040178238,391
9,042_layer3.2.conv2,0.1444027213108204,0.00022394704610349814,0.021591226713845547,0.016365745153951665,391
9,043_layer3.3.conv1,0.13860059298975083,0.00027711047499435343,0.02918407166457992,0.023314410772393823,391
9,044_layer3.3.conv2,0.1314938444729961,0.0005430221804973781,0.02207682684738733,0.01700369795661213,391
9,045_layer3.4.conv1,0.15510473577567682,0.0002443248746694937,0.027911203167632893,0.020184656796212008,391
9,046_layer3.4.conv2,0.13943673944686685,0.0001888358627555979,0.019083525237153627,0.014361531169019906,391
9,047_layer3.5.conv1,0.10886755741923057,0.00015971833732125393,0.02483765484157862,0.017301671617791413,391
9,048_layer3.5.conv2,0.098936823932716,0.0001330958452433091,0.021095916435717666,0.0162142095938653,391
9,049_layer3.6.conv1,0.1544992411914079,0.00026010663159101166,0.026189310830230874,0.019751580659489412,391
9,050_layer3.6.conv2,0.14621997371201625,0.0002370517984105064,0.019622546623811833,0.014158395880933174,391
9,051_layer3.7.conv1,0.25813424629171183,0.0005971089045515993,0.014162002404886794,0.010476419381698096,391
9,052_layer3.7.conv2,0.2332040111122229,0.0005213690068557181,0.024301244724725606,0.01886827897350796,391
9,053_layer3.8.conv1,0.25905385784938206,0.000712480979445762,0.017102567166069133,0.01378506447632328,391
9,054_layer3.8.conv2,0.18960065819570782,0.0005036709733844055,0.023415262327164985,0.017271553242878997,391
10,000_conv1,0.15322427645973538,0.005161202765284714,0.1506660812899083,0.10661172510127603,391
10,001_layer1.0.conv1,0.10639893684698187,0.0019372077041076106,0.05016414589902727,0.03268219417859682,391
10,002_layer1.0.conv2,0.07384152679949466,0.0004195471098779862,0.06118219371521375,0.045590308674884665,391
10,003_layer1.1.conv1,0.06294224952416652,0.0005887904375058038,0.06766212511792559,0.04882109630727356,391
10,004_layer1.1.conv2,0.0356888161005114,0.00013009150522305928,0.05515335785964018,0.0384901522332336,391
10,005_layer1.2.conv1,0.0216388960376077,0.00013561267458011748,0.06072653468197208,0.042048600498062624,391
10,006_layer1.2.conv2,0.021731661994705723,4.928340817473144e-05,0.05377843234155987,0.040155764085312386,391
10,007_layer1.3.conv1,0.026870601791459732,7.294754212644255e-05,0.050274055208870905,0.03277673194918439,391
10,008_layer1.3.conv2,0.023362610272377196,3.304255481565159e-05,0.05523236290923298,0.03991035985722529,391
10,009_layer1.4.conv1,0.020283222608172984,8.471327328156501e-05,0.057783778147983945,0.03910317297996347,391
10,010_layer1.4.conv2,0.021523675014314902,2.791764715036728e-05,0.09875942024645275,0.06782268949300958,391
10,011_layer1.5.conv1,0.053270183594139944,0.0001368925666619743,0.06928215316415415,0.04816026169844386,391
10,012_layer1.5.conv2,0.0375651471326342,6.444042681172987e-05,0.06639856833309117,0.04532765588840928,391
10,013_layer1.6.conv1,0.024031608958569026,5.256395171275455e-05,0.05850014792457658,0.04176895698147059,391
10,014_layer1.6.conv2,0.02466517813322718,4.907381976645595e-05,0.06497197434155377,0.04572763062270656,391
10,015_layer1.7.conv1,0.03512009680556977,9.475485639669559e-05,0.06253033320617783,0.04254776188878146,391
10,016_layer1.7.conv2,0.029170007168617854,4.8933419525929e-05,0.04982955948324398,0.03672133765065504,391
10,017_layer1.8.conv1,0.038544539876682375,8.329297185241257e-05,0.0599264562220561,0.0428618528572486,391
10,018_layer1.8.conv2,0.033070552989345074,4.0641610021278614e-05,0.07089233725479699,0.04772942531299786,391
10,019_layer2.0.conv1,0.046469887761432495,6.472649036654097e-05,0.04416502228408964,0.03177605836732643,391
10,020_layer2.0.conv2,0.05176134097873402,5.985662333416906e-05,0.04209388116814668,0.028779873876797663,391
10,021_layer2.1.conv1,0.0539348310578967,7.532909198369655e-05,0.028090378737652195,0.022247274256305762,391
10,022_layer2.1.conv2,0.05808614749852044,8.405065886819352e-05,0.0403407818545192,0.028809490062386315,391
10,023_layer2.2.conv1,0.06428164468549402,0.00011949032326359372,0.044094966833170504,0.032960958665221286,391
10,024_layer2.2.conv2,0.06462426994310315,0.00012040668704939566,0.04035948086401943,0.029608873804519185,391
10,025_layer2.3.conv1,0.06869315174039063,0.00011209370426964495,0.02932982843633413,0.02097309120398448,391
10,026_layer2.3.conv2,0.061007252377469824,8.04845922323656e-05,0.05134091393983327,0.03893598914670355,391
10,027_layer2.4.conv1,0.050951533429229354,8.495900545535092e-05,0.03887418549298845,0.02872060821644686,391
10,028_layer2.4.conv2,0.04744685742327624,7.187450460870897e-05,0.039620251146979125,0.028494167734653006,391
10,029_layer2.5.conv1,0.07792960880967358,0.00013693717470783517,0.04150779750716189,0.031459631587565214,391
10,030_layer2.5.conv2,0.07463357515652161,0.0001309147957527625,0.04186434298642087,0.03266485513498585,391
10,031_layer2.6.conv1,0.07950480491913797,0.0001209932504072685,0.03291522406593255,0.024688478509087695,391
10,032_layer2.6.conv2,0.07743855175154898,0.00011191364476062331,0.039239900766352614,0.029908829011971793,391
10,033_layer2.7.conv1,0.09579610378693437,0.00017839022012368713,0.029188218342475345,0.022021725845722852,391
10,034_layer2.7.conv2,0.10167627023232867,0.00017025499203666104,0.033835718998119185,0.02575341502891066,391
10,035_layer2.8.conv1,0.14527642869812143,0.00042906713435664906,0.03684158465992722,0.02894549363873556,391
10,036_layer2.8.conv2,0.12429116616773483,0.00021423055214577283,0.04156613758425145,0.03119907990500936,391
10,037_layer3.0.conv1,0.23846073566800188,0.000671623832729,0.022948899940760863,0.018133210497863542,391
10,038_layer3.0.conv2,0.26878953639351194,0.0006856406779319202,0.014004989541280504,0.010622313119617612,391
10,039_layer3.1.conv1,0.1547034332704971,0.00037765329664395456,0.021950205448072323,0.015774215692255514,391
10,040_layer3.1.conv2,0.14982693247935353,0.00035488725374755586,0.023672887873284303,0.017112195321425928,391
10,041_layer3.2.conv1,0.15580264427472867,0.00031895972361830477,0.02904647712080601,0.021394532660302754,391
10,042_layer3.2.conv2,0.14695284267901765,0.00029918712492752256,0.019616914106990107,0.015180039393371465,391
10,043_layer3.3.conv1,0.1420151140073986,0.00024101025694374736,0.03093501522209194,0.02347440498671561,391
10,044_layer3.3.conv2,0.13376136207976913,0.00021168287202682698,0.020083338632407632,0.015595799831405362,391
10,045_layer3.4.conv1,0.15473080872346068,0.00034629557749584275,0.025809144325528003,0.020769279598315198,391
10,046_layer3.4.conv2,0.14199311537739565,0.00025735718421244363,0.019144523272603003,0.014815808227818538,391
10,047_layer3.5.conv1,0.11448765795706484,0.00022776275125382245,0.024705744165423028,0.018544843145611868,391
10,048_layer3.5.conv2,0.103182956442961,0.00019724253613316416,0.02335964752653482,0.01679605191967884,391
10,049_layer3.6.conv1,0.15809666275825646,0.00042803092745853297,0.02446931205041435,0.019680894494321144,391
10,050_layer3.6.conv2,0.15031397517989664,0.0003616330642665297,0.019602810096781616,0.015404049659060993,391
10,051_layer3.7.conv1,0.256747336834288,0.0006764678672979418,0.014516447461522815,0.010865826056768432,391
10,052_layer3.7.conv2,0.23206102566036116,0.0005062571234928162,0.02264278984054431,0.016988965225209804,391
10,053_layer3.8.conv1,0.25494693250150025,0.0006612501211080146,0.017250504309317537,0.012768828034864002,391
10,054_layer3.8.conv2,0.18601165422240792,0.0004877438771003009,0.02327292065359512,0.017277668686005287,391
11,000_conv1,0.15757361213531335,0.004193685307908979,0.16746518314507006,0.11904793730737316,391
11,001_layer1.0.conv1,0.11338071947169426,0.004073226256974281,0.05580750511616202,0.03481061292459269,391
11,002_layer1.0.conv2,0.0732164532422562,0.00044539871713236267,0.06780568380912175,0.047891200851290075,391
11,003_layer1.1.conv1,0.06708185015546392,0.0006019384358112384,0.07364483391191713,0.05333872377438808,391
11,004_layer1.1.conv2,0.03912534272236287,0.00012956318392354617,0.053781064924487164,0.03863837713841167,391
11,005_layer1.2.conv1,0.021961750748479152,0.0001153378552954089,0.0554824487438373,0.04004331175931198,391
11,006_layer1.2.conv2,0.0222902738267694,5.2866634287946864e-05,0.05815883441259513,0.041894908308969615,391
11,007_layer1.3.conv1,0.028746132905621207,5.455926534920412e-05,0.04595063332720752,0.03045185231348437,391
11,008_layer1.3.conv2,0.02362102037414794,3.487307442370043e-05,0.056453930912092755,0.03865834867522271,391
11,009_layer1.4.conv1,0.019749172777413865,5.177853332073495e-05,0.051113733701733784,0.039003911794909536,391
11,010_layer1.4.conv2,0.01953939862711274,1.989316489183808e-05,0.09682887812766432,0.06833237795784755,391
11,011_layer1.5.conv1,0.05149803745567494,0.00011988296590900163,0.06867918461427072,0.05015391360199797,391
11,012_layer1.5.conv2,0.03759410419999181,8.270850890698743e-05,0.06688563108948581,0.04737059839044893,391
11,013_layer1.6.conv1,0.023698330799694103,6.789215816299969e-05,0.06537678793148081,0.0459983567816822,391
11,014_layer1.6.conv2,0.023036532971026646,3.355399677450481e-05,0.06794391090875891,0.04832179816743559,391
11,015_layer1.7.conv1,0.03824352773139849,9.248004824511822e-05,0.06461252394798726,0.044383335156905325,391
11,016_layer1.7.conv2,0.030007050503664614,4.5046531146487444e-05,0.049549854042983905,0.03661563429650475,391
11,017_layer1.8.conv1,0.03792413186920268,7.112268136507185e-05,0.06570565825067115,0.04654031900128239,391
11,018_layer1.8.conv2,0.03382144634471373,3.93951199052884e-05,0.07222189334542145,0.051833291536574004,391
11,019_layer2.0.conv1,0.04733167628726691,8.221036166967954e-05,0.04808063839477084,0.03404241578362386,391
11,020_layer2.0.conv2,0.05085321293329186,8.950822937489307e-05,0.03956456218285726,0.028945826960067745,391
11,021_layer2.1.conv1,0.054655349620467863,7.89242514313347e-05,0.024928188049512835,0.01939172765297147,391
11,022_layer2.1.conv2,0.05883639628815529,9.19707482915184e-05,0.03794317033560247,0.02825149546847747,391
11,023_layer2.2.conv1,0.06487631003188965,0.0001106546377640915,0.04564243438534553,0.03418826498414036,391
11,024_layer2.2.conv2,0.06467182176840275,0.00010930094465852903,0.038104570710187025,0.0291781620359937,391
11,025_layer2.3.conv1,0.06947752116891125,0.00013667832817914997,0.028075719338861015,0.021019048566928097,391
11,026_layer2.3.conv2,0.059946336547660704,8.901401544471419e-05,0.051064950266286976,0.03580095014091375,391
11,027_layer2.4.conv1,0.05091697558798754,6.88400960223651e-05,0.03712288376932648,0.02759591258733842,391
11,028_layer2.4.conv2,0.04815631957195909,5.802860429916573e-05,0.043428202896677266,0.03247705296847521,391
11,029_layer2.5.conv1,0.07931409957235122,0.00014875646590772635,0.03724378520576738,0.028231348240510892,391
11,030_layer2.5.conv2,0.07530755494409205,0.00012428695070059326,0.04049014751083346,0.031653720494541446,391
11,031_layer2.6.conv1,0.0862945048781612,0.00019389293322164772,0.031857844591332785,0.02362814920001347,391
11,032_layer2.6.conv2,0.0818282220407825,0.00015757941728645683,0.03668702394484788,0.025825922019789747,391
11,033_layer2.7.conv1,0.09568084609668578,0.00018404039234538004,0.029998093302352605,0.023653260682769274,391
11,034_layer2.7.conv2,0.09888525949338513,0.0001603881995541536,0.0327928896486203,0.02520350359809127,391
11,035_layer2.8.conv1,0.15740590660697054,0.00046814790953909544,0.033322079874150826,0.024460636475006983,391
11,036_layer2.8.conv2,0.13047727460370345,0.0002358975115538224,0.041563683191163686,0.03166943243101664,391
11,037_layer3.0.conv1,0.2348033229027258,0.0006758750231571423,0.025815512723652075,0.01836144065538856,391
11,038_layer3.0.conv2,0.26473549644812905,0.000721959098097899,0.015546158795548581,0.011735465295512278,391
11,039_layer3.1.conv1,0.1615917304973773,0.0003773872106045788,0.020288264067369634,0.014979734846005842,391
11,040_layer3.1.conv2,0.155961515577248,0.00035884879929625954,0.020895976474711486,0.01495056782549994,391
11,041_layer3.2.conv1,0.1569254341752023,0.0003366889104522118,0.026100655175845824,0.02078122186988079,391
11,042_layer3.2.conv2,0.14835153485807923,0.00029984374158215435,0.020442974535003683,0.015231222112199303,391
11,043_layer3.3.conv1,0.14503163943434005,0.00029707456050932085,0.029816419077890358,0.023057987702210656,391
11,044_layer3.3.conv2,0.13579599263951603,0.00025440521039854155,0.01840301470334485,0.01463779903621438,391
11,045_layer3.4.conv1,0.15510432469799085,0.00030815363108184154,0.025773424625871916,0.020241475238777267,391
11,046_layer3.4.conv2,0.14183562365181915,0.00024404581095400363,0.019770945956150317,0.014314786155596481,391
11,047_layer3.5.conv1,0.11246343456265871,0.00022600687396876797,0.025917701838325764,0.019121300971334586,391
11,048_layer3.5.conv2,0.10047277356581309,0.00019808692335091145,0.02178823379789175,0.01634700664123689,391
11,049_layer3.6.conv1,0.16372423455157242,0.0003673022270233618,0.021953318370254393,0.01641747330624001,391
11,050_layer3.6.conv2,0.15226267863188864,0.00033734737416330277,0.01938807920912978,0.014481419219080718,391
11,051_layer3.7.conv1,0.25520409613161743,0.0006994814690598483,0.014103020666263774,0.010783838376815257,391
11,052_layer3.7.conv2,0.22974451537937154,0.0005587202821418225,0.021329130213472474,0.015596661119630808,391
11,053_layer3.8.conv1,0.2584963439370665,0.0008107654099190204,0.017586259448448556,0.012531051057898715,391
11,054_layer3.8.conv2,0.1850299169035519,0.0005432678583724565,0.02277754911582124,0.017939231051454407,391
12,000_conv1,0.1497058685097243,0.004630939576096376,0.158177375321413,0.11383860679032994,391
12,001_layer1.0.conv1,0.1033170308984454,0.0023137227653480773,0.05244456961504755,0.03414025189951836,391
12,002_layer1.0.conv2,0.06882348251731499,0.0005921037918542645,0.0620007843178016,0.04443041474984183,391
12,003_layer1.1.conv1,0.0634499361209781,0.0008986057553027043,0.07250000263325429,0.04999268520918853,391
12,004_layer1.1.conv2,0.038429094607110525,9.358817047345428e-05,0.05213312857294255,0.03674368569746366,391
12,005_layer1.2.conv1,0.023156190786482123,0.00024522266092585107,0.05610839353739674,0.03824654520436177,391
12,006_layer1.2.conv2,0.02278893316864891,9.826772481344795e-05,0.06028123791746767,0.04290891027039334,391
12,007_layer1.3.conv1,0.030774872621421315,8.467212144963653e-05,0.050608937031836346,0.036910827581455634,391
12,008_layer1.3.conv2,0.024111767106539454,3.340144063394281e-05,0.04954880550007998,0.03763778265835072,391
12,009_layer1.4.conv1,0.020802874308641608,0.00011930081906116988,0.05114027310196725,0.03751280510373948,391
12,010_layer1.4.conv2,0.020387675108202278,2.3067222804353297e-05,0.0968226442098576,0.0648458714552395,391
12,011_layer1.5.conv1,0.048174761330989926,0.0001104023658667231,0.06990771679497382,0.047097251470288454,391
12,012_layer1.5.conv2,0.035404361360480106,6.119456425377466e-05,0.064280204257801,0.044542628090282775,391
12,013_layer1.6.conv1,0.023674187850673944,0.00019474510239849698,0.06397440898134801,0.04748199419634075,391
12,014_layer1.6.conv2,0.023744890359146974,5.264867754439914e-05,0.07169905447320271,0.04756845561819898,391
12,015_layer1.7.conv1,0.03431268422709554,4.8879950013448054e-05,0.05538012021747992,0.04348609929151927,391
12,016_layer1.7.conv2,0.0277035352500046,2.5178960093817215e-05,0.049543537679449905,0.0356947090284788,391
12,017_layer1.8.conv1,0.04234450796376104,7.875768444839406e-05,0.06501912912252643,0.04644961648456587,391
12,018_layer1.8.conv2,0.040747199407623856,6.311565862373745e-05,0.061413610088930745,0.04442651435048779,391
12,019_layer2.0.conv1,0.05053241829128217,6.640772386128611e-05,0.04422438328093795,0.03304745946163209,391
12,020_layer2.0.conv2,0.05266365870985838,7.013770908875696e-05,0.036326660045266,0.026735675006770356,391
12,021_layer2.1.conv1,0.05271407988522669,6.340606942646263e-05,0.028692521261544948,0.02133403257569154,391
12,022_layer2.1.conv2,0.05569588342476684,8.512125543070183e-05,0.03909498173639278,0.028131191008109038,391
12,023_layer2.2.conv1,0.06415321245370313,0.00010356341367453135,0.04223218345591087,0.03023634527334368,391
12,024_layer2.2.conv2,0.06349440914628755,9.299119449916217e-05,0.03750644286768377,0.027696973144058404,391
12,025_layer2.3.conv1,0.062266225381123134,7.908482829786356e-05,0.029413541798203484,0.02189595874132934,391
12,026_layer2.3.conv2,0.05446414680927611,5.7660125229090295e-05,0.047776650034544434,0.03473214593500653,391
12,027_layer2.4.conv1,0.047968286172965606,6.424468227380102e-05,0.03850755104949922,0.028310759165951337,391
12,028_layer2.4.conv2,0.045880006445224025,5.9659764462247945e-05,0.0446643394293681,0.033439875218260876,391
12,029_layer2.5.conv1,0.07779696719039736,0.00010776311934806906,0.044513267413724945,0.03450274234515608,391
12,030_layer2.5.conv2,0.07298174846317153,9.199306083096728e-05,0.0420404784042062,0.03136867175190623,391
12,031_layer2.6.conv1,0.08493440758313059,0.00014401983302438255,0.031021497869642888,0.024751330133523288,391
12,032_layer2.6.conv2,0.08222596819900796,0.00011921677812746709,0.034402638371951066,0.026827459388189093,391
12,033_layer2.7.conv1,0.09914513393436246,0.00014765202554319068,0.02617512171549085,0.020383471018938667,391
12,034_layer2.7.conv2,0.10058766308114352,0.00014097768807451797,0.03298690820390018,0.02440868485748149,391
12,035_layer2.8.conv1,0.1529831871237901,0.00040160243435115664,0.03455004993857376,0.026281991409705007,391
12,036_layer2.8.conv2,0.12687863664858787,0.00020244877485498664,0.042993941427896594,0.031445722196967396,391
12,037_layer3.0.conv1,0.23183738739441728,0.0006344224006864102,0.02365697366984155,0.01869954252027814,391
12,038_layer3.0.conv2,0.2631956941026556,0.0006540174609581811,0.014779442343023664,0.011359623226000318,391
12,039_layer3.1.conv1,0.1609240117127938,0.000346486895598911,0.021592537402700875,0.01599845303556189,391
12,040_layer3.1.conv2,0.15342444110938044,0.0002978689433802868,0.01907173719202705,0.01393634739809514,391
12,041_layer3.2.conv1,0.15767959766375744,0.00031396522695762916,0.0273830202440365,0.02119695383487575,391
12,042_layer3.2.conv2,0.14817012714989045,0.00027330369476114696,0.01980164453472562,0.014975145605048883,391
12,043_layer3.3.conv1,0.1408778042782603,0.00027087642875912865,0.028990813754061286,0.022809695025685913,391
12,044_layer3.3.conv2,0.1349655176939257,0.0002476042906548355,0.017485320680564322,0.013128487882293411,391
12,045_layer3.4.conv1,0.15807651011916377,0.00027428484513950663,0.02549014856243785,0.01925851105355869,391
12,046_layer3.4.conv2,0.1453556218339354,0.00023917396712961128,0.019494917451586324,0.014425207572712876,391
12,047_layer3.5.conv1,0.11864082614326721,0.0002759693389851742,0.025391562304286377,0.01891332894676855,391
12,048_layer3.5.conv2,0.106142421360211,0.0002182481298368972,0.019761497739960304,0.015067404796250877,391
12,049_layer3.6.conv1,0.16648547902055408,0.00035429822297326774,0.021387890567551988,0.016549146440415767,391
12,050_layer3.6.conv2,0.15349474332064314,0.0002988987126319037,0.019377178438711982,0.01509860592802508,391
12,051_layer3.7.conv1,0.250530723491898,0.0006553565405664347,0.013912721440749494,0.010327115143442032,391
12,052_layer3.7.conv2,0.22409662901592986,0.0005240645696620791,0.021249835216566332,0.015661443270438464,391
12,053_layer3.8.conv1,0.2554382337709827,0.0007592714599986977,0.017796017749890355,0.013070132195088962,391
12,054_layer3.8.conv2,0.1815563537885466,0.0005006751742357707,0.02369048471030433,0.017809943102368473,391
13,000_conv1,0.14444655844050905,0.0034040528213650466,0.15209583923919723,0.10355557725342304,391
13,001_layer1.0.conv1,0.10428221039759838,0.0023016698909458164,0.0496989648254431,0.030629523424349218,391
13,002_layer1.0.conv2,0.06863459920429665,0.0007067894702573472,0.06080406890884272,0.04456192575806125,391
13,003_layer1.1.conv1,0.06440492828979212,0.0011340224947995053,0.08478608644535274,0.058676345503496555,391
13,004_layer1.1.conv2,0.0394838516459898,0.0001463232832903886,0.04911015823970565,0.036243562873425346,391
13,005_layer1.2.conv1,0.025086290117286508,0.00044094265122362054,0.06362174791966468,0.04179873714453885,391
13,006_layer1.2.conv2,0.02293201763411541,9.244235515945e-05,0.05256316041351472,0.03617743862389639,391
13,007_layer1.3.conv1,0.03250413029776205,0.00013553425743188558,0.05289956945692227,0.037581659625933066,391
13,008_layer1.3.conv2,0.024336149380125505,3.367391716209401e-05,0.05616757087759338,0.0394776204864472,391
13,009_layer1.4.conv1,0.02165108572577348,0.00020874623310289983,0.05657387144344128,0.039323030686929154,391
13,010_layer1.4.conv2,0.02095355160648713,3.0248838693578914e-05,0.09387273785596847,0.06546845380893504,391
13,011_layer1.5.conv1,0.048030879286587086,0.00014016895381933035,0.06018359160995768,0.046790500953264605,391
13,012_layer1.5.conv2,0.035783388216019896,8.61458248962593e-05,0.06667688491457538,0.04368801897527515,391
13,013_layer1.6.conv1,0.022513887987893715,7.59332057745655e-05,0.06414042860808451,0.047542320698151425,391
13,014_layer1.6.conv2,0.023822132321765357,5.587795691494146e-05,0.07392427592598291,0.05017891841134142,391
13,015_layer1.7.conv1,0.03739207235100629,7.513533452622057e-05,0.060732273444587835,0.039821084973031565,391
13,016_layer1.7.conv2,0.029204142091752927,3.602496232468636e-05,0.05052713133961015,0.037237262330531165,391
13,017_layer1.8.conv1,0.043831845974106616,8.896248670135169e-05,0.06885965417511106,0.04835266652135914,391
13,018_layer1.8.conv2,0.04330984290088991,6.999884107919516e-05,0.05329428632233633,0.03841838852022419,391
13,019_layer2.0.conv1,0.05301490498473272,8.395774586195592e-05,0.0485561974414373,0.035171274878781834,391
13,020_layer2.0.conv2,0.05605291607587234,8.56811280616444e-05,0.03471060159783352,0.025809705897016554,391
13,021_layer2.1.conv1,0.05347944629828796,6.32636768797502e-05,0.03061897336068275,0.02360754808414717,391
13,022_layer2.1.conv2,0.05781454876865572,7.003609620642205e-05,0.0373761699254484,0.02818223705530374,391
13,023_layer2.2.conv1,0.06466414529801634,0.00011426478025139148,0.04577049328421559,0.0353991826169249,391
13,024_layer2.2.conv2,0.06509864347441421,0.00011530564983108782,0.034143267337510025,0.02584884587043219,391
13,025_layer2.3.conv1,0.06684394190302285,9.387458590269862e-05,0.029529161917277502,0.02183979906316579,391
13,026_layer2.3.conv2,0.06044069908159163,7.106287235630632e-05,0.04671390588794489,0.03420297429879219,391
13,027_layer2.4.conv1,0.046264522630349754,6.06040224419048e-05,0.03902915645241471,0.03095126946683994,391
13,028_layer2.4.conv2,0.04302308570279185,5.644641583803581e-05,0.043433644593713565,0.030233397611956224,391
13,029_layer2.5.conv1,0.07802265675743218,0.00016048070483696067,0.03957099580754781,0.02901292821858614,391
13,030_layer2.5.conv2,0.07356982269441076,0.00013208276400255865,0.039547470785343077,0.028829092574387805,391
13,031_layer2.6.conv1,0.08341475621894802,0.0001550577581729707,0.027869995334483397,0.021367542452954094,391
13,032_layer2.6.conv2,0.0822150421035869,0.0001266839057868993,0.03427945783648662,0.02488055590334169,391
13,033_layer2.7.conv1,0.09619667543017346,0.00015493668635364714,0.03128820198250588,0.023338500349566006,391
13,034_layer2.7.conv2,0.09931378055106649,0.0001415279571587314,0.033468379526330375,0.024380969018205568,391
13,035_layer2.8.conv1,0.1612838496408804,0.0005419664035931533,0.03845262065235956,0.028389965597490442,391
13,036_layer2.8.conv2,0.13124606152400947,0.00025577737159906966,0.03966482824576266,0.030883824493308964,391
13,037_layer3.0.conv1,0.2329918921679792,0.0006862876982522206,0.0257176896451329,0.018630292854437753,391
13,038_layer3.0.conv2,0.2674974931018127,0.0008199785184818537,0.015174444864557334,0.010669607286503421,391
13,039_layer3.1.conv1,0.16757004603248118,0.00041487041447018855,0.02082235023177218,0.015477878108486338,391
13,040_layer3.1.conv2,0.15947734499755112,0.00036290753783378357,0.018855861670104192,0.013588658083614015,391
13,041_layer3.2.conv1,0.16410396817852468,0.00042265877350679965,0.023310220777414396,0.018532499904163047,391
13,042_layer3.2.conv2,0.15347013273812316,0.00037979197005071075,0.020078398841683328,0.014667703710320766,391
13,043_layer3.3.conv1,0.1394815848535284,0.00028478605610284674,0.03013526726282759,0.022521601613291548,391
13,044_layer3.3.conv2,0.13189871513935,0.00027503291103437785,0.018846944028757574,0.014055749506251408,391
13,045_layer3.4.conv1,0.16312440932559236,0.00039186809345656895,0.024724336685059006,0.01747303602415939,391
13,046_layer3.4.conv2,0.14946007637111733,0.0003125965045559405,0.01785531158513731,0.014093240673413648,391
13,047_layer3.5.conv1,0.13140553525646628,0.0003452632437464555,0.02597441072246004,0.018263457600511068,391
13,048_layer3.5.conv2,0.11739181145987547,0.0002735486797662799,0.020235803589457646,0.014532148492045427,391
13,049_layer3.6.conv1,0.16910981912823284,0.00042786967900567546,0.02041989279456649,0.014030788338896179,391
13,050_layer3.6.conv2,0.15524932827867205,0.0003555190726714126,0.019553217729662255,0.014117778220971397,391
13,051_layer3.7.conv1,0.24959825341353942,0.0007725047319371431,0.015005775072960668,0.010825232959185405,391
13,052_layer3.7.conv2,0.22572722291702504,0.00061533094845935,0.02011618511653785,0.01516492069136737,391
13,053_layer3.8.conv1,0.25464963821498937,0.0008632265690592389,0.016282579686902516,0.012346460857594657,391
13,054_layer3.8.conv2,0.18006078559724267,0.0005519761531072101,0.02274870479956854,0.017673752823786047,391
14,000_conv1,0.1405759375837758,0.002086183212265339,0.1565553076461653,0.10837055527030655,391
14,001_layer1.0.conv1,0.10361409655598271,0.0026397550329986894,0.056276873072973736,0.03378835600209058,391
14,002_layer1.0.conv2,0.06267807338758351,0.0002509158720528284,0.05233368880310728,0.04131706696876275,391
14,003_layer1.1.conv1,0.060721336694820154,0.0003744503621793977,0.08685620005071029,0.05956762616075105,391
14,004_layer1.1.conv2,0.03987935524138496,0.0001041176811250222,0.04955129010257159,0.0344729347717485,391
14,005_layer1.2.conv1,0.02324156256635552,6.375625556275509e-05,0.06735279450687738,0.04785474166147415,391
14,006_layer1.2.conv2,0.020961354469970973,3.215979529153806e-05,0.04827397260366066,0.03444771507329106,391
14,007_layer1.3.conv1,0.03076775177188999,6.305767470271757e-05,0.05108130254150863,0.03580925327865389,391
14,008_layer1.3.conv2,0.024480079517454442,4.659830122792619e-05,0.05923574822897519,0.04008615014724777,391
14,009_layer1.4.conv1,0.017428866282696156,2.3617998638846937e-05,0.05481672237066048,0.038548590930617944,391
14,010_layer1.4.conv2,0.019654117939074327,2.5727993187932416e-05,0.10125066033463873,0.0672631095519534,391
14,011_layer1.5.conv1,0.04700466874710587,0.00010187083202130342,0.061842452150920185,0.04461100357702011,391
14,012_layer1.5.conv2,0.03646744421356932,6.662309305635128e-05,0.06377600445853496,0.04357411713861005,391
14,013_layer1.6.conv1,0.019807173658514875,2.0461187798458417e-05,0.059543725956939075,0.04132640955410842,391
14,014_layer1.6.conv2,0.022349973333061046,3.147669240167734e-05,0.06821786765532588,0.04599503066148316,391
14,015_layer1.7.conv1,0.03649171023055568,6.596545177666845e-05,0.05857356021310563,0.041778900946376006,391
14,016_layer1.7.conv2,0.0280356273588622,3.3763111079129424e-05,0.052739029981421014,0.03566446003154272,391
14,017_layer1.8.conv1,0.049036935500591,0.00012116454942163362,0.06343536000974807,0.045401433562677285,391
14,018_layer1.8.conv2,0.04659472270142239,9.91933784914331e-05,0.05664535758787353,0.04273005489900942,391
14,019_layer2.0.conv1,0.05001363868984725,8.64730180963765e-05,0.04466832512648731,0.03180538172615992,391
14,020_layer2.0.conv2,0.054315956557155265,8.453721396237731e-05,0.03664211477154957,0.027455558816267066,391
14,021_layer2.1.conv1,0.050962000613665334,6.235397050935194e-05,0.02777089993185171,0.020702963133316963,391
14,022_layer2.1.conv2,0.05627459595384805,7.8086108272599e-05,0.03685622349826713,0.028224248216792494,391
14,023_layer2.2.conv1,0.06598016678753411,9.956383919238788e-05,0.04360257221693511,0.03462158688828671,391
14,024_layer2.2.conv2,0.06554714369270807,9.710912473431116e-05,0.03590093891666246,0.027377895479590367,391
14,025_layer2.3.conv1,0.06300764136454638,8.250567027643426e-05,0.02956864420359306,0.023659625677841984,391
14,026_layer2.3.conv2,0.05711185938828742,6.799647271195234e-05,0.05614575194029669,0.03874232649832788,391
14,027_layer2.4.conv1,0.04632202877432032,5.876041024606817e-05,0.04095762625430881,0.029590690071823748,391
14,028_layer2.4.conv2,0.042930683049628195,5.0733095812506004e-05,0.04315304937635494,0.03205706977794742,391
14,029_layer2.5.conv1,0.07753230024443562,0.00013515399141330632,0.04312673752424312,0.0333835637976663,391
14,030_layer2.5.conv2,0.07522657913777529,0.00013146642881022713,0.04276306140298849,0.03342549026348885,391
14,031_layer2.6.conv1,0.08065520606153762,0.00015092175420530936,0.032412198692364586,0.024186885364722563,391
14,032_layer2.6.conv2,0.07956083221813602,0.00013479996763756438,0.03452729476276961,0.02592609704735506,391
14,033_layer2.7.conv1,0.09854753953797737,0.0002030952094514496,0.02975697567493244,0.02208797976001,391
14,034_layer2.7.conv2,0.10205869195635056,0.00019235248937927302,0.03348191294942975,0.02390002771958666,391
14,035_layer2.8.conv1,0.15986906487466124,0.0005863519363137719,0.03433294752490638,0.027571180099376005,391
14,036_layer2.8.conv2,0.13296959488211996,0.0002662337971167869,0.04070747992716958,0.03271060972259698,391
14,037_layer3.0.conv1,0.2273115282092253,0.0007820936076851845,0.023765483386102654,0.018214965410742825,391
14,038_layer3.0.conv2,0.2638127261110584,0.0008666041178742451,0.015560398767965779,0.01164291012032425,391
14,039_layer3.1.conv1,0.16767581251195018,0.00040612781885115273,0.02091822909127833,0.015923177220302946,391
14,040_layer3.1.conv2,0.15855092711537086,0.0003608631509409016,0.0183928516493036,0.013804910019485118,391
14,041_layer3.2.conv1,0.1635930318090007,0.0004055593690234678,0.023896716193958778,0.018886658605077888,391
14,042_layer3.2.conv2,0.15366646108191337,0.0003497288924807426,0.021213264343018904,0.015709330359123235,391
14,043_layer3.3.conv1,0.14781123977106855,0.00033525106876102634,0.026139757012116554,0.019365290853394522,391
14,044_layer3.3.conv2,0.13721577059048826,0.0002739224950024724,0.018102385284061624,0.014694665064801765,391
14,045_layer3.4.conv1,0.1641019912403258,0.00038340066913836526,0.023851370927371572,0.017400454565136773,391
14,046_layer3.4.conv2,0.15132350352642787,0.00032772719486998114,0.018688240951905057,0.013850184184546862,391
14,047_layer3.5.conv1,0.1289349474641673,0.00044290304606766154,0.023677102678334158,0.01852362819191892,391
14,048_layer3.5.conv2,0.11389849599822403,0.00032682296877037387,0.019545069624929776,0.014264718885439733,391
14,049_layer3.6.conv1,0.16889289497871837,0.0004101490595335329,0.020914199771946106,0.0158462330074638,391
14,050_layer3.6.conv2,0.1547531217450986,0.00033431823113662384,0.01912380876934279,0.0153262763476869,391
14,051_layer3.7.conv1,0.25318042160300036,0.000842351491969151,0.014686771681719802,0.010939118906470573,391
14,052_layer3.7.conv2,0.22640394589022908,0.0006772351189614292,0.019672769171082627,0.015532997948047488,391
14,053_layer3.8.conv1,0.2517224569302386,0.0008484858493993802,0.018014950917771142,0.014063047205406626,391
14,054_layer3.8.conv2,0.17760954997347445,0.0005172451904448747,0.022597268019291357,0.016708695002027145,391
15,000_conv1,0.14217599379398937,0.0017352723395091356,0.14376692977540975,0.10501049467779086,391
15,001_layer1.0.conv1,0.0974665931652269,0.001513490823994391,0.06045303477697572,0.036586185713789826,391
15,002_layer1.0.conv2,0.06028607128011754,0.0002502525341578398,0.04559499175421244,0.0326025942962155,391
15,003_layer1.1.conv1,0.0620991169615551,0.0005063965894641646,0.08418030774040991,0.05843174858158324,391
15,004_layer1.1.conv2,0.040093274339271325,7.95815231208663e-05,0.04617314951502124,0.03304450438301166,391
15,005_layer1.2.conv1,0.024164962396502038,8.315287611738108e-05,0.06164035057563268,0.043116504899207916,391
15,006_layer1.2.conv2,0.020774550283389627,3.209192528290714e-05,0.052312447221058274,0.03763198314881468,391
15,007_layer1.3.conv1,0.03138465775877161,5.9523507928019434e-05,0.05255578091254092,0.036229792080213256,391
15,008_layer1.3.conv2,0.023334081399032983,2.7622942323536083e-05,0.0543632016637359,0.038756640660532214,391
15,009_layer1.4.conv1,0.020356229980430945,2.7938554093043667e-05,0.06070790344062011,0.0407664606065754,391
15,010_layer1.4.conv2,0.02192147068507836,3.261394035620276e-05,0.09430037158371075,0.06521023982180098,391
15,011_layer1.5.conv1,0.04789232258277629,0.00011078645820740071,0.05789135753744966,0.042214940916132794,391
15,012_layer1.5.conv2,0.03641986988885019,6.312935628026146e-05,0.06609863639561828,0.0441034131834364,391
15,013_layer1.6.conv1,0.02075605264976811,2.4710380231179223e-05,0.05879852253131752,0.04449835022927011,391
15,014_layer1.6.conv2,0.021751985249235807,2.6016056022165385e-05,0.06892828970172522,0.04904622587942298,391
15,015_layer1.7.conv1,0.03478497175304481,6.00165145155933e-05,0.05815161153553877,0.040250498143003764,391
15,016_layer1.7.conv2,0.02556422210591452,2.7657689165462595e-05,0.04816857433119102,0.03449223235105899,391
15,017_layer1.8.conv1,0.04543257445154135,7.933803592347077e-05,0.0640695538626404,0.04318660087422357,391
15,018_layer1.8.conv2,0.04522723775557087,8.406037781944972e-05,0.048442464782004875,0.036529615054634514,391
15,019_layer2.0.conv1,0.056258613524763176,0.00012612670693009547,0.04463644082297507,0.0330427927358332,391
15,020_layer2.0.conv2,0.06034260346075458,0.00013330149852644338,0.03871345018294802,0.028626487900829937,391
15,021_layer2.1.conv1,0.0512484907722839,5.657804294078358e-05,0.025381355819179524,0.019284834354717187,391
15,022_layer2.1.conv2,0.05608629723987006,7.375833484360005e-05,0.040500883138134165,0.030064716943345334,391
15,023_layer2.2.conv1,0.06438095587522477,0.0001165268694073851,0.04217991540419853,0.032878172552198937,391
15,024_layer2.2.conv2,0.06356015029694419,0.00010279631414755741,0.03689821951521222,0.027452498254616632,391
15,025_layer2.3.conv1,0.06437566471488579,9.508384532771943e-05,0.032465209832987556,0.02534046973280706,391
15,026_layer2.3.conv2,0.05749526276917714,7.600972976742199e-05,0.05225185874689971,0.03709453532010196,391
15,027_layer2.4.conv1,0.04810999254779438,7.530385548424343e-05,0.03694347703680241,0.028378629242286336,391
15,028_layer2.4.conv2,0.044730341214391275,6.712154588594567e-05,0.04613931182674561,0.03356610186314208,391
15,029_layer2.5.conv1,0.07499110424305167,0.0001132800935293209,0.0378087264083535,0.028239560316128166,391
15,030_layer2.5.conv2,0.07254033431868114,0.0001023872744345903,0.04364778099970444,0.03271457065100238,391
15,031_layer2.6.conv1,0.08304186227262172,0.00019178693492238105,0.029172404124095958,0.021313542638056168,391
15,032_layer2.6.conv2,0.08217108940415065,0.00016622322073904083,0.03499594434208953,0.02641203765917351,391
15,033_layer2.7.conv1,0.09979880679293972,0.00018279213471439522,0.027558957308489423,0.021121423985986033,391
15,034_layer2.7.conv2,0.09954771973059305,0.00016799300349206077,0.033113874987859275,0.024375335462084095,391
15,035_layer2.8.conv1,0.1645118336162299,0.000627030399787655,0.03506959898892985,0.025724630565914834,391
15,036_layer2.8.conv2,0.1367801397924533,0.0002821610433996445,0.045026420044032095,0.03342865538788743,391
15,037_layer3.0.conv1,0.23017225435475255,0.0008065938026792785,0.023861278452935567,0.01734659134511275,391
15,038_layer3.0.conv2,0.2670707957214102,0.0008972549601451163,0.015073867874545142,0.011983417371157512,391
15,039_layer3.1.conv1,0.16918434334151886,0.0004057909666692616,0.019268881890732066,0.0147600551390163,391
15,040_layer3.1.conv2,0.1629294344150197,0.00037269847889640634,0.01856916129924482,0.01509478441843943,391
15,041_layer3.2.conv1,0.16495099922885065,0.0004279754611642532,0.02316663584374475,0.018049472146452795,391
15,042_layer3.2.conv2,0.15512199090112505,0.0003876887998810821,0.02073132646484244,0.015008587284321279,391
15,043_layer3.3.conv1,0.1499323501344532,0.00035132283370385015,0.02665218583587773,0.020031979141304446,391
15,044_layer3.3.conv2,0.13945622012362152,0.000290930282697454,0.018404562779372743,0.013460882786008477,391
15,045_layer3.4.conv1,0.16225867718458176,0.00040860675659246115,0.02354983435368159,0.01762918264226768,391
15,046_layer3.4.conv2,0.15059916684618385,0.0003335061760604899,0.017234140255837107,0.012560375742108427,391
15,047_layer3.5.conv1,0.1318678933450633,0.00041748325480878146,0.02510161337211503,0.018783189902556535,391
15,048_layer3.5.conv2,0.1182156560366111,0.00031321000327422764,0.01803895811533255,0.013571013791215688,391
15,049_layer3.6.conv1,0.17561249415892774,0.0004910748916371159,0.019480210112291983,0.014594069499068076,391
15,050_layer3.6.conv2,0.15828495127770603,0.0003770168517300311,0.01798625143361799,0.013407623381813142,391
15,051_layer3.7.conv1,0.2498447926300566,0.0008153548494310436,0.014096263678652285,0.010632100515074742,391
15,052_layer3.7.conv2,0.22486617418048938,0.0006713671463261656,0.021330526446115033,0.01529580577896897,391
15,053_layer3.8.conv1,0.25069092892472394,0.0008348381126236648,0.015578340142600728,0.01241797793039788,391
15,054_layer3.8.conv2,0.17513170453441113,0.0005052695814436702,0.02145523974608728,0.01675931923135693,391
16,000_conv1,0.14021292846183034,0.0017732821146967843,0.14154724112671355,0.10160500184910133,391
16,001_layer1.0.conv1,0.10029803104984486,0.0024017471339058995,0.056177016769689475,0.034473360979200805,391
16,002_layer1.0.conv2,0.0622965060841397,0.0002916435005273846,0.0478822577333026,0.03513850221563488,391
16,003_layer1.1.conv1,0.06004977185288658,0.0004098415773929995,0.08342396763785768,0.05860747008849084,391
16,004_layer1.1.conv2,0.03720833953288968,8.231613043981761e-05,0.04832195863306351,0.03501880076512549,391
16,005_layer1.2.conv1,0.02395755958402782,6.227597513549534e-05,0.06137267942756207,0.04327664995601282,391
16,006_layer1.2.conv2,0.020968418375438894,2.626533736157041e-05,0.056275745621113885,0.03969281423989453,391
16,007_layer1.3.conv1,0.03087843679215597,5.406770009525649e-05,0.051942585218192415,0.03627599131073453,391
16,008_layer1.3.conv2,0.024176402984525235,2.8983226779744076e-05,0.05707267051740714,0.03956882196491636,391
16,009_layer1.4.conv1,0.01986571454950382,2.8619050126422996e-05,0.055823408952436905,0.04012067860862024,391
16,010_layer1.4.conv2,0.01980901731992774,2.8410197069471453e-05,0.09752313753694494,0.06603293104691954,391
16,011_layer1.5.conv1,0.04751876604926708,0.00011064674429278132,0.06028814624805632,0.04522378699824702,391
16,012_layer1.5.conv2,0.03664481054391245,5.7670965239451635e-05,0.06599172992828896,0.044501756779430045,391
16,013_layer1.6.conv1,0.02131364867329369,2.5422803811851866e-05,0.06516248219833493,0.04891562861758887,391
16,014_layer1.6.conv2,0.02173728392938214,2.11216381317777e-05,0.06483584975656581,0.047012709647680374,391
16,015_layer1.7.conv1,0.03231915656734458,4.7913316110632584e-05,0.0602167548994055,0.04273334139239918,391
16,016_layer1.7.conv2,0.02475609870918114,2.003704616975019e-05,0.05134686746868564,0.036372964444486976,391
16,017_layer1.8.conv1,0.05097107664989236,0.00010866915079720246,0.059646395241866684,0.041158233493563484,391
16,018_layer1.8.conv2,0.05005875319394919,8.49756528324302e-05,0.04884122157011025,0.03545410238320192,391
16,019_layer2.0.conv1,0.05855279656894067,0.0001136148969616258,0.039868763158911955,0.030815063350262153,391
16,020_layer2.0.conv2,0.06456939293943403,0.00012842203517734758,0.038296534424855214,0.029045238124177725,391
16,021_layer2.1.conv1,0.05332826501916132,7.092621950303187e-05,0.028609002301934482,0.021516707859274307,391
16,022_layer2.1.conv2,0.05672323105432798,8.097843287781454e-05,0.03857421553622255,0.029480823974349257,391
16,023_layer2.2.conv1,0.06387682083775015,0.00010641724452046565,0.040478245139096626,0.03002098115428045,391
16,024_layer2.2.conv2,0.063536261572786,0.00010667735929975955,0.03568798234380181,0.02722313209174903,391
16,025_layer2.3.conv1,0.06499065518798426,0.00011930384304389714,0.03109937574410879,0.023600576399516595,391
16,026_layer2.3.conv2,0.05826354702301038,8.517585974949929e-05,0.05184986019131939,0.036119213947446216,391
16,027_layer2.4.conv1,0.045736559645256115,7.058512107725474e-05,0.039093170909869336,0.029805696305829837,391
16,028_layer2.4.conv2,0.04194625930579574,5.844974621527503e-05,0.044812131044462314,0.03139310815632446,391
16,029_layer2.5.conv1,0.07375840954196727,0.00012139471949959568,0.03577667087338248,0.02642350299833205,391
16,030_layer2.5.conv2,0.07150639095307922,0.00011430859084753543,0.04100641506947958,0.03080643357670012,391
16,031_layer2.6.conv1,0.08007120970836686,0.00016375846953430723,0.028184109563564718,0.0197369856258603,391
16,032_layer2.6.conv2,0.08105911894718094,0.0001399578082154334,0.03374072101175846,0.025712488389750637,391
16,033_layer2.7.conv1,0.09553203018158293,0.00019678245301205967,0.02728087379714138,0.021078708847817092,391
16,034_layer2.7.conv2,0.09614187076954586,0.000183736976943627,0.03448537122543447,0.024883624721148523,391
16,035_layer2.8.conv1,0.16337122474713703,0.0005418739173344046,0.033107503186757266,0.023186260932292126,391
16,036_layer2.8.conv2,0.13420074602679524,0.00028928426847361216,0.043101404295338264,0.03147354798520814,391
16,037_layer3.0.conv1,0.22533912430791295,0.0007403825140418069,0.027024979795724668,0.021070216161688964,391
16,038_layer3.0.conv2,0.2646768522613189,0.0008796157892203699,0.015750532784974715,0.011887493006534225,391
16,039_layer3.1.conv1,0.16632748393299024,0.000404244546592384,0.02205357645369465,0.015800189730280346,391
16,040_layer3.1.conv2,0.16151476380846386,0.00036677430656618243,0.01608364953467583,0.01306629211322448,391
16,041_layer3.2.conv1,0.16633541535233598,0.0004390299045306245,0.023199866237712082,0.017374673864992383,391
16,042_layer3.2.conv2,0.15686311290773283,0.0003697852728214851,0.018147075148518266,0.014217586410798731,391
16,043_layer3.3.conv1,0.15252168560424423,0.0003751576150646356,0.026124170244075335,0.018808585223163542,391
16,044_layer3.3.conv2,0.1424458679907462,0.00032756959881852926,0.015894085749882332,0.011823959309287535,391
16,045_layer3.4.conv1,0.16560761914457506,0.0004694495813214912,0.020831877795473675,0.015405137497195248,391
16,046_layer3.4.conv2,0.15089595026296118,0.00037274645547649005,0.0156114343283957,0.012431867594387025,391
16,047_layer3.5.conv1,0.13203041379332847,0.00037547253177240905,0.024580021634536542,0.017276395125020074,391
16,048_layer3.5.conv2,0.11851323018674656,0.0003108815328853147,0.017234381195656477,0.01297839737970082,391
16,049_layer3.6.conv1,0.176396029417777,0.0004939912163932844,0.020203056830402657,0.013815497754252648,391
16,050_layer3.6.conv2,0.1584145939525436,0.0003767121290405781,0.018480172366522926,0.01345695450406661,391
16,051_layer3.7.conv1,0.24507522316235106,0.0008598404368471285,0.01415076732331136,0.010390663281810807,391
16,052_layer3.7.conv2,0.22141386770531343,0.0006981908596249212,0.020164852856591853,0.015295782175056859,391
16,053_layer3.8.conv1,0.24965385761102446,0.0009161420783516117,0.015775853566134417,0.012124070141192215,391
16,054_layer3.8.conv2,0.17385423082448637,0.0005687257246658646,0.02156737938174028,0.015730028308998032,391
17,000_conv1,0.14274151421264006,0.0018186169150442404,0.15257041709919764,0.10201536339669305,391
17,001_layer1.0.conv1,0.102445835928859,0.002341992784461122,0.054624870592785424,0.03366040330108112,391
17,002_layer1.0.conv2,0.06207226659826306,0.00023423563170507818,0.050875156591518346,0.03669234460577249,391
17,003_layer1.1.conv1,0.06101615583081075,0.0005202136337231688,0.0894835693492254,0.05784130999626998,391
17,004_layer1.1.conv2,0.03899636046717996,7.992386842195997e-05,0.04976878261342204,0.03464249843988272,391
17,005_layer1.2.conv1,0.024013591439598966,8.171209367697965e-05,0.05543585674796069,0.041629314924196095,391
17,006_layer1.2.conv2,0.021564683217145598,3.155729750680075e-05,0.055604233374775096,0.04127071805766508,391
17,007_layer1.3.conv1,0.032710447740714875,7.401542718574595e-05,0.05074923604219819,0.03656247307825454,391
17,008_layer1.3.conv2,0.0252787055557265,3.528843329568792e-05,0.05585797600662279,0.039380870055685406,391
17,009_layer1.4.conv1,0.022035054295607235,4.061349011796569e-05,0.05968152187664754,0.038221524061895364,391
17,010_layer1.4.conv2,0.02061037517502866,2.491045858485526e-05,0.09265441575821232,0.061782518722466505,391
17,011_layer1.5.conv1,0.05193820067436036,0.00013253439478255443,0.05640912811038718,0.04280735020982085,391
17,012_layer1.5.conv2,0.03759115725717581,5.349270760903737e-05,0.06620426873883109,0.045815839586716846,391
17,013_layer1.6.conv1,0.01936627974462174,1.8606204821716558e-05,0.06348758864661178,0.049106859284071706,391
17,014_layer1.6.conv2,0.020310786888575006,1.5960148425048595e-05,0.06300358796627448,0.04822661058885046,391
17,015_layer1.7.conv1,0.033637547956022154,4.7859471157460625e-05,0.05879271499358702,0.03978564574342773,391
17,016_layer1.7.conv2,0.026368481495305705,2.5187031084132204e-05,0.05130446636505202,0.03543202129361579,391
17,017_layer1.8.conv1,0.0549471203876121,0.00011555003598746503,0.05567889218652205,0.03987365664298941,391
17,018_layer1.8.conv2,0.051247642487478075,7.855616682888797e-05,0.04676336501716086,0.036041307827436204,391
17,019_layer2.0.conv1,0.05849461074527877,9.470640878644909e-05,0.04301926029446062,0.03156819985893748,391
17,020_layer2.0.conv2,0.0643767866846698,0.00010718228944957102,0.03712349878210227,0.027922986407904176,391
17,021_layer2.1.conv1,0.05482494454745136,6.809560042060105e-05,0.026657456606606227,0.019770394659003803,391
17,022_layer2.1.conv2,0.05618955967638194,6.745271019531008e-05,0.03557656017310225,0.026865644847227643,391
17,023_layer2.2.conv1,0.06284046083536295,8.488982561590582e-05,0.039631600423074086,0.028863753299321632,391
17,024_layer2.2.conv2,0.06296189251305807,8.642554171865279e-05,0.036999679627092,0.02587887374141371,391
17,025_layer2.3.conv1,0.056199460335628455,6.745591881832276e-05,0.03917289853421733,0.028558716827616928,391
17,026_layer2.3.conv2,0.05302536741966177,5.793898625353717e-05,0.05872449091658868,0.042785366288341814,391
17,027_layer2.4.conv1,0.04956719070634878,8.454597286781333e-05,0.039982167049426476,0.03151573404144499,391
17,028_layer2.4.conv2,0.045844855849319105,8.189478855787817e-05,0.044181652930220174,0.03135857881748642,391
17,029_layer2.5.conv1,0.07710912319667199,0.00012079693489911326,0.03743384729934912,0.027816824796740434,391
17,030_layer2.5.conv2,0.07507234954696787,0.00010863157521543657,0.0399117184018521,0.03068269809107472,391
17,031_layer2.6.conv1,0.08117184450711741,0.00012968755875751407,0.02737898779872214,0.020254647259980097,391
17,032_layer2.6.conv2,0.07972873470095722,0.00011429808660893062,0.035384110593668666,0.026692802372693482,391
17,033_layer2.7.conv1,0.10022203929131598,0.00017496813988925747,0.02586932221305562,0.01982882510969348,391
17,034_layer2.7.conv2,0.09973516846861681,0.0001531057142839052,0.03309915141723401,0.02434114530044094,391
17,035_layer2.8.conv1,0.164156708837775,0.0005511586819780256,0.03133456189500387,0.023687955715635648,391
17,036_layer2.8.conv2,0.13287750288577335,0.0002601520710506233,0.04492493649114757,0.03335286378271831,391
17,037_layer3.0.conv1,0.22314707222192184,0.0006493026054141746,0.0258817038656629,0.019381974986064827,391
17,038_layer3.0.conv2,0.26562262271218895,0.0007829860626270974,0.01583839060805376,0.012675694867741649,391
17,039_layer3.1.conv1,0.17277535824748255,0.0003837057292774247,0.020292472846028507,0.015552588223724233,391
17,040_layer3.1.conv2,0.16642161786480023,0.00034202731592304983,0.015405225742961425,0.01290560510538683,391
17,041_layer3.2.conv1,0.16811658583028846,0.00038705177228815293,0.02217111980993315,0.016149081310757714,391
17,042_layer3.2.conv2,0.16001173291746004,0.00037052411662812437,0.01665288466321024,0.012337879267081513,391
17,043_layer3.3.conv1,0.15661807297288305,0.000415159911654861,0.022549634524512394,0.018581126643514904,391
17,044_layer3.3.conv2,0.14540464594922103,0.00036983715504732353,0.016321710441183003,0.01240849888485559,391
17,045_layer3.4.conv1,0.16566511531315192,0.0003805259342660079,0.024579003258497226,0.017420732582530376,391
17,046_layer3.4.conv2,0.15022285547479033,0.0003063046630273833,0.016177878359562237,0.01177911211871996,391
17,047_layer3.5.conv1,0.13773546821397284,0.0004873328939196432,0.023218603417723346,0.017890302433886108,391
17,048_layer3.5.conv2,0.12267319435048896,0.0003800035610288851,0.015551658609397504,0.011898482263968606,391
17,049_layer3.6.conv1,0.17828562545120868,0.000464092757458838,0.018372998836792973,0.01372166241245948,391
17,050_layer3.6.conv2,0.15724099164499955,0.00035107877391772624,0.01825505364710814,0.013515181680362597,391
17,051_layer3.7.conv1,0.24542887554601636,0.0007073533257654502,0.013847645270583606,0.010181885248849132,391
17,052_layer3.7.conv2,0.22155756150822506,0.0005638907990806602,0.01816675177522954,0.014340563277344301,391
17,053_layer3.8.conv1,0.2515709162749293,0.0007493767788069455,0.015507542987974436,0.011539112165514388,391
17,054_layer3.8.conv2,0.17364964203532698,0.00045258455360744354,0.024168253435487258,0.018117769683702593,391
18,000_conv1,0.13438500827916747,0.00165790789974141,0.1318142704004386,0.09464414248213687,391
18,001_layer1.0.conv1,0.09704233379200901,0.0020959750158020124,0.05798946283919721,0.034688014871445856,391
18,002_layer1.0.conv2,0.05733299071488478,0.0003467020508059232,0.051184114272101205,0.037648696549056275,391
18,003_layer1.1.conv1,0.057604721482947964,0.0005730795107388234,0.08575869991864121,0.05907131518966195,391
18,004_layer1.1.conv2,0.036963363875970816,7.398609223949865e-05,0.0489596295366025,0.036496850487060944,391
18,005_layer1.2.conv1,0.023825712216174817,0.00011318177859147977,0.05865384896680874,0.0406230771403286,391
18,006_layer1.2.conv2,0.02123600756154036,3.113369272088204e-05,0.059016155347156894,0.04033922495746525,391
18,007_layer1.3.conv1,0.0364435100713578,8.238710036600084e-05,0.05657150517083461,0.041653798051442065,391
18,008_layer1.3.conv2,0.02765335718555676,4.181860203530865e-05,0.05102109986285115,0.03742933573056328,391
18,009_layer1.4.conv1,0.020413433456474252,3.5303400618791434e-05,0.05678145059109296,0.03996784591145722,391
18,010_layer1.4.conv2,0.01926850727604478,2.5938908123092764e-05,0.08982440506241268,0.058395852442776716,391
18,011_layer1.5.conv1,0.05044263022977983,0.00012190554292753047,0.06048080067271176,0.043380181364408375,391
18,012_layer1.5.conv2,0.037630040698763356,5.429370956038003e-05,0.06652274713395974,0.04578261988109915,391
18,013_layer1.6.conv1,0.021134752877856915,2.7757523351883855e-05,0.06740327708548485,0.04745471494450926,391
18,014_layer1.6.conv2,0.021334656168852013,2.5190139747529542e-05,0.06559945891514216,0.04493581394566897,391
18,015_layer1.7.conv1,0.03833144982262036,8.194865399477336e-05,0.0572852669464437,0.03994186809804515,391
18,016_layer1.7.conv2,0.027511745098206544,3.311078002505197e-05,0.0541372695996407,0.039082507922183575,391
18,017_layer1.8.conv1,0.05155858164534087,0.00010455202968094645,0.05794195758453195,0.04135721375825016,391
18,018_layer1.8.conv2,0.05096065158696126,9.303349582183602e-05,0.04251997039201433,0.03412280723630063,391
18,019_layer2.0.conv1,0.05458405824935497,9.33686886393087e-05,0.04136787273868522,0.030731823351139637,391
18,020_layer2.0.conv2,0.059716630612721526,9.243296520668144e-05,0.0392237547124811,0.028405427521692388,391
18,021_layer2.1.conv1,0.05157575323758528,6.584238890222334e-05,0.026384619169814116,0.020139228939762423,391
18,022_layer2.1.conv2,0.05460656476695367,6.83443973502648e-05,0.03599292955391378,0.02584806327676506,391
18,023_layer2.2.conv1,0.062532985954524,0.00011000565044602933,0.039267024436766176,0.030177430492370618,391
18,024_layer2.2.conv2,0.062186715500357814,9.968741921920514e-05,0.03740181406649351,0.027248582282324733,391
18,025_layer2.3.conv1,0.064231696660104,0.00010180003761921588,0.03302662216426591,0.023557579724271565,391
18,026_layer2.3.conv2,0.05602886424878674,6.898096936515516e-05,0.04706947448598805,0.03622922199143484,391
18,027_layer2.4.conv1,0.05159875410882866,8.439094687359792e-05,0.03749494938283463,0.029622915951238303,391
18,028_layer2.4.conv2,0.04746380741791347,7.540538028485717e-05,0.047129629338231616,0.03507409405849475,391
18,029_layer2.5.conv1,0.0760906010466006,0.0001312066362385237,0.03700877776663617,0.02672769117816486,391
18,030_layer2.5.conv2,0.07569317026135257,0.00011776161136806129,0.03800617505578459,0.027997174970038296,391
18,031_layer2.6.conv1,0.0801283286508087,0.00017201432451889164,0.029384357105542207,0.022233176360224833,391
18,032_layer2.6.conv2,0.07968288380890856,0.0001625151442086921,0.035495634604965354,0.027825710193963224,391
18,033_layer2.7.conv1,0.10136540948658648,0.00019796449265963023,0.02881771938652312,0.02171307987499348,391
18,034_layer2.7.conv2,0.10187908412550417,0.00017743415352295018,0.03108921201964666,0.024733122642134276,391
18,035_layer2.8.conv1,0.16660433554131052,0.0006110754088981922,0.03061623996344518,0.023048709881820232,391
18,036_layer2.8.conv2,0.1341501271633236,0.0002945528193447587,0.04308202395451885,0.03432954892035661,391
18,037_layer3.0.conv1,0.22109170875433462,0.0007603569581103309,0.02559058389849672,0.01957641691444251,391
18,038_layer3.0.conv2,0.26611272034132877,0.0009701846626172794,0.01676082633414289,0.011953759559172406,391
18,039_layer3.1.conv1,0.1726033594983313,0.00046379909752240073,0.020166588481413297,0.01468062663436263,391
18,040_layer3.1.conv2,0.1672674648063567,0.0004108588641111195,0.016048393442875036,0.012411368028194352,391
18,041_layer3.2.conv1,0.16679988367020931,0.0004701209136819297,0.022847956898065448,0.01693496169609289,391
18,042_layer3.2.conv2,0.1594222163605263,0.0004242865336768417,0.016322200636134085,0.01206385375200234,391
18,043_layer3.3.conv1,0.15650080607446562,0.00038193102405563104,0.025040644339935306,0.018440898296480174,391
18,044_layer3.3.conv2,0.14525893930812625,0.00032966568601823856,0.01679847938584133,0.012919624844384652,391
18,045_layer3.4.conv1,0.1733577801557758,0.0004390174258347701,0.021072545554893633,0.016304120655418267,391
18,046_layer3.4.conv2,0.1585626916011886,0.0003703271625445023,0.014671203563788567,0.011054831966032018,391
18,047_layer3.5.conv1,0.14489264258414583,0.0004477637949968083,0.022289831173660405,0.0156292625597866,391
18,048_layer3.5.conv2,0.13160296910635347,0.00037337152657703973,0.01670854350972639,0.013070382503076934,391
18,049_layer3.6.conv1,0.17841894242464734,0.0005080791016595643,0.018605736662218597,0.013618530804743971,391
18,050_layer3.6.conv2,0.15993126950529227,0.000411316835673331,0.018057898256660213,0.013018974822409038,391
18,051_layer3.7.conv1,0.2483724592744237,0.0009522961542854994,0.013783274258420606,0.010267659430851693,391
18,052_layer3.7.conv2,0.22614943329483042,0.0007394002012662687,0.01788019354838063,0.014449534710406603,391
18,053_layer3.8.conv1,0.2525861502989479,0.0009697579105320819,0.014844514666382126,0.01130963814766901,391
18,054_layer3.8.conv2,0.17351648592583055,0.000559643120415225,0.021639103532941267,0.016577811241116822,391
19,000_conv1,0.1379265147344688,0.0015093914430215072,0.13398623541313107,0.09808957954196684,391
19,001_layer1.0.conv1,0.10083762620149365,0.0021658268628907545,0.06140117238972896,0.03724984306003515,391
19,002_layer1.0.conv2,0.05729578078136115,0.0002305730320810882,0.05079202109838726,0.03603746712957258,391
19,003_layer1.1.conv1,0.058428787933591075,0.00044674698086313164,0.08489214300169971,0.05538279164707667,391
19,004_layer1.1.conv2,0.03597430244345418,6.393290655832607e-05,0.05068795283212174,0.035281299474725976,391
19,005_layer1.2.conv1,0.026549880881138774,9.208406507889386e-05,0.056858552802700066,0.04122049527805079,391
19,006_layer1.2.conv2,0.02273613844266938,3.01424576132003e-05,0.05568785105750118,0.040515712686453584,391
19,007_layer1.3.conv1,0.0332923659106807,6.388549922640356e-05,0.059916545887758466,0.04236864221612268,391
19,008_layer1.3.conv2,0.025464673750483623,3.818822935460506e-05,0.05062501208448504,0.036159881685272184,391
19,009_layer1.4.conv1,0.020740082056340203,3.4333678252736904e-05,0.060612902122475575,0.04440743761220456,391
19,010_layer1.4.conv2,0.019124449399845374,2.6086638243630507e-05,0.08994829485519215,0.06158751230119421,391
19,011_layer1.5.conv1,0.05046694754334667,0.00011477520428337202,0.06195398781675181,0.04598088965367469,391
19,012_layer1.5.conv2,0.03823171830867105,5.542572705173458e-05,0.0687521676649935,0.04476191118213651,391
19,013_layer1.6.conv1,0.021871083661380325,3.44202846979775e-05,0.061050054146577735,0.04413334858762794,391
19,014_layer1.6.conv2,0.02205398756429515,2.2823587271461382e-05,0.06380675430497071,0.04754562372771886,391
19,015_layer1.7.conv1,0.03994981640630671,0.00010162106178833517,0.0520745404261162,0.03642127044241963,391
19,016_layer1.7.conv2,0.03026667373288242,5.082331738407971e-05,0.050341829182291305,0.03574690177931669,391
19,017_layer1.8.conv1,0.05308309316044421,0.00011061510779236368,0.05600687676653712,0.042002912047749495,391
19,018_layer1.8.conv2,0.04999184510325227,9.822211292565648e-05,0.049529076024671555,0.035027875689604755,391
19,019_layer2.0.conv1,0.05803419765361282,0.0001017446159676679,0.04129005412642887,0.03013958059624461,391
19,020_layer2.0.conv2,0.06236890498120004,0.00010694224926871207,0.03654862018176847,0.028149330826705576,391
19,021_layer2.1.conv1,0.05105290537619073,6.31138614477127e-05,0.02850817470378695,0.0219516168584289,391
19,022_layer2.1.conv2,0.05532942311671536,8.055569747278607e-05,0.034842660326847096,0.02556951589392991,391
19,023_layer2.2.conv1,0.06136217746702607,9.499499561517076e-05,0.0392573511179276,0.02954406492352594,391
19,024_layer2.2.conv2,0.06003214883834809,9.050155619849155e-05,0.03933569393682686,0.02915003059576432,391
19,025_layer2.3.conv1,0.06184926034544435,0.00012061574422743328,0.03241037856147308,0.024842482500122384,391
19,026_layer2.3.conv2,0.05437214562521719,8.152723836707008e-05,0.051016748600596025,0.037962731502660545,391
19,027_layer2.4.conv1,0.05051259747932634,0.00011943141226505036,0.03849011029851774,0.02944942987921619,391
19,028_layer2.4.conv2,0.04639583861317171,9.980305132118242e-05,0.04481184291300516,0.03516343811284203,391
19,029_layer2.5.conv1,0.08017896398749498,0.00017548685307159414,0.03676914976495492,0.026567353358472923,391
19,030_layer2.5.conv2,0.0758671222535698,0.0001366016679295286,0.04157733814115912,0.0318181367057916,391
19,031_layer2.6.conv1,0.08302173652993444,0.00016369611021316722,0.03092043291530027,0.023491856766994453,391
19,032_layer2.6.conv2,0.08158333928269498,0.00014073823742360558,0.03319104205353779,0.02414028356177019,391
19,033_layer2.7.conv1,0.10275819213570231,0.00022589381931053566,0.02700310698276476,0.020987427384399425,391
19,034_layer2.7.conv2,0.10330962744134162,0.0001936487397811472,0.03032724719534478,0.02335634246384536,391
19,035_layer2.8.conv1,0.1677662020411028,0.0006204129903893373,0.029964327573093086,0.024749631478913018,391
19,036_layer2.8.conv2,0.1366540051596549,0.0003327725061088478,0.04041236281568614,0.030427876021517013,391
19,037_layer3.0.conv1,0.21828967576746441,0.0007882128280854092,0.02626456548451268,0.01974143864160278,391
19,038_layer3.0.conv2,0.26332356702641146,0.0009874199297333769,0.015041388437382007,0.01183479857792328,391
19,039_layer3.1.conv1,0.17507636865310353,0.0004669552492604541,0.01992598551882939,0.014968026439647746,391
19,040_layer3.1.conv2,0.16962288026614566,0.0004266231067060304,0.015701436703099304,0.012037352981472366,391
19,041_layer3.2.conv1,0.1780626480955907,0.0004910627305099446,0.021699861470160915,0.015206644247479336,391
19,042_layer3.2.conv2,0.16526881721623413,0.0004386631414864395,0.015065175454616398,0.011935644262894993,391
19,043_layer3.3.conv1,0.16078959708399784,0.00043655056277302345,0.022604222328158813,0.016821743662933198,391
19,044_layer3.3.conv2,0.14815825155324033,0.0003597867163847371,0.01529401751630132,0.011838760690386585,391
19,045_layer3.4.conv1,0.17534995366773948,0.0004701604969875768,0.01939783031721535,0.0139013903513106,391
19,046_layer3.4.conv2,0.16043252213989073,0.0003923028373774562,0.014861625507944,0.011108458185337726,391
19,047_layer3.5.conv1,0.14302653308643404,0.0005259119859657088,0.02053112221862655,0.015922105415385232,391
19,048_layer3.5.conv2,0.12894455859880619,0.0004239984064441718,0.01498810876573003,0.011421682427355443,391
19,049_layer3.6.conv1,0.18177844164773937,0.000507630167319105,0.0170713092281852,0.011877026771002771,391
19,050_layer3.6.conv2,0.16276346432888295,0.00040743646548979315,0.017195336287264336,0.01336447170229694,391
19,051_layer3.7.conv1,0.24520125630718972,0.0009937925444773316,0.014175054425185503,0.01086553298889745,391
19,052_layer3.7.conv2,0.22257052571572306,0.0007966567924187692,0.018542856539768116,0.01385839691474337,391
19,053_layer3.8.conv1,0.251791179446918,0.0010062723804543233,0.014661358591872188,0.011250283539778924,391
19,054_layer3.8.conv2,0.17214977198168444,0.0006061266668904476,0.021012641661709634,0.01579838291033581,391
20,000_conv1,0.13654965099395083,0.001378043891520759,0.14655163544265892,0.10227667129087716,391
20,001_layer1.0.conv1,0.10551266742827338,0.00413980011047984,0.06054234209801051,0.03659890314806275,391
20,002_layer1.0.conv2,0.058720405806627726,0.0003519416400592501,0.05458596304697377,0.041737046938894067,391
20,003_layer1.1.conv1,0.058110350847739696,0.0004012289951093929,0.08555486451913638,0.05843794395114056,391
20,004_layer1.1.conv2,0.03926902882221257,9.154952010808682e-05,0.04965150577172934,0.03578288799511535,391
20,005_layer1.2.conv1,0.0264316163861843,0.00011064488624090837,0.06356661690587667,0.041432615550977256,391
20,006_layer1.2.conv2,0.02310102476793177,3.336098327843141e-05,0.05907465226274184,0.04204106496743918,391
20,007_layer1.3.conv1,0.03319436863369649,6.405727468511294e-05,0.05578362499542363,0.039993085246200426,391
20,008_layer1.3.conv2,0.025658174282144706,4.0031637758346944e-05,0.04768247652755422,0.033973511497840496,391
20,009_layer1.4.conv1,0.020432747288337907,2.7173036393961757e-05,0.06227810701291027,0.043215473271824845,391
20,010_layer1.4.conv2,0.01842546063568205,1.8365147452040708e-05,0.08346485219057113,0.06073821196259839,391
20,011_layer1.5.conv1,0.05278427492531822,0.0001239614959903739,0.0627492545857182,0.04629776985031887,391
20,012_layer1.5.conv2,0.039442574943575406,5.603529875293392e-05,0.06518883674177449,0.04258571580082973,391
20,013_layer1.6.conv1,0.02244264001021986,2.4471538122952967e-05,0.06470470171207544,0.04704321766427496,391
20,014_layer1.6.conv2,0.022792265302670735,1.8924818718167938e-05,0.059351553241058334,0.04296130238357809,391
20,015_layer1.7.conv1,0.03333685412059736,7.32412682115267e-05,0.05472969444652619,0.03925141739957315,391
20,016_layer1.7.conv2,0.02685877372560751,3.493909450364948e-05,0.046727488364945724,0.03269836221863872,391
20,017_layer1.8.conv1,0.05395121801444484,9.084382140656664e-05,0.053986384269113064,0.0377395491543281,391
20,018_layer1.8.conv2,0.0510142648835545,8.533118907601495e-05,0.049658305629792496,0.038106209117388726,391
20,019_layer2.0.conv1,0.06254898021212014,9.606479463138487e-05,0.04406123495958608,0.030771198783779687,391
20,020_layer2.0.conv2,0.06606590614446899,9.96135172867214e-05,0.03428557218581154,0.02491241538351266,391
20,021_layer2.1.conv1,0.05080581239193602,6.477069834531996e-05,0.028703399631838628,0.019911195423742697,391
20,022_layer2.1.conv2,0.054986233010773766,6.634028551228029e-05,0.03557958184653689,0.02488638799103491,391
20,023_layer2.2.conv1,0.060827826819075344,0.00010972364884977073,0.04298189740851009,0.031739680888963256,391
20,024_layer2.2.conv2,0.05963736265669089,9.274975376233124e-05,0.03845419268576888,0.02763296178707219,391
20,025_layer2.3.conv1,0.05606444511572113,8.128546077790233e-05,0.03443785402185573,0.024371231031993453,391
20,026_layer2.3.conv2,0.052507065079363105,7.182986213466729e-05,0.04888599582188393,0.0391421245688684,391
20,027_layer2.4.conv1,0.04571487476377536,5.7583071569362355e-05,0.03976482570701626,0.029079535786630563,391
20,028_layer2.4.conv2,0.04235329294620115,5.1711439894482894e-05,0.04368685028086121,0.03150135978148188,391
20,029_layer2.5.conv1,0.07477639378298578,0.00013647190731169365,0.0355903548854695,0.02530793309850363,391
20,030_layer2.5.conv2,0.07324620125734288,0.00011994239154129293,0.03780331712289382,0.030064472057175193,391
20,031_layer2.6.conv1,0.08005568647133116,0.0001805016902263635,0.028929437069803887,0.022088075152754773,391
20,032_layer2.6.conv2,0.07971290003536913,0.0001492325748770106,0.03236580165625607,0.02518135685346527,391
20,033_layer2.7.conv1,0.10193137898850624,0.00019061241489500523,0.025052205188130804,0.019287401205531025,391
20,034_layer2.7.conv2,0.10258105120924123,0.00017429546055769754,0.02940770478684978,0.02315652452430572,391
20,035_layer2.8.conv1,0.1732380033072913,0.000665612905782511,0.033285174690273846,0.02532664579636345,391
20,036_layer2.8.conv2,0.1366559642431376,0.00032088350547423636,0.040706316277574116,0.029492800483186053,391
20,037_layer3.0.conv1,0.2179511923466802,0.0007108447722523961,0.025476846306895465,0.018999701360543856,391
20,038_layer3.0.conv2,0.26343839971915534,0.000928533701606768,0.015079599710923763,0.01141140257242979,391
20,039_layer3.1.conv1,0.1749464555660172,0.0004677995557500515,0.021076279856367907,0.015584069578180407,391
20,040_layer3.1.conv2,0.169373538049743,0.00041044926925042774,0.014410184366228294,0.010677009083254014,391
20,041_layer3.2.conv1,0.17398024843934248,0.0004535106346489799,0.02007503043170935,0.014382808631694903,391
20,042_layer3.2.conv2,0.1629100236517694,0.00039179605529109443,0.014326724640503951,0.011423756286831807,391
20,043_layer3.3.conv1,0.15755563151196142,0.0004229076138963263,0.020468730859605752,0.015362987181068103,391
20,044_layer3.3.conv2,0.14640274908765197,0.00036247854665518234,0.016419390134219808,0.013271718021732356,391
20,045_layer3.4.conv1,0.17045328979525726,0.00047491800532975526,0.01890184798613725,0.014465305802303045,391
20,046_layer3.4.conv2,0.15830285018286133,0.000381743593104146,0.013696869078111332,0.010801341100503991,391
20,047_layer3.5.conv1,0.14812589187146452,0.0005607403713884067,0.020091485418200664,0.015010172760150207,391
20,048_layer3.5.conv2,0.13403508398691408,0.0004277838141689416,0.014610178918312967,0.010698171761187812,391
20,049_layer3.6.conv1,0.18193812592102743,0.00047821643489873167,0.01672946717075008,0.012650659427573974,391
20,050_layer3.6.conv2,0.1619860120784596,0.0003654462210787614,0.016963693912636683,0.012932299394272899,391
20,051_layer3.7.conv1,0.24812694484620448,0.0008540983571623736,0.012671262868951,0.010343636142656567,391
20,052_layer3.7.conv2,0.22294009871342602,0.0006829210730083107,0.018134776555249452,0.01395213530770026,391
20,053_layer3.8.conv1,0.25057148933410645,0.0008493353020370825,0.015488829489558344,0.011623579316851073,391
20,054_layer3.8.conv2,0.17250688267333428,0.0005257108490618438,0.023722912585620707,0.017530425952330113,391
21,000_conv1,0.1314491587012168,0.0013520493455111172,0.14246321958489716,0.10215066742988128,391
21,001_layer1.0.conv1,0.09621146866275221,0.001874122852210145,0.06200027773744049,0.03531220771889821,391
21,002_layer1.0.conv2,0.054255641625284234,0.00019817627306286355,0.05646666273027864,0.03961745773132898,391
21,003_layer1.1.conv1,0.05901398338720469,0.0003462177614797159,0.09077339334560194,0.0607179612776929,391
21,004_layer1.1.conv2,0.040863348185406316,9.300643659229473e-05,0.05038384175920428,0.036735271001412564,391
21,005_layer1.2.conv1,0.0238587855197051,5.175095741823165e-05,0.06596116480434892,0.0421697707940349,391
21,006_layer1.2.conv2,0.02189962097141139,2.6219989760574024e-05,0.05618897486177971,0.04171540008923341,391
21,007_layer1.3.conv1,0.033384234222876445,6.268506394898157e-05,0.056397057231277456,0.04110396232634978,391
21,008_layer1.3.conv2,0.024789459819969772,3.064686016659686e-05,0.04928317671031569,0.035239869343825725,391
21,009_layer1.4.conv1,0.02078227390108816,2.7317750278895337e-05,0.06240218905132095,0.044379868668696386,391
21,010_layer1.4.conv2,0.01877274029099804,2.471806541312101e-05,0.08702883267653949,0.06079727224584377,391
21,011_layer1.5.conv1,0.05505776604461243,0.00013062483642906596,0.06400308248889454,0.04732872661831432,391
21,012_layer1.5.conv2,0.040595861132759266,5.734987315196929e-05,0.06279350410851524,0.04495065813329979,391
21,013_layer1.6.conv1,0.020967284419938274,2.124615239993121e-05,0.06216267145891904,0.048869169757174105,391
21,014_layer1.6.conv2,0.022197441143148085,2.1792989730841958e-05,0.05243989195501561,0.038750742684149735,391
21,015_layer1.7.conv1,0.03637396031633362,0.0001020024282752613,0.05215207905752313,0.03936421326722367,391
21,016_layer1.7.conv2,0.028555210937014627,4.76981316825185e-05,0.046227021256613286,0.035157305622842,391
21,017_layer1.8.conv1,0.05331553782210173,0.00010600310638633455,0.04820535212434559,0.03757914357308099,391
21,018_layer1.8.conv2,0.050887064369933684,9.465534001045287e-05,0.0436143176089746,0.034522338005020727,391
21,019_layer2.0.conv1,0.06382555808976788,0.00011136529338160849,0.043476670124551524,0.03281277250788736,391
21,020_layer2.0.conv2,0.07026616841211648,0.00011659073014161012,0.035698707869617013,0.025942526474960488,391
21,021_layer2.1.conv1,0.05390771659438872,7.82873799479479e-05,0.02430690586099626,0.018486407606006956,391
21,022_layer2.1.conv2,0.05616497018796099,8.713633765927492e-05,0.035711866482543576,0.02640398700103647,391
21,023_layer2.2.conv1,0.05762242723989974,8.937115292884231e-05,0.03693423041811242,0.02887608029721652,391
21,024_layer2.2.conv2,0.056825500134083315,7.707379169079884e-05,0.037942916631027286,0.030034935318411383,391
21,025_layer2.3.conv1,0.05816181919649434,8.908472421699076e-05,0.03320740297017798,0.026988406420670536,391
21,026_layer2.3.conv2,0.05299172426581078,6.94300365777353e-05,0.050618349751511166,0.03787661931068308,391
21,027_layer2.4.conv1,0.05301882624816712,9.179605016507207e-05,0.03785896392920545,0.02852438851996857,391
21,028_layer2.4.conv2,0.04816050244890668,7.434364966564001e-05,0.04286942664330499,0.03238881220835467,391
21,029_layer2.5.conv1,0.07253706630538492,0.00011663602669718248,0.03604293289763728,0.02719463686077687,391
21,030_layer2.5.conv2,0.0731694097904598,0.0001272188999348221,0.04531713441448093,0.03299218924561158,391
21,031_layer2.6.conv1,0.07812840503919155,0.0001304004353319399,0.029526760876870235,0.022723225644758968,391
21,032_layer2.6.conv2,0.07741013100689939,0.0001070919518305494,0.03358419795347665,0.023913790146128672,391
21,033_layer2.7.conv1,0.09952016794087028,0.0002530365247638347,0.02894068594496903,0.020509329224382793,391
21,034_layer2.7.conv2,0.10024539002067293,0.00021061672578918944,0.03210606684436655,0.02350718313969913,391
21,035_layer2.8.conv1,0.17468762731231996,0.0007196601784303785,0.031095961203735457,0.023945833336438828,391
21,036_layer2.8.conv2,0.1389082083692941,0.00032641309261491683,0.04681681338271908,0.0335535081137288,391
21,037_layer3.0.conv1,0.21770891371895285,0.0007255801961549221,0.027450266845181617,0.020741780103731202,391
21,038_layer3.0.conv2,0.2639757293035917,0.0009712509730435415,0.015547590902005911,0.011974187232624995,391
21,039_layer3.1.conv1,0.1718897967768447,0.0004912006557375205,0.0218244659446586,0.01746144374590996,391
21,040_layer3.1.conv2,0.16876901730018504,0.0004479861219771446,0.01384990333613795,0.01091305560812491,391
21,041_layer3.2.conv1,0.17611878159482156,0.0005264133317728695,0.022306493593981583,0.017135995201942276,391
21,042_layer3.2.conv2,0.16709430054630464,0.00044180641559212613,0.014098308463681207,0.009979485909488292,391
21,043_layer3.3.conv1,0.15983390646136325,0.0004335552018300444,0.02194090191471351,0.0161263814934538,391
21,044_layer3.3.conv2,0.15252896798464954,0.0003700429883283646,0.014968214400681381,0.011402173840380414,391
21,045_layer3.4.conv1,0.17942970341352552,0.00048143441605907195,0.01759408349706464,0.013816981274765177,391
21,046_layer3.4.conv2,0.16460655035112826,0.00038174981161137253,0.013363732182959519,0.009970433116492337,391
21,047_layer3.5.conv1,0.15384266089143045,0.00041658061465233917,0.0208280957078033,0.015546306674924622,391
21,048_layer3.5.conv2,0.1400098344858955,0.00035647382814957274,0.01386994011659168,0.010508694794214237,391
21,049_layer3.6.conv1,0.1886863716499275,0.0005177040264101665,0.017695130664817132,0.012411239778186318,391
21,050_layer3.6.conv2,0.16665070947936123,0.00040461571214476383,0.01652307340815646,0.012296152176972075,391
21,051_layer3.7.conv1,0.24614502371424604,0.0008792592542574418,0.014972432751890623,0.01152480570695952,391
21,052_layer3.7.conv2,0.22060658064339778,0.0006939631670168506,0.017872196601621065,0.013775165626497178,391
21,053_layer3.8.conv1,0.24960472124159488,0.0009874604382161326,0.014617774987097485,0.011328670268775012,391
21,054_layer3.8.conv2,0.17039893396065364,0.0005844389259414447,0.022036002478678412,0.017588736775007996,391
22,000_conv1,0.12833216753990753,0.0012610257796556966,0.14128038833801196,0.10397028506975914,391
22,001_layer1.0.conv1,0.09849152573482002,0.002034087997498926,0.06330998437365998,0.03588695269641399,391
22,002_layer1.0.conv2,0.05499702843520647,0.0002122660387000718,0.0531623237171595,0.04136267928525702,391
22,003_layer1.1.conv1,0.05967129405368777,0.00034417604222752125,0.08656503872157198,0.059450515230956534,391
22,004_layer1.1.conv2,0.04181464444226621,0.000103411920713043,0.049313877935267036,0.03656883389422726,391
22,005_layer1.2.conv1,0.025504134678760604,6.140868162286665e-05,0.06546878602291407,0.04458012515941449,391
22,006_layer1.2.conv2,0.022821418795725117,2.8823161684735348e-05,0.05336054794561348,0.037117378382124984,391
22,007_layer1.3.conv1,0.034582568513577244,7.869805653411342e-05,0.05537311415820111,0.03959656458801992,391
22,008_layer1.3.conv2,0.02584940255822047,3.7205258644175095e-05,0.052330033403806105,0.03673906218115313,391
22,009_layer1.4.conv1,0.021888786181331138,2.9560632614027984e-05,0.05971537540269875,0.0395798713670139,391
22,010_layer1.4.conv2,0.019440947467332607,2.1442756651461636e-05,0.08841407226058869,0.058728309689040775,391
22,011_layer1.5.conv1,0.052545910839305814,0.0001456388531367362,0.05726889606051342,0.043051931467559375,391
22,012_layer1.5.conv2,0.03863957105561748,6.788150772286104e-05,0.06133049448540903,0.0421242870247722,391
22,013_layer1.6.conv1,0.022118854007738477,2.2451815184727926e-05,0.06041916049204057,0.04559147156214232,391
22,014_layer1.6.conv2,0.021692067970667046,2.4229051811806325e-05,0.05345318864388189,0.037531774389652696,391
22,015_layer1.7.conv1,0.035992955560307675,0.00010493106898616113,0.058223206484064316,0.03962235831512546,391
22,016_layer1.7.conv2,0.0279958255998695,3.8858822207405905e-05,0.0446327930116603,0.03417060959968269,391
22,017_layer1.8.conv1,0.05397165903959738,0.00014383912155603498,0.0576677412529925,0.04072526019048961,391
22,018_layer1.8.conv2,0.04937549320804646,9.719487041051633e-05,0.04567419042764076,0.03448943057997219,391
22,019_layer2.0.conv1,0.06075580402865739,0.0001192397416057223,0.04225465296449073,0.032382809885175584,391
22,020_layer2.0.conv2,0.06849914454781186,0.0001485829590618954,0.03275520220400987,0.025837934843014186,391
22,021_layer2.1.conv1,0.053827171387803525,7.273912985829908e-05,0.026549512597695328,0.021093425891283855,391
22,022_layer2.1.conv2,0.05753129831207988,8.605887076114111e-05,0.041096475166829884,0.02993264090585946,391
22,023_layer2.2.conv1,0.06078687920937758,0.0001300874424960967,0.04106800697106437,0.03070321990479805,391
22,024_layer2.2.conv2,0.06056579765494522,0.00011830980952221145,0.04032199104663434,0.029542200898782366,391
22,025_layer2.3.conv1,0.05851996807224306,0.00011332792437300683,0.03129973794143796,0.024204027493662354,391
22,026_layer2.3.conv2,0.0528877202202292,8.453674762389776e-05,0.048240840278641506,0.03935256265589052,391
22,027_layer2.4.conv1,0.050306735074390534,9.580545867909082e-05,0.04090365017837588,0.030755361798539254,391
22,028_layer2.4.conv2,0.045980835890830934,8.197838473251876e-05,0.044842207344094664,0.034009799295295406,391
22,029_layer2.5.conv1,0.07724968018129354,0.00018415633546289834,0.036441095566132696,0.027641103858557864,391
22,030_layer2.5.conv2,0.07388308130757278,0.00017384705208383765,0.044729424510127326,0.032913945071853405,391
22,031_layer2.6.conv1,0.08555151963287302,0.00021739154973874058,0.02936566732111884,0.02289319013423493,391
22,032_layer2.6.conv2,0.08409724387404559,0.00020297669287817639,0.029818079831144748,0.02314745404276582,391
22,033_layer2.7.conv1,0.1031940341033899,0.00028481942956314586,0.02751808913377978,0.020753270047180805,391
22,034_layer2.7.conv2,0.10199161344553198,0.00027055995560362235,0.030588908841067693,0.023365210974352003,391
22,035_layer2.8.conv1,0.169860054445846,0.0007972229454755141,0.0318788487019007,0.02464479184084044,391
22,036_layer2.8.conv2,0.13449374513934031,0.0003676676287702636,0.04550587142124097,0.03424755236542791,391
22,037_layer3.0.conv1,0.2196159923396757,0.0009259243376139245,0.02803273438005601,0.020893609640269064,391
22,038_layer3.0.conv2,0.26484954269493327,0.0011631791097980876,0.01722970034840749,0.012706012119420013,391
22,039_layer3.1.conv1,0.17625058080305528,0.0005579041766909411,0.020127310830368207,0.014559824403693498,391
22,040_layer3.1.conv2,0.1740677207136703,0.0005520811951889096,0.014269471355850714,0.00973699006491108,391
22,041_layer3.2.conv1,0.1676367126081301,0.0005245893488356121,0.01896666341853957,0.01439923000281439,391
22,042_layer3.2.conv2,0.1619254074171376,0.0004885643658630104,0.013064410767606728,0.009967683642913712,391
22,043_layer3.3.conv1,0.16320443212452446,0.0005174388560087971,0.02173979719750919,0.01592658258669854,391
22,044_layer3.3.conv2,0.15286768883314278,0.0004656013836885735,0.013073881252641927,0.010326711211342605,391
22,045_layer3.4.conv1,0.17370961749416483,0.0005382133539138106,0.016902649698996446,0.012329670002551403,391
22,046_layer3.4.conv2,0.1625334623715152,0.0004687834763154007,0.012455252217654901,0.009888503681660027,391
22,047_layer3.5.conv1,0.15500091572704217,0.0005305298436728001,0.018080512127096396,0.0138555191224287,391
22,048_layer3.5.conv2,0.14258224614288495,0.00043291933336940536,0.011905787948249837,0.009641091811430353,391
22,049_layer3.6.conv1,0.18858263620635127,0.0006142649806833919,0.01713155795764613,0.012619148539811652,391
22,050_layer3.6.conv2,0.16583884343543015,0.00045422574135722815,0.016626795686994586,0.012699144107902792,391
22,051_layer3.7.conv1,0.24290428278238876,0.0010495985514175077,0.01376167027560501,0.009872393141258868,391
22,052_layer3.7.conv2,0.21631159863965896,0.0007837901111156717,0.018354680532396174,0.013808205934801658,391
22,053_layer3.8.conv1,0.2495539207440203,0.0011175656544399615,0.015411656139955304,0.010540318426844511,391
22,054_layer3.8.conv2,0.169855209796325,0.0005964227361629493,0.022033452248744544,0.017494683474658695,391
23,000_conv1,0.13106722995410186,0.0012507411406860527,0.13813032615108684,0.09931925520231791,391
23,001_layer1.0.conv1,0.09941422870701841,0.001829818328174469,0.0617904323179622,0.03768781688905345,391
23,002_layer1.0.conv2,0.055297832512070454,0.00018203678833696862,0.04615143834929014,0.03404226568175819,391
23,003_layer1.1.conv1,0.060634707322206036,0.0003697585549364826,0.08357631145918276,0.05667535065366554,391
23,004_layer1.1.conv2,0.04081255107965616,7.631675253398748e-05,0.053102473147863864,0.03849944436485183,391
23,005_layer1.2.conv1,0.02418244842325559,6.647370251363293e-05,0.062441090386330514,0.04747374914051972,391
23,006_layer1.2.conv2,0.020116819087844677,2.0894583844502347e-05,0.06572983234153425,0.044731430058437556,391
23,007_layer1.3.conv1,0.03677717919754403,6.957617138991876e-05,0.05608940207714434,0.04256562525202757,391
23,008_layer1.3.conv2,0.025911639523132683,3.2779173263670805e-05,0.04800771677469769,0.03598082527231716,391
23,009_layer1.4.conv1,0.020744539804451758,3.13458791368343e-05,0.05877326505706477,0.043794316818548486,391
23,010_layer1.4.conv2,0.01811581600905227,2.050399265142932e-05,0.08386002761057859,0.057518412696203405,391
23,011_layer1.5.conv1,0.05101574282340534,0.0001274769263741554,0.050439900379506464,0.03659883007042775,391
23,012_layer1.5.conv2,0.03851278777451009,6.272308830958077e-05,0.05869228351498594,0.04199828020251776,391
23,013_layer1.6.conv1,0.02172874734567864,2.605805783956178e-05,0.06227790318466631,0.04904135390383931,391
23,014_layer1.6.conv2,0.021761945751317017,2.113298697712854e-05,0.04988634694844622,0.037075669344509926,391
23,015_layer1.7.conv1,0.034836725110326275,5.900684669873121e-05,0.057994159168476035,0.04226220272297817,391
23,016_layer1.7.conv2,0.029513404364018794,3.5443643690625886e-05,0.05031276540346908,0.03624053015253686,391
23,017_layer1.8.conv1,0.05389260940844445,0.00012907103154527217,0.056144857448358995,0.03978174500449069,391
23,018_layer1.8.conv2,0.050396537493981056,0.00010908498104014903,0.042995640591708136,0.03277389815970852,391
23,019_layer2.0.conv1,0.06562485965087896,0.00011181622502689104,0.03941676456366515,0.03294003860390957,391
23,020_layer2.0.conv2,0.07137183727853744,0.00012127797528736252,0.034236254500783596,0.02652852892347616,391
23,021_layer2.1.conv1,0.0540276783735246,7.898315991605254e-05,0.029454085811027264,0.02057523153218509,391
23,022_layer2.1.conv2,0.05753493590085098,9.079499134349725e-05,0.03795630025529705,0.030887768668396768,391
23,023_layer2.2.conv1,0.06173526625270429,9.786194858675806e-05,0.039541361079698065,0.029831472773932312,391
23,024_layer2.2.conv2,0.06280270951521366,0.00010484923552653812,0.03850665915513422,0.027532315628997592,391
23,025_layer2.3.conv1,0.0629158181131191,9.956000820347897e-05,0.03288338194202121,0.02422237259694037,391
23,026_layer2.3.conv2,0.054452329397658865,6.193251555156477e-05,0.047653570722300025,0.0366286097153452,391
23,027_layer2.4.conv1,0.051436547847355116,8.048753115223609e-05,0.03742964107766831,0.027733547885123045,391
23,028_layer2.4.conv2,0.046109430696767616,6.726236671482887e-05,0.042185134725137394,0.03167990394228317,391
23,029_layer2.5.conv1,0.07695819731906552,0.00012018567598440222,0.031471705474710863,0.0257023350063662,391
23,030_layer2.5.conv2,0.0726477788270587,0.00010912849604763786,0.04382926589601537,0.03243013445360582,391
23,031_layer2.6.conv1,0.07759530104868248,0.00011804567933644192,0.029817494859862865,0.022018231423017915,391
23,032_layer2.6.conv2,0.07832494518145576,0.00012002071470976206,0.03365535301997004,0.02525495741104622,391
23,033_layer2.7.conv1,0.09963561722156032,0.00019679770851289448,0.02589044461915236,0.01920409812634957,391
23,034_layer2.7.conv2,0.101647296725103,0.00019906260729289464,0.030157664228398044,0.022062077698913267,391
23,035_layer2.8.conv1,0.17225656311606508,0.0007437083632304102,0.033122208056403646,0.02469835897476721,391
23,036_layer2.8.conv2,0.13871871735281346,0.00033119200937991103,0.04594182939718753,0.03383684239611872,391
23,037_layer3.0.conv1,0.22088872102063026,0.0007681343147434294,0.025346890770969927,0.020500715858735134,391
23,038_layer3.0.conv2,0.2667997390260477,0.00098461755214449,0.016631063445631224,0.012581568778335545,391
23,039_layer3.1.conv1,0.17431444526099793,0.000457368746421067,0.019388847906217505,0.01469041150419017,391
23,040_layer3.1.conv2,0.17355723507568965,0.0004297718403344711,0.012544439617072722,0.00952935910539898,391
23,041_layer3.2.conv1,0.17481755724419717,0.0005322482396637185,0.02196466069466963,0.01539379397041509,391
23,042_layer3.2.conv2,0.16699027510174094,0.00043893967396932757,0.011676219645510976,0.008661597511307014,391
23,043_layer3.3.conv1,0.16216181616877656,0.0003850053059404751,0.02415484129641395,0.017236475925828446,391
23,044_layer3.3.conv2,0.1522190896865657,0.00034433722217558707,0.011940175818116077,0.009173743490285716,391
23,045_layer3.4.conv1,0.17470997278495212,0.00043884013745067174,0.019037001138782875,0.013818387696256231,391
23,046_layer3.4.conv2,0.16085526520562599,0.0003584852029817308,0.012125945224900014,0.008897719479108036,391
23,047_layer3.5.conv1,0.15339816557934216,0.0003523560390773263,0.02066163647187608,0.016067749903193877,391
23,048_layer3.5.conv2,0.13792603876432188,0.0002587776567154823,0.012537204951922948,0.0095259630744519,391
23,049_layer3.6.conv1,0.18910449560341017,0.0005702715709599779,0.017245808625547632,0.01226136420384955,391
23,050_layer3.6.conv2,0.16644979375021537,0.0004047084376095286,0.01654745741045255,0.012552966402929088,391
23,051_layer3.7.conv1,0.2437715211792675,0.0008664945452396683,0.013745693628626886,0.009877306016229126,391
23,052_layer3.7.conv2,0.21872118477473784,0.0006928300604558194,0.01707631744975143,0.012626169355667426,391
23,053_layer3.8.conv1,0.2514856797654915,0.0009620333306770978,0.01530144206235421,0.011936940017926292,391
23,054_layer3.8.conv2,0.16896963492988626,0.0005393074985536005,0.020547830412248294,0.01625611063523711,391
24,000_conv1,0.13274867342942206,0.0013720554130005023,0.1400140322534346,0.10362515782430773,391
24,001_layer1.0.conv1,0.0993060390929432,0.002184128177343831,0.060211739838025066,0.037338288419583164,391
24,002_layer1.0.conv2,0.05451508850583335,0.00021751639070796908,0.054858634040355146,0.03812965416136374,391
24,003_layer1.1.conv1,0.05973883927382929,0.0004089559311998602,0.08678136590075955,0.0572085526796824,391
24,004_layer1.1.conv2,0.038748750815649165,0.00010891218887282956,0.053637130011636475,0.038435931747270016,391
24,005_layer1.2.conv1,0.02536956268503233,9.116419721420083e-05,0.057864474898121285,0.04424716984651802,391
24,006_layer1.2.conv2,0.02134762765110835,2.6660253989297332e-05,0.05838635851070225,0.04188379257455839,391
24,007_layer1.3.conv1,0.03504710857901732,7.207825537796178e-05,0.05825490948280839,0.03987094874195139,391
24,008_layer1.3.conv2,0.024541633791954773,2.8342936446120728e-05,0.054290790598371476,0.037336629549956535,391
24,009_layer1.4.conv1,0.021959343679782833,3.873764975682138e-05,0.06533777095345289,0.04293363774844806,391
24,010_layer1.4.conv2,0.019363890659264135,3.1770789859349234e-05,0.07064860616326797,0.05444240606898342,391
24,011_layer1.5.conv1,0.049887103802712676,0.00011299406547746584,0.05742927640006589,0.04156969732781034,391
24,012_layer1.5.conv2,0.039633846972756986,5.50682472509089e-05,0.057067148651562385,0.03917644916727999,391
24,013_layer1.6.conv1,0.02547157826878683,4.505445820553839e-05,0.06623146172826978,0.04860444375326148,391
24,014_layer1.6.conv2,0.024965103263097345,2.8349578636766752e-05,0.055053088190520835,0.04112383189163352,391
24,015_layer1.7.conv1,0.03309105448138988,6.605316179081723e-05,0.062108621011068926,0.04527963957900858,391
24,016_layer1.7.conv2,0.0284214797274917,4.2215786414181566e-05,0.04488253144499631,0.03273880024959139,391
24,017_layer1.8.conv1,0.05592243031353292,0.00011640480603923977,0.052262217802715505,0.04005554384440095,391
24,018_layer1.8.conv2,0.052310988735741054,9.085834476552177e-05,0.042170876926650794,0.03211293906866865,391
24,019_layer2.0.conv1,0.06789722224063885,0.0001083255410131911,0.04706086735327831,0.03594299387500234,391
24,020_layer2.0.conv2,0.07221048893144978,0.00011228869900942531,0.03253352986965769,0.022800568047231424,391
24,021_layer2.1.conv1,0.0544427889196769,6.600111916995601e-05,0.027217659056144993,0.02074903152099118,391
24,022_layer2.1.conv2,0.05890102497756938,7.417719908443766e-05,0.03631729515508482,0.026663117318988915,391
24,023_layer2.2.conv1,0.061607572752648915,0.00012513055705990926,0.039061991192656215,0.029262399388383806,391
24,024_layer2.2.conv2,0.06180199551041169,0.00010649869756995407,0.03654090196587299,0.02706763263286837,391
24,025_layer2.3.conv1,0.0655172333940673,0.00011491722655189007,0.03169815954344366,0.024565273624169878,391
24,026_layer2.3.conv2,0.05725454982093838,8.041887851583697e-05,0.04409195460893688,0.03398683838456111,391
24,027_layer2.4.conv1,0.049727562214712355,6.547204338318941e-05,0.03843651102414629,0.029585489582106182,391
24,028_layer2.4.conv2,0.04472558489521904,5.456753137698554e-05,0.04219276675987361,0.030180555920159807,391
24,029_layer2.5.conv1,0.07527883517582093,0.00011740007106937275,0.03178523983696209,0.02463238162521476,391
24,030_layer2.5.conv2,0.07182184418144129,0.00011041307902751648,0.04127061073220206,0.03310253286941469,391
24,031_layer2.6.conv1,0.08406527377569767,0.00021095357226290877,0.031489201646838265,0.024840075202465416,391
24,032_layer2.6.conv2,0.08427772956812168,0.00018522265458623469,0.031086024828813435,0.024352889237435102,391
24,033_layer2.7.conv1,0.10367764176233955,0.00019921848637172689,0.027930384707141993,0.01931857999369658,391
24,034_layer2.7.conv2,0.10428776012738343,0.00019550407902901162,0.029750327225741776,0.02384062342333418,391
24,035_layer2.8.conv1,0.17735317766742634,0.0006345955336361578,0.030830686983806938,0.023153472175594807,391
24,036_layer2.8.conv2,0.1430874953946799,0.0003255940237658454,0.04608508200292136,0.034810584053867416,391
24,037_layer3.0.conv1,0.22304285689235648,0.0007091187431403842,0.02768118260793038,0.02084885725837161,391
24,038_layer3.0.conv2,0.27137321649152607,0.001014314730852256,0.01642306313145725,0.012109858099781469,391
24,039_layer3.1.conv1,0.17983046896241206,0.0004783339570625239,0.02157289511147317,0.01582714015366647,391
24,040_layer3.1.conv2,0.17720922711483963,0.0004620633695405982,0.012328147749400751,0.009730726566601771,391
24,041_layer3.2.conv1,0.17374092588186874,0.0004596214998521808,0.02033921673503818,0.015254036151707768,391
24,042_layer3.2.conv2,0.16664359089739791,0.0004220351830351472,0.012076807822638012,0.009280159279110294,391
24,043_layer3.3.conv1,0.16990188743604723,0.00047781393564218233,0.020682856380266262,0.015839204206415252,391
24,044_layer3.3.conv2,0.15764934314257653,0.0003997657590781821,0.012393618759447503,0.009399506511251356,391
24,045_layer3.4.conv1,0.17929862994138543,0.0005241196793252731,0.018986039526813128,0.013626858549941154,391
24,046_layer3.4.conv2,0.16516838870618655,0.00041817105729556603,0.011839763459335963,0.009133962489378908,391
24,047_layer3.5.conv1,0.15633691087022156,0.00039480192501574127,0.0191749091768659,0.014077358811587063,391
24,048_layer3.5.conv2,0.14223161061554004,0.0003057267451212209,0.012714135158845225,0.009381590354027471,391
24,049_layer3.6.conv1,0.1893835108527137,0.0005702808210505395,0.01687123697544204,0.012394491608693057,391
24,050_layer3.6.conv2,0.16928431094454988,0.0004520747314721886,0.01574796526972681,0.011705056935937123,391
24,051_layer3.7.conv1,0.24844363857718074,0.0009602946098675944,0.014196366125354258,0.01086288182068979,391
24,052_layer3.7.conv2,0.22298334561802846,0.0007812523098517724,0.017677138187488065,0.012669000413575911,391
24,053_layer3.8.conv1,0.25648687505508627,0.000999637937276407,0.013924340613085775,0.01097774151309996,391
24,054_layer3.8.conv2,0.17140142291860508,0.0005491537721395434,0.020470388435439215,0.01587749335331023,391
25,000_conv1,0.13038788510062504,0.0013554737015489225,0.13736397308348666,0.10123488232375465,391
25,001_layer1.0.conv1,0.092542419572125,0.001651964568894165,0.06100466578816819,0.035557275620263805,391
25,002_layer1.0.conv2,0.05223154401897317,0.00016942219238319511,0.05921644207532633,0.04232502232848253,391
25,003_layer1.1.conv1,0.054424846887855274,0.00028068465718705327,0.07755449424930842,0.054856954368225956,391
25,004_layer1.1.conv2,0.03828404942894226,8.797525984076339e-05,0.052725607042007405,0.03728478413510932,391
25,005_layer1.2.conv1,0.02353556811704736,4.74044009022538e-05,0.059581051679996354,0.044938560763611676,391
25,006_layer1.2.conv2,0.02000955386263559,2.1491530263881742e-05,0.05660024657560553,0.04038176307919945,391
25,007_layer1.3.conv1,0.03746640780831084,8.960976039704225e-05,0.0606185982299759,0.04194669190424248,391
25,008_layer1.3.conv2,0.02626895108510314,4.5230593069096815e-05,0.04856220646101311,0.03644337028741202,391
25,009_layer1.4.conv1,0.021700439279151086,3.274780444354245e-05,0.057832022765367,0.040058179893480345,391
25,010_layer1.4.conv2,0.019036341975431154,2.3875953902529744e-05,0.08877572400228637,0.0626965852948028,391
25,011_layer1.5.conv1,0.05520217597027264,0.0001561717913448491,0.05197284048601032,0.037915262287644275,391
25,012_layer1.5.conv2,0.04123493768941716,8.284616486111014e-05,0.06392609936813333,0.045161002648297505,391
25,013_layer1.6.conv1,0.0243381354910181,5.038606915297461e-05,0.06260609611023434,0.04541557201201469,391
25,014_layer1.6.conv2,0.024959980943680876,3.8168228525162e-05,0.05563487991390814,0.04329415368510525,391
25,015_layer1.7.conv1,0.03192451212774305,5.5856726593028544e-05,0.05368161706417344,0.041134541977181485,391
25,016_layer1.7.conv2,0.02734989364681494,3.378743960346026e-05,0.04697218338154544,0.03453149131359064,391
25,017_layer1.8.conv1,0.057499379110153376,0.00012219142951756063,0.05132820014994445,0.0379037441122295,391
25,018_layer1.8.conv2,0.05439113315833194,0.00010923389223134938,0.042593957443112423,0.033327691548951245,391
25,019_layer2.0.conv1,0.06942914591154174,0.00014801313023407158,0.04438808082667564,0.03279482475016117,391
25,020_layer2.0.conv2,0.07524993577424217,0.00017010720842586258,0.02690631385909452,0.020843259446827904,391
25,021_layer2.1.conv1,0.05386423761182276,0.00010258780380456491,0.026929532319264603,0.0195044289853968,391
25,022_layer2.1.conv2,0.05873041437067034,0.00012684431633362388,0.0349419074160542,0.02710279817673491,391
25,023_layer2.2.conv1,0.058329046229877134,0.00010600505585469386,0.03884004004185905,0.028891853433352297,391
25,024_layer2.2.conv2,0.05940395055333977,0.00010223717325986677,0.03413455295047666,0.025259521418949927,391
25,025_layer2.3.conv1,0.0578019098400155,0.0001027012427218827,0.035414123638679545,0.027449293662734582,391
25,026_layer2.3.conv2,0.05265945180431199,7.3699435751405e-05,0.05013929419979469,0.03471837878321915,391
25,027_layer2.4.conv1,0.04852754855647569,7.249126275668061e-05,0.0363436710426856,0.026201662662376588,391
25,028_layer2.4.conv2,0.044151326384195284,6.839937113347272e-05,0.040324865712422775,0.0315890223311378,391
25,029_layer2.5.conv1,0.07759178795701707,0.00017343553331486232,0.03509943195586459,0.026420186999156072,391
25,030_layer2.5.conv2,0.07436571383605832,0.00016677653474130288,0.035767069783445,0.02824766369796607,391
25,031_layer2.6.conv1,0.08412032498194434,0.00018885197202413596,0.02846335060250632,0.021237252671416025,391
25,032_layer2.6.conv2,0.08634323732512991,0.00019096436100307906,0.029904294548088167,0.022692191989508653,391
25,033_layer2.7.conv1,0.1032063110119394,0.0002974654055103998,0.02690407432954681,0.020659463417833444,391
25,034_layer2.7.conv2,0.10540038417748478,0.0002648675339073578,0.029259450892681334,0.02349945885247691,391
25,035_layer2.8.conv1,0.17512458957293453,0.000778185327362145,0.031551088009963334,0.02357089219408322,391
25,036_layer2.8.conv2,0.14324256922582837,0.00040633904175109425,0.04704189142876086,0.036684568410027714,391
25,037_layer3.0.conv1,0.21984410815684083,0.0009136153877010653,0.026892337991553536,0.019822405216608725,391
25,038_layer3.0.conv2,0.26762119068971374,0.001252802566996225,0.016209060111838376,0.013348149410970483,391
25,039_layer3.1.conv1,0.1783846762517224,0.0005948245839095048,0.01929562450371418,0.01420500165656451,391
25,040_layer3.1.conv2,0.17641441314421652,0.0005641195818134846,0.011645117852401276,0.008810489029272704,391
25,041_layer3.2.conv1,0.17380037360712694,0.0006149238290540648,0.019564131719211047,0.013656645178816497,391
25,042_layer3.2.conv2,0.16418359931701285,0.0005491130561741352,0.011679419146510838,0.0091887664481787,391
25,043_layer3.3.conv1,0.16679701022327403,0.0005177424195639234,0.022355119209702196,0.016569524382851388,391
25,044_layer3.3.conv2,0.15775580164950218,0.0004483695127558765,0.012110084800012147,0.00891491982483871,391
25,045_layer3.4.conv1,0.18316519738691847,0.0006820014544249714,0.0176546012942178,0.013690615152517424,391
25,046_layer3.4.conv2,0.17024430476338662,0.0005562063794325479,0.011461681181434964,0.008166515883823635,391
25,047_layer3.5.conv1,0.15578549042763307,0.0004658889528933591,0.020348612564675305,0.014749244737135713,391
25,048_layer3.5.conv2,0.13985214367165894,0.0003652236571082372,0.011840920708628798,0.00904962115351098,391
25,049_layer3.6.conv1,0.19094430994423453,0.0006992858605373922,0.016561610351159647,0.012695125377053675,391
25,050_layer3.6.conv2,0.16699974336054013,0.0005245857891853466,0.01628850620658145,0.012049332490714786,391
25,051_layer3.7.conv1,0.24834928857853344,0.0011818012293625876,0.014368824234632094,0.010922048489450829,391
25,052_layer3.7.conv2,0.22232462602960484,0.0009158314088529157,0.016084198663925246,0.011782186283837811,391
25,053_layer3.8.conv1,0.25337586325147876,0.0011467273864437938,0.014174193750903242,0.011594684679398417,391
25,054_layer3.8.conv2,0.17000667505023426,0.0006367295448155008,0.021451237423563092,0.015317281999563722,391
26,000_conv1,0.13306498790488525,0.0013127058496835327,0.13248310554126524,0.10588526773155828,391
26,001_layer1.0.conv1,0.09014995980178914,0.001536178290221223,0.06038318168560384,0.036827976605571085,391
26,002_layer1.0.conv2,0.048914893918558765,0.0002074215337901724,0.05654892504683879,0.03995430632614621,391
26,003_layer1.1.conv1,0.05583183759885371,0.0003058976026642712,0.08721007589633992,0.059747042322093526,391
26,004_layer1.1.conv2,0.039034097152940754,8.57500736457825e-05,0.04838128637982761,0.031978897617473065,391
26,005_layer1.2.conv1,0.026377576522414795,6.569307719434274e-05,0.061282693220185154,0.044426128026399905,391
26,006_layer1.2.conv2,0.0214307592976886,2.1681690815680767e-05,0.04899807699214708,0.038491240561176567,391
26,007_layer1.3.conv1,0.0355958686212597,6.277967871095159e-05,0.05525085964106375,0.040981122213845436,391
26,008_layer1.3.conv2,0.026772258469782522,3.6716281339822647e-05,0.051375669961803545,0.03795568543905207,391
26,009_layer1.4.conv1,0.022546786095594507,3.23789154982948e-05,0.05293138291315141,0.04002032942019233,391
26,010_layer1.4.conv2,0.019417788671410603,1.9951269404065773e-05,0.09237577550723303,0.06466987679898092,391
26,011_layer1.5.conv1,0.05405854593838572,0.00014890379397548533,0.05533251911699486,0.03853184533661918,391
26,012_layer1.5.conv2,0.04096417073303324,7.911451502872532e-05,0.06430471728376025,0.04720770677115249,391
26,013_layer1.6.conv1,0.02294222047538175,2.5134017695962758e-05,0.061666078020549374,0.04387705217111507,391
26,014_layer1.6.conv2,0.023523433650831888,1.80556474288602e-05,0.06269968507613134,0.045246959655636514,391
26,015_layer1.7.conv1,0.03840388290469756,6.963418149225921e-05,0.05841589042411634,0.043670883700261676,391
26,016_layer1.7.conv2,0.030368323564110206,3.516630530506638e-05,0.046308055667065515,0.032611662585293334,391
26,017_layer1.8.conv1,0.05675331258293613,0.0001403947539307211,0.05349861797167297,0.03742616158861699,391
26,018_layer1.8.conv2,0.053263266287420105,0.00013647800670831163,0.04045128687310195,0.029294564177505707,391
26,019_layer2.0.conv1,0.06877081416299581,0.00013173183984357614,0.04757106162344284,0.033108286835669666,391
26,020_layer2.0.conv2,0.07424446301120322,0.00014573989362208235,0.029044138031530543,0.022175527461248207,391
26,021_layer2.1.conv1,0.054136528755011765,7.234543498894908e-05,0.027677843044244012,0.022047469991656587,391
26,022_layer2.1.conv2,0.057016415383352344,7.579049815975309e-05,0.03626843483265861,0.026985829222753287,391
26,023_layer2.2.conv1,0.06145139077625921,0.00011346301029357356,0.03571170035747925,0.025951765470510705,391
26,024_layer2.2.conv2,0.05970185547304885,0.00010308716942683755,0.03734013919219556,0.028713985724359244,391
26,025_layer2.3.conv1,0.0606337379845207,0.000112493292655762,0.033992124631984325,0.026071259684542804,391
26,026_layer2.3.conv2,0.05424584882795963,7.57188746466006e-05,0.04706210359288847,0.03804414365148507,391
26,027_layer2.4.conv1,0.042368315569961165,5.4474577344256706e-05,0.036959008678108814,0.02857404323215611,391
26,028_layer2.4.conv2,0.03884943834770366,4.863346815330775e-05,0.0397320847248111,0.028826155214158773,391
26,029_layer2.5.conv1,0.07675165646826215,0.00013090349300919762,0.03850115840770992,0.030040827139008967,391
26,030_layer2.5.conv2,0.07412709779751575,0.00011797263225961363,0.04022190712038469,0.02956161670187489,391
26,031_layer2.6.conv1,0.08164632147954554,0.00014825854740350888,0.028072263928596377,0.02160576665012858,391
26,032_layer2.6.conv2,0.082594207733336,0.00014106668159142351,0.029284741250447745,0.022081244930742983,391
26,033_layer2.7.conv1,0.1097100084395055,0.00024271419854765552,0.025619090225789436,0.01922917795591661,391
26,034_layer2.7.conv2,0.10972120527111356,0.00023245184073436218,0.027899813301501174,0.020725563083470927,391
26,035_layer2.8.conv1,0.17573035708473772,0.0007697902533807185,0.030494171464649746,0.023310398252242612,391
26,036_layer2.8.conv2,0.14546943196783896,0.0003927654715188446,0.04700459689131159,0.033235593902337504,391
26,037_layer3.0.conv1,0.22546240702614456,0.0008715600678549512,0.026102970665824916,0.01939729143404629,391
26,038_layer3.0.conv2,0.27132255463953825,0.0010757287017691824,0.016591796144691664,0.012343831494596424,391
26,039_layer3.1.conv1,0.17349295327654274,0.0004987700549743644,0.019532495035182226,0.01533217341854043,391
26,040_layer3.1.conv2,0.17475230673618633,0.00047384651074610165,0.013487535959250606,0.00998306252605941,391
26,041_layer3.2.conv1,0.17559954327771732,0.0005138885357113959,0.018644887929731062,0.014926453293667832,391
26,042_layer3.2.conv2,0.16860769852957763,0.0004454898370585235,0.011316456324163327,0.008620396879393526,391
26,043_layer3.3.conv1,0.1689176780297933,0.0004613472224446434,0.021152741635468958,0.016162795878155993,391
26,044_layer3.3.conv2,0.1589842650591565,0.00040097631594484054,0.012225717232223777,0.00949624865912224,391
26,045_layer3.4.conv1,0.18044650659460545,0.0005189928616853787,0.018067766113135732,0.014237502945087566,391
26,046_layer3.4.conv2,0.1678004350770465,0.0004444230243638887,0.01210976130477638,0.009404393804765487,391
26,047_layer3.5.conv1,0.15942046978055974,0.0004379255473135335,0.019672443280978304,0.016170796777493366,391
26,048_layer3.5.conv2,0.1413875476402395,0.00033417507749131103,0.012550460477664773,0.009076140941690876,391
26,049_layer3.6.conv1,0.20116338282442459,0.0006496436341962286,0.016689943496019582,0.012879735633516324,391
26,050_layer3.6.conv2,0.17386403908510037,0.0004891653923366525,0.015164438736555569,0.011554496262110676,391
26,051_layer3.7.conv1,0.24593332474646362,0.0009717798268696135,0.013184801637120021,0.010395138941862553,391
26,052_layer3.7.conv2,0.22100652498967202,0.0007859033893038991,0.01643036230195351,0.012798118615986915,391
26,053_layer3.8.conv1,0.2514235264886066,0.0010326040060921055,0.014699379935448417,0.011426090238019077,391
26,054_layer3.8.conv2,0.16769175414386614,0.0005709143354535873,0.023310693851688304,0.017070915417757078,391
27,000_conv1,0.1310778334546272,0.0012053793008857568,0.14203660540527466,0.10113262261092494,391
27,001_layer1.0.conv1,0.08949388762759736,0.001104322483600666,0.06149516867814556,0.0359912854232103,391
27,002_layer1.0.conv2,0.04852148561316835,0.0001339374038877494,0.051188100563020436,0.0350893636237172,391
27,003_layer1.1.conv1,0.059028495141231194,0.00032125224810800783,0.08519452714728658,0.057916803347674,391
27,004_layer1.1.conv2,0.03844435049501984,6.690121996738032e-05,0.04588110545221606,0.035484549291508724,391
27,005_layer1.2.conv1,0.02656792385070144,4.725411199540312e-05,0.056542289812489835,0.045564773058756856,391
27,006_layer1.2.conv2,0.02206389394248157,2.1097077959958182e-05,0.05580742554494973,0.04153145536881438,391
27,007_layer1.3.conv1,0.03628165812214927,7.210387327822795e-05,0.0631896015086933,0.04397551627961456,391
27,008_layer1.3.conv2,0.02687103120024171,3.653108861214108e-05,0.04931031166881923,0.03700841065794672,391
27,009_layer1.4.conv1,0.020999284080036765,2.5766101143155358e-05,0.054389053615658066,0.03976787376273789,391
27,010_layer1.4.conv2,0.01855393350981843,1.796079379263668e-05,0.08194365730354934,0.05603562668845381,391
27,011_layer1.5.conv1,0.05405810566337974,0.00013079653741701527,0.05309794313718362,0.039392734750454975,391
27,012_layer1.5.conv2,0.041101337608207215,7.280499624009594e-05,0.06512991702076942,0.044379973668184594,391
27,013_layer1.6.conv1,0.025451854497785,3.826060487601378e-05,0.06401223847163184,0.046518146284910696,391
27,014_layer1.6.conv2,0.025470698345214357,2.3618965971435642e-05,0.06069384624298318,0.04603578994247675,391
27,015_layer1.7.conv1,0.03637477139587445,8.166875875913735e-05,0.056222250355053884,0.04132167103110761,391
27,016_layer1.7.conv2,0.032349799452421,4.969544522096165e-05,0.0497304175885783,0.03584705610245457,391
27,017_layer1.8.conv1,0.055762043651526844,0.00010486969266627552,0.053331439172943924,0.03988209499985559,391
27,018_layer1.8.conv2,0.049595970860527604,7.964453819950517e-05,0.035744383214766584,0.026517337093445448,391
27,019_layer2.0.conv1,0.06479935880626558,0.00010129867589028438,0.04789398291651868,0.0339785082441043,391
27,020_layer2.0.conv2,0.06888359530693125,0.00010439524659046177,0.02750749459417309,0.020533080852639832,391
27,021_layer2.1.conv1,0.055464653207746614,9.880354812224958e-05,0.025539364582356956,0.018881570060438235,391
27,022_layer2.1.conv2,0.05827991961670653,8.125233763738113e-05,0.03186782558055674,0.023826022117095114,391
27,023_layer2.2.conv1,0.05898434217171291,9.74533860878899e-05,0.03733320123654992,0.02785784271425205,391
27,024_layer2.2.conv2,0.05918912844889609,8.810908246564527e-05,0.035251569110219684,0.02661406302305018,391
27,025_layer2.3.conv1,0.05992754457323143,9.858311547757733e-05,0.03058357820774218,0.023161624082289715,391
27,026_layer2.3.conv2,0.054035789240389834,8.359511441971123e-05,0.04699643090811839,0.03536480950774173,391
27,027_layer2.4.conv1,0.047332673478881114,8.477713746123453e-05,0.037299162818609004,0.02806368085542634,391
27,028_layer2.4.conv2,0.04413439443482615,8.198645414691608e-05,0.04066755985984069,0.029659760708460176,391
27,029_layer2.5.conv1,0.0710176970342846,0.00010532494168747665,0.03249317247987293,0.025651988220850613,391
27,030_layer2.5.conv2,0.0704071270706861,0.00011218438508466596,0.036439299750158693,0.02938853659021323,391
27,031_layer2.6.conv1,0.07864708001808741,0.0001293411267313709,0.026492906372447538,0.020154723088439117,391
27,032_layer2.6.conv2,0.0810742390239635,0.0001319402860332419,0.031028104707790133,0.022149011373782373,391
27,033_layer2.7.conv1,0.10814528098649076,0.00025771195577385317,0.02697019859916832,0.020147533448610897,391
27,034_layer2.7.conv2,0.10785296464057835,0.00021037214520811323,0.03005802425459269,0.02320902400563796,391
27,035_layer2.8.conv1,0.17524168790911165,0.0007772852324635093,0.03066944669930787,0.024403774792745508,391
27,036_layer2.8.conv2,0.14048347439226286,0.00032703840275776636,0.049048618916721354,0.03782853960814906,391
27,037_layer3.0.conv1,0.21945978617271805,0.0007563420980161717,0.027098136572217147,0.020922962755563563,391
27,038_layer3.0.conv2,0.26715049521087686,0.0009674057292646393,0.016005047882614268,0.011562758261396197,391
27,039_layer3.1.conv1,0.1766805825635905,0.0004286192652322579,0.019337497875103346,0.01507540611255434,391
27,040_layer3.1.conv2,0.17778188003527234,0.0004314936653007709,0.011460097300719424,0.00906498099374636,391
27,041_layer3.2.conv1,0.18158632356797338,0.0004864237528912213,0.019007006308159588,0.013827164081189277,391
27,042_layer3.2.conv2,0.1726562622601114,0.0004329773413381498,0.010316531061721609,0.008150570673378743,391
27,043_layer3.3.conv1,0.1662733408305651,0.0004138630273797933,0.02091940809939219,0.015509646700434433,391
27,044_layer3.3.conv2,0.1558967752529837,0.00035911150770352035,0.011777980368158454,0.008918378532435227,391
27,045_layer3.4.conv1,0.18651849252488606,0.0005373806781528712,0.019772255841014653,0.014678679241541844,391
27,046_layer3.4.conv2,0.1705540023801272,0.00043289517613957773,0.012044381146217087,0.009251218103602674,391
27,047_layer3.5.conv1,0.1576176315469815,0.00040209940745933315,0.01754681002467012,0.013309897616893985,391
27,048_layer3.5.conv2,0.14131142042786873,0.0003298536985013381,0.012625716095322446,0.009627509067696587,391
27,049_layer3.6.conv1,0.1946788814557178,0.0005313166581160725,0.015287985365181563,0.011465592879965436,391
27,050_layer3.6.conv2,0.17276810332561088,0.00042797054441691407,0.01617706325444434,0.012268246727860824,391
27,051_layer3.7.conv1,0.248797581895538,0.0009250908243790962,0.012825620527098375,0.009801175744562898,391
27,052_layer3.7.conv2,0.22170035491514084,0.0007223956992407354,0.017132639984355803,0.012649606966245086,391
27,053_layer3.8.conv1,0.25310663676932643,0.0009909645846485904,0.014152474602383627,0.010756905634084471,391
27,054_layer3.8.conv2,0.16688329303432303,0.0005635190927470064,0.021705067731704903,0.016533792519556733,391
28,000_conv1,0.12709321946744115,0.0011155577946888179,0.1378131975420601,0.09569448899760795,391
28,001_layer1.0.conv1,0.09655040904612797,0.0017547723644014915,0.06225097184647437,0.0339823623618935,391
28,002_layer1.0.conv2,0.047611577941290555,0.0001414284121728812,0.05165446728262949,0.03866730248440895,391
28,003_layer1.1.conv1,0.05859524386522867,0.00034557971735446006,0.0904086564261558,0.05880509593684946,391
28,004_layer1.1.conv2,0.03929208673994102,8.18662048436248e-05,0.053930356072278605,0.03953400761034263,391
28,005_layer1.2.conv1,0.027336242310988627,5.878806513771005e-05,0.057242413974970596,0.041676881857898744,391
28,006_layer1.2.conv2,0.023033638968301552,3.222116088004261e-05,0.06011212515905845,0.0473594115126092,391
28,007_layer1.3.conv1,0.03544096836386739,7.39482140452209e-05,0.06764551295179522,0.046338120391828,391
28,008_layer1.3.conv2,0.02577437838668104,3.1034879911030094e-05,0.047365690411566914,0.03215990448589052,391
28,009_layer1.4.conv1,0.02186211347437042,2.8944823091563534e-05,0.06215767980085166,0.04243368271912613,391
28,010_layer1.4.conv2,0.018196191002741037,2.417174296672674e-05,0.07386539388841609,0.05338796163759897,391
28,011_layer1.5.conv1,0.05213337368748682,0.0001118293573959192,0.05593910787175374,0.041759577939207114,391
28,012_layer1.5.conv2,0.04248902945281447,6.831558443673664e-05,0.062091086196619065,0.042196299836942674,391
28,013_layer1.6.conv1,0.026732278630480437,3.6847269688933845e-05,0.061434892723774864,0.04587275757191185,391
28,014_layer1.6.conv2,0.025690292258320563,2.5567946964640486e-05,0.0565553269781651,0.04184830081785169,391
28,015_layer1.7.conv1,0.03153906191896905,6.307417054292417e-05,0.05841954116223623,0.04109994235787074,391
28,016_layer1.7.conv2,0.027009289699804297,3.616574348104431e-05,0.05224864815304767,0.0406626968639882,391
28,017_layer1.8.conv1,0.05667650215613568,0.0001307668847759509,0.054418517913802734,0.040564636511183375,391
28,018_layer1.8.conv2,0.05387764088237834,0.00011490024691581183,0.042686165992261084,0.03184567301324813,391
28,019_layer2.0.conv1,0.06796805481509784,0.00017389812187401654,0.04525181079109776,0.0359681001706645,391
28,020_layer2.0.conv2,0.07292968371068426,0.0001733620177489766,0.02992071345878129,0.022780248676161484,391
28,021_layer2.1.conv1,0.052232653941111186,7.751463181525408e-05,0.026221908217795478,0.02048913433284413,391
28,022_layer2.1.conv2,0.05577052385567704,7.481323801289451e-05,0.034097055726780796,0.028539712599223693,391
28,023_layer2.2.conv1,0.05966209110510928,0.00010771698496623346,0.04015614469012003,0.02982474390948144,391
28,024_layer2.2.conv2,0.059729498460926976,0.00011092593483545297,0.034934990873635566,0.02597928518017956,391
28,025_layer2.3.conv1,0.05972367041098797,0.00011151744334545041,0.03401666648434791,0.025129630968513117,391
28,026_layer2.3.conv2,0.05300610149017228,8.314240238448773e-05,0.04916759998620371,0.0374880111090397,391
28,027_layer2.4.conv1,0.0480980701896998,7.461742090308183e-05,0.038820992888226394,0.028936903675822474,391
28,028_layer2.4.conv2,0.04494613533377495,7.108442219777361e-05,0.04445716647950508,0.031311519115610795,391
28,029_layer2.5.conv1,0.07318692702962004,0.00012945177502431474,0.03394720321239801,0.024232785931687956,391
28,030_layer2.5.conv2,0.07062781732672316,0.00011347453171050691,0.03865892870167894,0.02946388538863226,391
28,031_layer2.6.conv1,0.07996193248102122,0.00014233357301738844,0.026667699717027503,0.020689306385457636,391
28,032_layer2.6.conv2,0.07999020721525182,0.00014220666450999713,0.028742313985397224,0.02247744944346021,391
28,033_layer2.7.conv1,0.10298542665017535,0.0002560923100837359,0.02582532683318696,0.020022385799353906,391
28,034_layer2.7.conv2,0.10361056751988428,0.00022004424534954013,0.02944056074286256,0.022587486161750076,391
28,035_layer2.8.conv1,0.17152056448599873,0.0006474846271718598,0.028003933616289948,0.02230939507337914,391
28,036_layer2.8.conv2,0.1424419605709098,0.0003668825242449693,0.04626461304530687,0.03632325925771177,391
28,037_layer3.0.conv1,0.21483603760104655,0.0008084569354867704,0.02756415375528763,0.020746370239687006,391
28,038_layer3.0.conv2,0.2619481149613095,0.0011169396532263176,0.01643140086449523,0.012627997453208696,391
28,039_layer3.1.conv1,0.17277961906493472,0.00048769417199202164,0.019230884046021662,0.014867450962529253,391
28,040_layer3.1.conv2,0.17238741827285503,0.00048391486707869205,0.01180453441132291,0.008630177970161057,391
28,041_layer3.2.conv1,0.17470793551801111,0.0004975473245347681,0.020677065651249285,0.015055469216769772,391
28,042_layer3.2.conv2,0.16505620133160326,0.00046808514289546285,0.011189990183174582,0.008744893217800304,391
28,043_layer3.3.conv1,0.16835107071244199,0.0005349106185796731,0.02115591165698681,0.014647141828430413,391
28,044_layer3.3.conv2,0.15782711454821974,0.0004622696881850831,0.011660559692864178,0.008942554073170638,391
28,045_layer3.4.conv1,0.18039864766628236,0.0006064259060903007,0.017918991886513327,0.01401721545559563,391
28,046_layer3.4.conv2,0.16602011937695696,0.0004711913315458907,0.010956117478922806,0.00786163362798482,391
28,047_layer3.5.conv1,0.163789910104726,0.0005023008080549153,0.019290638021350875,0.013997892364153842,391
28,048_layer3.5.conv2,0.1476440211505536,0.0003899642623531978,0.011322483723989718,0.008466671569903925,391
28,049_layer3.6.conv1,0.18949532066769612,0.0006203744905465478,0.01656913927159212,0.012385856657901366,391
28,050_layer3.6.conv2,0.16639170134463882,0.0004711848217393462,0.015952460819927086,0.012512195689709979,391
28,051_layer3.7.conv1,0.24144037247008984,0.0010148508016268112,0.013774192696201469,0.010102680249778775,391
28,052_layer3.7.conv2,0.21593790636647997,0.0007963546384024203,0.01677800090608733,0.012986184972277512,391
28,053_layer3.8.conv1,0.2479188071416162,0.0010522129892680879,0.013688394106919174,0.010893692927977379,391
28,054_layer3.8.conv2,0.16429285093417864,0.0005741881528223275,0.022433958851452142,0.016316771303308726,391
29,000_conv1,0.13142768005885735,0.0013496124995364192,0.13000365910495457,0.09759837704930871,391
29,001_layer1.0.conv1,0.09791337019380401,0.0018981974375468207,0.06695091254811775,0.040053441139500476,391
29,002_layer1.0.conv2,0.052143549703804734,0.00017344479838971982,0.04749737328611468,0.03241395030816734,391
29,003_layer1.1.conv1,0.06172825983437279,0.0003437816984728668,0.09143912284924557,0.06131954199950104,391
29,004_layer1.1.conv2,0.040318562103735515,8.780294522033028e-05,0.05124334071066452,0.03683635556687176,391
29,005_layer1.2.conv1,0.02540891531311795,4.039003830961054e-05,0.06496209861158961,0.042089041085619706,391
29,006_layer1.2.conv2,0.022482831016792666,2.480824967136775e-05,0.061051151317944294,0.04419127758829028,391
29,007_layer1.3.conv1,0.033874751676035965,6.802904057252607e-05,0.0670098455116192,0.04546706143461018,391
29,008_layer1.3.conv2,0.025646061088670704,3.881704715056407e-05,0.04876234183658708,0.03666556156989052,391
29,009_layer1.4.conv1,0.024860395923676087,4.250630022943299e-05,0.06035919992440833,0.045551700922521816,391
29,010_layer1.4.conv2,0.020328747249110733,2.0164683114999495e-05,0.07770722418960765,0.05671654026943733,391
29,011_layer1.5.conv1,0.049866722239290964,0.00011553134874866264,0.05495644834198062,0.04048271146539445,391
29,012_layer1.5.conv2,0.04092437586725673,7.454350692917013e-05,0.0659478323961961,0.04486201583373676,391
29,013_layer1.6.conv1,0.024915170260345388,4.093470999398229e-05,0.060822941602089814,0.04608563452086881,391
29,014_layer1.6.conv2,0.024013388175469684,2.3987094401866152e-05,0.06373193754513552,0.04687543580901922,391
29,015_layer1.7.conv1,0.035722965741401436,8.246049060544724e-05,0.06535462089541072,0.04765248742404183,391
29,016_layer1.7.conv2,0.02806587176173544,4.013925337265133e-05,0.05335678041426857,0.0409517107691417,391
29,017_layer1.8.conv1,0.05407331394665229,0.00011651151115375487,0.056359589602557804,0.039391188254035134,391
29,018_layer1.8.conv2,0.05298288269421024,0.00010393895204622184,0.03911120808183015,0.02981175379528379,391
29,019_layer2.0.conv1,0.06696444314420985,0.0001420150345507352,0.04514581409997626,0.032688530897048415,391
29,020_layer2.0.conv2,0.07404698512476424,0.00015147742998518517,0.028903165188314088,0.02128694601149774,391
29,021_layer2.1.conv1,0.05689910488665256,9.513698928532944e-05,0.024546010240023244,0.018359115235263148,391
29,022_layer2.1.conv2,0.0580922521727012,9.584945243380988e-05,0.03382487330855208,0.026601514230283663,391
29,023_layer2.2.conv1,0.06113731585766958,0.00011332898305888755,0.037815811898152044,0.028931795310945634,391
29,024_layer2.2.conv2,0.06061345321671737,0.00010197118428103592,0.03462855681831933,0.026427337407039887,391
29,025_layer2.3.conv1,0.058653554619501926,0.0001231444676581604,0.0340955975370796,0.025966487714224846,391
29,026_layer2.3.conv2,0.05382482325443831,9.780208488165045e-05,0.04430377539918486,0.03250859194410444,391
29,027_layer2.4.conv1,0.0494462838420249,8.099077767558145e-05,0.03648359358706393,0.024291082063896446,391
29,028_layer2.4.conv2,0.04579432316772316,7.559963628926691e-05,0.040756634675872795,0.031235122343679093,391
29,029_layer2.5.conv1,0.07705068593973394,0.0001419875918897964,0.03334230079917107,0.026481145921639946,391
29,030_layer2.5.conv2,0.07492852692142167,0.00013241318407403602,0.04095158760708011,0.030165526079633204,391
29,031_layer2.6.conv1,0.08102646238549287,0.00016744961341981154,0.02880037459132657,0.02065392248778881,391
29,032_layer2.6.conv2,0.08109163433846915,0.00015821205968966686,0.03043811182011696,0.022462992668574395,391
29,033_layer2.7.conv1,0.10369296370031279,0.00027482412127559884,0.02661156843432322,0.0197366248725098,391
29,034_layer2.7.conv2,0.1039391788261016,0.0002488510350031059,0.027358820999732025,0.020843333563577336,391
29,035_layer2.8.conv1,0.17886856623241665,0.00086874154975633,0.03129483038201378,0.02422701005657318,391
29,036_layer2.8.conv2,0.1454863976067899,0.00046393785575676166,0.04881544430795855,0.03674293009881981,391
29,037_layer3.0.conv1,0.21357306971421938,0.0008845770257206453,0.029571164782275745,0.020927203429616528,391
29,038_layer3.0.conv2,0.26453501893126447,0.0012484255254696236,0.016977397065106963,0.01287024691581099,391
29,039_layer3.1.conv1,0.17761807764887505,0.0005942210761934394,0.02031306331869914,0.015141530193061331,391
29,040_layer3.1.conv2,0.1776819671778118,0.0005859183365030732,0.013152721129557895,0.009436194122236041,391
29,041_layer3.2.conv1,0.18045939587037582,0.0006513702655441128,0.021039451620576275,0.014918071558758182,391
29,042_layer3.2.conv2,0.17381608890145636,0.0006028280897351808,0.010685923479265495,0.008405273510382135,391
29,043_layer3.3.conv1,0.1758166585317658,0.0005883450444123493,0.021524660341577698,0.015401649706372764,391
29,044_layer3.3.conv2,0.16469909029695995,0.0005237898846701013,0.013065294424015283,0.00913749876952843,391
29,045_layer3.4.conv1,0.18202368648308317,0.0006309115567030635,0.017985067799804768,0.013618296755954667,391
29,046_layer3.4.conv2,0.16861987150157504,0.000509937451181712,0.011439182296385589,0.009003993864677972,391
29,047_layer3.5.conv1,0.16487339297142786,0.0005470995384638314,0.019853482602576217,0.01387068337647917,391
29,048_layer3.5.conv2,0.14770960232333455,0.00043957166090438995,0.012563111151161361,0.009898196008922264,391
29,049_layer3.6.conv1,0.19391874772737094,0.0007420533504840371,0.017346529405434703,0.013456960195635127,391
29,050_layer3.6.conv2,0.17165639546826061,0.000602548454012454,0.016918371346497582,0.011992106424995942,391
29,051_layer3.7.conv1,0.24516090727828044,0.0011569312992303973,0.014162091617671024,0.01070288102571702,391
29,052_layer3.7.conv2,0.2189324643758252,0.000919645610889884,0.01689701185859519,0.012592337343491914,391
29,053_layer3.8.conv1,0.25259832458575365,0.0012713858425366376,0.014510393531720853,0.010260341991528563,391
29,054_layer3.8.conv2,0.166078689534341,0.0007075148665019945,0.023469468983271943,0.01784266445853198,391
30,000_conv1,0.13326142090932488,0.0013835986522982742,0.13978678717980134,0.10168468035428853,391
30,001_layer1.0.conv1,0.09440557301387457,0.0014910911667289709,0.06605405192134445,0.0384236004928485,391
30,002_layer1.0.conv2,0.04944253219363025,0.0001538321755014697,0.04132726113289616,0.030486550654475145,391
30,003_layer1.1.conv1,0.06158257864625253,0.0003792964200481307,0.07942701709549636,0.05421600934780284,391
30,004_layer1.1.conv2,0.043283912531860036,0.00014606589797809956,0.047806582091461935,0.035176815804235415,391
30,005_layer1.2.conv1,0.02571907553516919,6.802829397841662e-05,0.05351966179897199,0.038603535735394635,391
30,006_layer1.2.conv2,0.022505343994101906,3.4817338509252776e-05,0.057930869305671,0.042943391729196555,391
30,007_layer1.3.conv1,0.03595699928700924,9.155303466224255e-05,0.05830185673021845,0.03909683958184323,391
30,008_layer1.3.conv2,0.026686529576530695,4.844083889049588e-05,0.049853014939329456,0.03907796705682079,391
30,009_layer1.4.conv1,0.02116788419730523,2.9938576429345144e-05,0.05572998353123517,0.038694051803718744,391
30,010_layer1.4.conv2,0.017984565883360403,1.9954595647546022e-05,0.07457175399267586,0.05705830983758673,391
30,011_layer1.5.conv1,0.052816679829831625,0.00013817940785031688,0.052970398326337105,0.039499092140685324,391
30,012_layer1.5.conv2,0.04008782728363181,7.774866824002418e-05,0.06903861528248353,0.04916979588440572,391
30,013_layer1.6.conv1,0.02803472247298645,4.971556751044465e-05,0.05639253172585714,0.039766091903051595,391
30,014_layer1.6.conv2,0.025514131195157233,3.052644808745626e-05,0.06279563547802129,0.04621591450158523,391
30,015_layer1.7.conv1,0.039425784297992504,0.00014504448719220822,0.05760737543037567,0.04304975488761228,391
30,016_layer1.7.conv2,0.03212893696363701,7.889893303981012e-05,0.05454070207713794,0.03937245451023915,391
30,017_layer1.8.conv1,0.052519505876866754,0.00010152628772668471,0.055886566894721566,0.040137002183370685,391
30,018_layer1.8.conv2,0.048602317524192584,8.602230525194855e-05,0.03748735372757944,0.029165637062982953,391
30,019_layer2.0.conv1,0.07166759020951398,0.00014551937021489367,0.0447201653757342,0.03272427264425468,391
30,020_layer2.0.conv2,0.07631857233965184,0.0001416551680459236,0.027181132757381828,0.01995336066836673,391
30,021_layer2.1.conv1,0.055133529407593904,9.111097893911221e-05,0.02777747641568539,0.020191019894192665,391
30,022_layer2.1.conv2,0.058368225879681386,0.0001024675657981507,0.0349237895395356,0.026156713385556186,391
30,023_layer2.2.conv1,0.059150645190187735,0.00010375803351974537,0.036742927153858886,0.027212856012835972,391
30,024_layer2.2.conv2,0.05994555738080493,9.869586055102171e-05,0.03340308907602559,0.023723208024295516,391
30,025_layer2.3.conv1,0.05879477979353322,0.0001145481952670932,0.03180900740741944,0.022965726834524074,391
30,026_layer2.3.conv2,0.05266414201625473,9.451853042900761e-05,0.048165453455845296,0.0355424050380009,391
30,027_layer2.4.conv1,0.0506085607192248,0.00010951600041938939,0.03368283256434638,0.024353873120533494,391
30,028_layer2.4.conv2,0.04416196902885156,8.826331974423271e-05,0.04058048717933722,0.028803109108951418,391
30,029_layer2.5.conv1,0.08186608088938781,0.0002141511460649545,0.03305155186116864,0.02640122718927169,391
30,030_layer2.5.conv2,0.08044942664673262,0.00020761657574801078,0.03798193660760632,0.029070128022870612,391
30,031_layer2.6.conv1,0.08544878037574956,0.00019391726601201715,0.026183620253500416,0.019339468476045577,391
30,032_layer2.6.conv2,0.08437254993468904,0.00020459874243379268,0.029134644496077767,0.021442786131730292,391
30,033_layer2.7.conv1,0.10965357299732126,0.0003316923120193025,0.028280058540278794,0.020985756148920554,391
30,034_layer2.7.conv2,0.10958320327350855,0.00029937808156447164,0.028673920261989713,0.021510703326630343,391
30,035_layer2.8.conv1,0.17790093459665318,0.0008659246639282428,0.031072694092860828,0.02283844124069211,391
30,036_layer2.8.conv2,0.14705064643145827,0.0004547931364480319,0.05038267035730858,0.03902203375082686,391
30,037_layer3.0.conv1,0.21695905897166112,0.0009417873552166681,0.02787048569347848,0.022330045631454864,391
30,038_layer3.0.conv2,0.26626790484504015,0.0012960180078870898,0.016489471508929317,0.012647955160311426,391
30,039_layer3.1.conv1,0.1823499642522134,0.0006414085572134867,0.02023702202863289,0.014817488263086022,391
30,040_layer3.1.conv2,0.18139845281458267,0.0005991348503590274,0.01152747982469893,0.00924395910232474,391
30,041_layer3.2.conv1,0.1811073986465669,0.0006902940967720289,0.020202783215802152,0.015681691909971922,391
30,042_layer3.2.conv2,0.17249464049287463,0.0005977073893114089,0.011278694955311799,0.008617759480083975,391
30,043_layer3.3.conv1,0.16873553414326495,0.0005676517515780036,0.02048414640265274,0.01618569539360306,391
30,044_layer3.3.conv2,0.15913252562970456,0.0004960298185280147,0.012517292336995483,0.00921712859015135,391
30,045_layer3.4.conv1,0.18558683480753008,0.0007193737815446369,0.017531644968326977,0.013677083869867471,391
30,046_layer3.4.conv2,0.17116643943826257,0.0005745364794548825,0.012579684185403514,0.00942484471817768,391
30,047_layer3.5.conv1,0.16453258519815972,0.0005156063890614689,0.018823646904657227,0.01416962848081042,391
30,048_layer3.5.conv2,0.14864771508271127,0.0004263981262656452,0.012103064007998463,0.008786959930602346,391
30,049_layer3.6.conv1,0.19617898964211153,0.0007237804467782327,0.01793438420260113,0.01311006200183618,391
30,050_layer3.6.conv2,0.1726569818413776,0.0005456424420074088,0.01654511936812412,0.012195686717030862,391
30,051_layer3.7.conv1,0.2468672782335135,0.0011200888436674675,0.013494085153981867,0.010302397480243931,391
30,052_layer3.7.conv2,0.22045217732639263,0.0009106956446655878,0.01705884137295831,0.012744890811570167,391
30,053_layer3.8.conv1,0.254540793083208,0.001211649071567733,0.013356320947790748,0.009872207266866556,391
30,054_layer3.8.conv2,0.16677362355582245,0.0006507763313059432,0.020704573212031303,0.016526775282704863,391
31,000_conv1,0.13132187929909553,0.0015535339886744055,0.13913414799614246,0.09848777591967245,391
31,001_layer1.0.conv1,0.09861683084265045,0.0015667498740053014,0.06043887973213053,0.03637086592394192,391
31,002_layer1.0.conv2,0.049201711836030414,0.00017093740714786958,0.052053049361259415,0.03813070018369627,391
31,003_layer1.1.conv1,0.06290171233475056,0.0003942707757498866,0.0810843653209648,0.05612665156815502,391
31,004_layer1.1.conv2,0.044097016210598715,0.0001298022716077305,0.054408283968617764,0.039710052306229746,391
31,005_layer1.2.conv1,0.025571354941162458,4.97600472243357e-05,0.05490670274487799,0.0410986734574962,391
31,006_layer1.2.conv2,0.021966192363987645,2.3231940500511585e-05,0.054493427075266415,0.042294919961490346,391
31,007_layer1.3.conv1,0.03687165007757409,8.10319181105397e-05,0.06039938649668506,0.045008361925458366,391
31,008_layer1.3.conv2,0.02740630321681042,3.960983955938449e-05,0.05526471149563864,0.03902018568949959,391
31,009_layer1.4.conv1,0.023323568979949902,3.14624440106696e-05,0.05459748587956892,0.040905883782027,391
31,010_layer1.4.conv2,0.02131779806073898,2.8626305551129883e-05,0.07765281949393407,0.059840666470788964,391
31,011_layer1.5.conv1,0.05527597333273619,0.00015843484412889118,0.04913689149229158,0.03657916551461209,391
31,012_layer1.5.conv2,0.04315451148640164,8.607398895270411e-05,0.07062749778705975,0.04713983118252033,391
31,013_layer1.6.conv1,0.02760069425244008,4.277090052220295e-05,0.06807256335870239,0.05043221860568167,391
31,014_layer1.6.conv2,0.025622092787643224,2.5405078384887277e-05,0.057540837126779786,0.04433150061118142,391
31,015_layer1.7.conv1,0.03584838676673677,9.038554409574145e-05,0.05682438558011906,0.043814142053046845,391
31,016_layer1.7.conv2,0.030228652967535474,5.3853750902957084e-05,0.053888944223287334,0.038518897869528806,391
31,017_layer1.8.conv1,0.05536033703809809,0.00012081938237856445,0.06087588752090545,0.042448246536024054,391
31,018_layer1.8.conv2,0.051516816100996475,0.00010082834408592757,0.04106937539245686,0.031579575221778275,391
31,019_layer2.0.conv1,0.0708003991362079,0.00014309685570053528,0.048639213827581865,0.03418760379737743,391
31,020_layer2.0.conv2,0.07790457865085139,0.0001832386875873608,0.026555450139840616,0.01983006466557206,391
31,021_layer2.1.conv1,0.05569721277221999,9.970252363660816e-05,0.028234263454117906,0.021774950553712945,391
31,022_layer2.1.conv2,0.05931054170021925,0.00010615035462192444,0.03192364243978677,0.026078805770107544,391
31,023_layer2.2.conv1,0.06640993758959843,0.0001221220565474938,0.039507162103872714,0.02803422679134342,391
31,024_layer2.2.conv2,0.06571293254490093,0.000136674022878841,0.03566477599341179,0.026762530901280304,391
31,025_layer2.3.conv1,0.061502600369779656,0.00013136509608370267,0.03462400660577529,0.025541290273265856,391
31,026_layer2.3.conv2,0.05425638917957425,0.00012192885693908034,0.04426115949918731,0.03264754692651078,391
31,027_layer2.4.conv1,0.049097192175972186,9.830838772554532e-05,0.03177824669244291,0.02355842253182089,391
31,028_layer2.4.conv2,0.04363718442142467,7.974265719294009e-05,0.039144713004297074,0.028479929635708043,391
31,029_layer2.5.conv1,0.07579910246383809,0.00016780392895513266,0.0336360856653605,0.025400574475433133,391
31,030_layer2.5.conv2,0.07611199340704457,0.00016790072579773302,0.041989608814035774,0.030653203444741366,391
31,031_layer2.6.conv1,0.08554648060132475,0.0001708124487385769,0.028195030678727116,0.021393967020314954,391
31,032_layer2.6.conv2,0.08496721024098604,0.00017417602930739403,0.026689689837174627,0.020773284925777336,391
31,033_layer2.7.conv1,0.10680998686481924,0.0002861051413296251,0.027252726327894966,0.019601788500938116,391
31,034_layer2.7.conv2,0.1059220686478688,0.00025258678620383723,0.02910411174252891,0.021933524758025152,391
31,035_layer2.8.conv1,0.1792909537854097,0.0008424813367670092,0.033736865260302076,0.024068251576851996,391
31,036_layer2.8.conv2,0.14701552883438443,0.0004803731150118673,0.047150584694352106,0.03731545682577567,391
31,037_layer3.0.conv1,0.21805243845790853,0.0010163011651711032,0.02735325004038674,0.020066176112711734,391
31,038_layer3.0.conv2,0.2657367663310312,0.0013622218666468205,0.016030170212876733,0.012211773833846596,391
31,039_layer3.1.conv1,0.1799700077994705,0.0006823068797242801,0.020188646553859265,0.014799796896827163,391
31,040_layer3.1.conv2,0.17797221310074676,0.0006384616324666206,0.01206777402805291,0.009257565776860394,391
31,041_layer3.2.conv1,0.1746541323983456,0.0006143193889209912,0.0191140118980018,0.015741880690647067,391
31,042_layer3.2.conv2,0.1688668643841353,0.000539125032970926,0.011615028191514852,0.008626608120690053,391
31,043_layer3.3.conv1,0.1752024303997874,0.0006420035179129889,0.020304189415152774,0.014162149529046913,391
31,044_layer3.3.conv2,0.1643529605415776,0.0005271876957588899,0.012117428102736276,0.008909484788560296,391
31,045_layer3.4.conv1,0.18289560403512872,0.0006718184304315353,0.01834551469276639,0.013720851080702406,391
31,046_layer3.4.conv2,0.17018120955018437,0.0005589625343513614,0.011263625917635486,0.007824371326263449,391
31,047_layer3.5.conv1,0.16148113846169104,0.00047950682405934267,0.01764416459158746,0.012912171113542072,391
31,048_layer3.5.conv2,0.14741775730762946,0.0003869658862282986,0.012386167803971285,0.008815673090821919,391
31,049_layer3.6.conv1,0.19607475001717467,0.0007576302637657892,0.015389394640636909,0.011602844799815357,391
31,050_layer3.6.conv2,0.17321314192031656,0.0005840728632638369,0.01587275953806268,0.011888308359434883,391
31,051_layer3.7.conv1,0.24883246970603534,0.001148830561058592,0.014739979510211278,0.010758245426738363,391
31,052_layer3.7.conv2,0.22106077093297563,0.0009372202433323013,0.01696939213336539,0.012330210787948862,391
31,053_layer3.8.conv1,0.2532522730967578,0.0011834558021216052,0.013655211959863998,0.010470954315164762,391
31,054_layer3.8.conv2,0.16601577963289396,0.0006235814413079813,0.021578856111784978,0.017305026973762908,391
