epoch,layer,grad_norm_mean,grad_norm_var,snr,snr_std,n_steps
0,000_conv1,0.2835631507455998,0.031306415305434196,0.2038069159876111,0.1453678843079566,391
0,001_layer1.0.conv1,0.22770327927968692,0.02445615362083506,0.11866174650590217,0.08922688775793225,391
0,002_layer1.0.conv2,0.19214252079539287,0.015353387359049765,0.10964132372432012,0.08087851761536993,391
0,003_layer1.1.conv1,0.15535614532811562,0.008109517685723329,0.11143137662123818,0.08299684876134357,391
0,004_layer1.1.conv2,0.15725475387728732,0.005447863295718253,0.08911482467765079,0.06723788819019307,391
0,005_layer1.2.conv1,0.14213973463839277,0.004519540078189527,0.09532038165423709,0.0724872957394942,391
0,006_layer1.2.conv2,0.14195241142645518,0.004046841139673928,0.07999616227773092,0.06690220423431097,391
0,007_layer2.0.conv1,0.10467651648365933,0.004192740264703978,0.06297898585202477,0.04747942955987991,391
0,008_layer2.0.conv2,0.14523897800222993,0.008734287297672862,0.06716533167296974,0.0518556234581991,391
0,009_layer2.1.conv1,0.16135497910477925,0.005652529478115342,0.05114943134935101,0.03944934286301516,391
0,010_layer2.1.conv2,0.1662019121143824,0.005657493958922535,0.060533216211578714,0.048446848597421856,391
0,011_layer2.2.conv1,0.1456035524130325,0.004958725467687428,0.054648437625085436,0.0414828081143936,391
0,012_layer2.2.conv2,0.1401136870236348,0.006896693670640868,0.06211861614833663,0.04813406636025142,391
0,013_layer3.0.conv1,0.20911350432792894,0.0039694201068071686,0.0343827116603442,0.026913425245863674,391
0,014_layer3.0.conv2,0.26124930808611235,0.009843323490288103,0.041498796953733534,0.03631299978613984,391
0,015_layer3.1.conv1,0.22382790621970317,0.008052468077730468,0.030579042107411063,0.027081568924173474,391
0,016_layer3.1.conv2,0.22855679885200833,0.015778260391442,0.03529824473822336,0.03297854148776796,391
0,017_layer3.2.conv1,0.18202166017287832,0.007494538516999841,0.036667280168833194,0.029983986172631746,391
0,018_layer3.2.conv2,0.19673940465044792,0.019821630317242073,0.04456882413746139,0.03356443180184351,391
1,000_conv1,0.3356904216358424,0.013257961530536988,0.19017673048334877,0.1344669653679095,391
1,001_layer1.0.conv1,0.23227394370319288,0.003078572677253734,0.06994887994399265,0.05477472604708851,391
1,002_layer1.0.conv2,0.1733895072622982,0.0010077596996170314,0.09633094791318182,0.07066804605837614,391
1,003_layer1.1.conv1,0.14734619638651533,0.00076572903444036,0.09256062712509336,0.06760977415897448,391
1,004_layer1.1.conv2,0.14448125391741237,0.0006564927343233155,0.06321103609053304,0.047431001725905815,391
1,005_layer1.2.conv1,0.15065601833945955,0.0008711513775378349,0.06957307517039649,0.05406636082283536,391
1,006_layer1.2.conv2,0.13269924290497284,0.0004491983272670898,0.0827175091573103,0.06455298630120376,391
1,007_layer2.0.conv1,0.1154958214753729,0.00043321820419466375,0.052383937717904165,0.04098648799495977,391
1,008_layer2.0.conv2,0.1550969216791565,0.0005583185378119256,0.059065070579281315,0.044348570660205415,391
1,009_layer2.1.conv1,0.1910401956199685,0.0008824664648397415,0.04200087877376305,0.0317457614100319,391
1,010_layer2.1.conv2,0.17759902005457817,0.000685464190523892,0.054609986577395,0.0382687428416182,391
1,011_layer2.2.conv1,0.16798546083290558,0.0007497113617949379,0.04559889296160923,0.03450517068886575,391
1,012_layer2.2.conv2,0.14217712711114103,0.00047151451956594856,0.06179526266931464,0.04550956172965418,391
1,013_layer3.0.conv1,0.2410488117991201,0.0009431562102354615,0.020867082520902483,0.015781403951867688,391
1,014_layer3.0.conv2,0.2811522382452055,0.0012311123387464956,0.023718700039908048,0.019208151456341697,391
1,015_layer3.1.conv1,0.26148654215628536,0.0011555232257781933,0.022068093557406784,0.016636994600200978,391
1,016_layer3.1.conv2,0.2249264802469317,0.0008191705765150797,0.023640405324845338,0.017812174291824606,391
1,017_layer3.2.conv1,0.1990856904431682,0.0007177335915095201,0.027182992285890432,0.020278342671881052,391
1,018_layer3.2.conv2,0.17166377466810329,0.000656834588612383,0.040969283742126904,0.030289907153293015,391
2,000_conv1,0.28299942970885644,0.007740644012654591,0.21197595578246772,0.1496577041729335,391
2,001_layer1.0.conv1,0.2046282146592884,0.002063146964148402,0.06195456479810645,0.04466460440512922,391
2,002_layer1.0.conv2,0.16502466073731328,0.0007129958928235383,0.07113269213913068,0.05524145132757664,391
2,003_layer1.1.conv1,0.13200947217395542,0.00046349934639593193,0.07816002129197783,0.05908819668245614,391
2,004_layer1.1.conv2,0.12974163777459308,0.0003554145955444246,0.060460259017120405,0.04540078590201973,391
2,005_layer1.2.conv1,0.13082508235941154,0.0005269545171282183,0.06762539306612354,0.052270453913337234,391
2,006_layer1.2.conv2,0.11773480878918982,0.00029652831475474387,0.08368777538850115,0.06332387906849907,391
2,007_layer2.0.conv1,0.13581074021585152,0.0004062173985383902,0.04433775662372591,0.03282472319507742,391
2,008_layer2.0.conv2,0.162962157822326,0.0004367950828791968,0.04018904987146123,0.031097354459248452,391
2,009_layer2.1.conv1,0.18542435509926827,0.0006663177606394191,0.03470200663467463,0.025898077996392526,391
2,010_layer2.1.conv2,0.17596549169181863,0.0004695198113974057,0.04133258124267015,0.03288231300777195,391
2,011_layer2.2.conv1,0.16842125672513567,0.0005580292171491995,0.03153016541228818,0.02217119892250439,391
2,012_layer2.2.conv2,0.148595416256229,0.000357736783988611,0.04693084246097554,0.03433702236714109,391
2,013_layer3.0.conv1,0.2455529942155799,0.0006545115832482795,0.019521855732023433,0.015699115886933717,391
2,014_layer3.0.conv2,0.29231767722255436,0.0009695151615672359,0.01896056546786469,0.014692441580641332,391
2,015_layer3.1.conv1,0.27363713184738403,0.0009662057076237907,0.019616696911821108,0.014987040241220028,391
2,016_layer3.1.conv2,0.23728191761104653,0.0007946107319317178,0.020287939361394846,0.015071861499513978,391
2,017_layer3.2.conv1,0.20739072397389374,0.0007119937465020557,0.026261537226689963,0.018959943746230293,391
2,018_layer3.2.conv2,0.16775019262986415,0.0005797961997396489,0.030554025488676126,0.02341237424778663,391
3,000_conv1,0.24861944655475715,0.005952088921616534,0.19457977891023107,0.1374577315730128,391
3,001_layer1.0.conv1,0.19408924774745542,0.0015802394665724862,0.054302028383832794,0.038575500889517944,391
3,002_layer1.0.conv2,0.15808591879237338,0.0005498253291743513,0.06733615799559302,0.05190481047003303,391
3,003_layer1.1.conv1,0.13160552648479676,0.0004214373156127549,0.060699326871565894,0.04776581773170698,391
3,004_layer1.1.conv2,0.1225237788446724,0.0003006068266980192,0.052137336878115226,0.040830059562863535,391
3,005_layer1.2.conv1,0.12450376457875342,0.00038468244771415125,0.05771369831071824,0.04508994912016461,391
3,006_layer1.2.conv2,0.11244463730041328,0.00027126590297539034,0.06364756739725742,0.04796617020203177,391
3,007_layer2.0.conv1,0.14569732828823198,0.00042030741111212175,0.04125694091959778,0.030556398567521924,391
3,008_layer2.0.conv2,0.17067914069308648,0.00046457635370527467,0.038297978109609256,0.028142022607946023,391
3,009_layer2.1.conv1,0.1862845135009502,0.00045379457434117226,0.027548173645521243,0.02179751937827058,391
3,010_layer2.1.conv2,0.17322483582569814,0.00041106828210516616,0.03974403396590825,0.029259573106737637,391
3,011_layer2.2.conv1,0.17864505919958928,0.00041728435704176114,0.031360783518837594,0.02373514512662304,391
3,012_layer2.2.conv2,0.15798947796263657,0.00031753798111534143,0.040621781116150515,0.030570319583397437,391
3,013_layer3.0.conv1,0.25017707369973896,0.000661226651424221,0.018009711336796436,0.015044117280852861,391
3,014_layer3.0.conv2,0.30449549080160876,0.0009583399567103107,0.018528875825262373,0.013431338046428095,391
3,015_layer3.1.conv1,0.2896849625098431,0.0009233392772545757,0.019616484498964828,0.015255555197391801,391
3,016_layer3.1.conv2,0.24655680026849516,0.0007345357287724605,0.017815611370907064,0.013616082306972258,391
3,017_layer3.2.conv1,0.21972464383258233,0.0006740498066752018,0.02389708103302716,0.018500697647246996,391
3,018_layer3.2.conv2,0.16981331857345294,0.00047363439244242286,0.02963121106856941,0.022108764193506002,391
4,000_conv1,0.2269710119613601,0.0043241489436587,0.198490939656263,0.14295556983123436,391
4,001_layer1.0.conv1,0.1792389924073463,0.0010227999784642935,0.049353066368696644,0.038950152270770755,391
4,002_layer1.0.conv2,0.15332260956544705,0.0004466035808653075,0.06673565376537305,0.05012175548946357,391
4,003_layer1.1.conv1,0.13108341388232872,0.0004609286184642167,0.04935640664207731,0.035596013423983455,391
4,004_layer1.1.conv2,0.11745229001392794,0.0002574840248140229,0.05031902366012628,0.03708815835674138,391
4,005_layer1.2.conv1,0.12048574272171615,0.0003537400006868516,0.05916060960647362,0.04427181365384705,391
4,006_layer1.2.conv2,0.10723043040698751,0.00022408390907209877,0.056205365012454635,0.0423087814328287,391
4,007_layer2.0.conv1,0.14153384506854866,0.0003295988629510617,0.040932775317879436,0.03215263460574874,391
4,008_layer2.0.conv2,0.17066532222892317,0.0004074206223603459,0.03268298548836823,0.02411156291609019,391
4,009_layer2.1.conv1,0.17635468925204117,0.0004910987671899111,0.02554362579653024,0.01880317560014949,391
4,010_layer2.1.conv2,0.16255350927334003,0.00034315329595518973,0.03113869561423289,0.023769507249261287,391
4,011_layer2.2.conv1,0.175197545105539,0.00046703348356156096,0.02857151342564031,0.022401003121872244,391
4,012_layer2.2.conv2,0.15478858330746745,0.00030183815778807993,0.03492320955472241,0.027135688265530377,391
4,013_layer3.0.conv1,0.2492520262670639,0.0006756695493601167,0.019458102620267214,0.01486598041853341,391
4,014_layer3.0.conv2,0.30705613164645634,0.0010691639051632201,0.01799610597684959,0.013755320145682938,391
4,015_layer3.1.conv1,0.29062129320848323,0.0010311248646824867,0.02094047538821658,0.01579872997999779,391
4,016_layer3.1.conv2,0.2471666067762448,0.0007301243564114129,0.01687466574823046,0.01269750982611889,391
4,017_layer3.2.conv1,0.22774207889271514,0.0007174987097847141,0.022157306146710905,0.016483100912980938,391
4,018_layer3.2.conv2,0.17199881975074557,0.0004772686267937483,0.026168452188818622,0.02087270968519288,391
5,000_conv1,0.2072077709848009,0.003964826913301078,0.188594082495599,0.1309968871797535,391
5,001_layer1.0.conv1,0.17114511648636035,0.0009757098055965356,0.042107061315839314,0.0316985392205217,391
5,002_layer1.0.conv2,0.14933172773445963,0.0004579496466120027,0.06050352342362019,0.04529462881197098,391
5,003_layer1.1.conv1,0.12888704030714987,0.000457810064403881,0.050836652273029845,0.03973429536279629,391
5,004_layer1.1.conv2,0.11564214790568632,0.00024339809632696434,0.05155097116621526,0.03919272233320858,391
5,005_layer1.2.conv1,0.11956207414188653,0.00035889897008170406,0.05686303666513532,0.040998306694145566,391
5,006_layer1.2.conv2,0.10522752022727981,0.00022224726915522422,0.05823255704996912,0.04287666476106955,391
5,007_layer2.0.conv1,0.1409059050481033,0.0003434924112869983,0.04045976574997605,0.030924441203148793,391
5,008_layer2.0.conv2,0.17071612960542254,0.000405975417223009,0.029419033132880405,0.0214171391108266,391
5,009_layer2.1.conv1,0.17327724139937353,0.00041491298026835946,0.02445871080636628,0.018852853753169967,391
5,010_layer2.1.conv2,0.1568457267587752,0.0003063839944602992,0.028922012309226548,0.0224918670037672,391
5,011_layer2.2.conv1,0.17584638223242577,0.0004324155807189367,0.027378722513418333,0.020385482530230342,391
5,012_layer2.2.conv2,0.15505361179714008,0.0002724695164474135,0.03422670320215936,0.026522344844723263,391
5,013_layer3.0.conv1,0.2391530629390341,0.0005600287412053442,0.019965590848547817,0.015273274607658158,391
5,014_layer3.0.conv2,0.30255326838292124,0.0008710253578316646,0.017606558543263727,0.012899234334070272,391
5,015_layer3.1.conv1,0.2929330585557786,0.0009148150317132148,0.018470616081253225,0.014952112841894523,391
5,016_layer3.1.conv2,0.2491793086766587,0.0006799550211541994,0.017809882524332937,0.013560225465212156,391
5,017_layer3.2.conv1,0.22918015863279553,0.000604192346897639,0.020490625905233425,0.016227999409003973,391
5,018_layer3.2.conv2,0.16808045748859415,0.00042003563950451794,0.024360351209674485,0.01835315428787181,391
6,000_conv1,0.20386421653773168,0.003759041352929232,0.18072584470457254,0.1337413534336482,391
6,001_layer1.0.conv1,0.163536210175213,0.0008741341389457494,0.04296026240116475,0.03234317908562662,391
6,002_layer1.0.conv2,0.1434878654720838,0.00038089053657738153,0.05778115360645989,0.04416605599978225,391
6,003_layer1.1.conv1,0.13106324319796794,0.0003980425415943019,0.041689106136309745,0.03220951415556092,391
6,004_layer1.1.conv2,0.1150264446159153,0.00022866319973654896,0.04607566031683369,0.03538439063426448,391
6,005_layer1.2.conv1,0.11681199007098327,0.00031887934660841145,0.05181704910799923,0.03791318979953454,391
6,006_layer1.2.conv2,0.1045309316814708,0.00023749345234358107,0.05432245441053844,0.04148747476719802,391
6,007_layer2.0.conv1,0.14313164320976837,0.0003612181679642154,0.03415940303077145,0.02566726420747596,391
6,008_layer2.0.conv2,0.17231328381449365,0.00044173720528490473,0.027389566102904023,0.02012864469396761,391
6,009_layer2.1.conv1,0.17359621260705813,0.00048050968840502445,0.02302307073194224,0.017577176264407458,391
6,010_layer2.1.conv2,0.15613915603560255,0.0003331120933098286,0.030332195723289275,0.024158487503785075,391
6,011_layer2.2.conv1,0.17303240531698214,0.0005025929353544116,0.025305196382597362,0.019204703341483473,391
6,012_layer2.2.conv2,0.15177068070453756,0.0003424438292837159,0.03383638393250554,0.02578213192446453,391
6,013_layer3.0.conv1,0.23674599651028128,0.0007099729753421644,0.019605795936653025,0.014578819603757346,391
6,014_layer3.0.conv2,0.29988644959981486,0.0010465286919780908,0.017396106689782365,0.013401093566423506,391
6,015_layer3.1.conv1,0.29218287430608364,0.0010778237818741404,0.016917545118499067,0.012849546978579903,391
6,016_layer3.1.conv2,0.2485885363634285,0.0007853622786671427,0.016487069213437972,0.012164706195270646,391
6,017_layer3.2.conv1,0.23244871911795242,0.0007480101040755402,0.020302353928755134,0.015232677080265869,391
6,018_layer3.2.conv2,0.167118939845001,0.0005020817189749054,0.024123829089907085,0.017968430569967078,391
7,000_conv1,0.19462613246934798,0.0030357276065485425,0.19415313753363728,0.12650908584131293,391
7,001_layer1.0.conv1,0.1587810618493258,0.0009559009552562725,0.04348796861205717,0.032721296469759784,391
7,002_layer1.0.conv2,0.1396435523010276,0.00045128850207407437,0.060876239690056684,0.04752460261034429,391
7,003_layer1.1.conv1,0.12960559026816923,0.00045992153152007303,0.04100394032369612,0.03320149806492187,391
7,004_layer1.1.conv2,0.11256211952251546,0.00024463037511936354,0.04963314358443183,0.037246132642549404,391
7,005_layer1.2.conv1,0.12034681136422146,0.0003747938058328987,0.052759000225589374,0.04012473631301468,391
7,006_layer1.2.conv2,0.10412557828990394,0.00022421568737682196,0.05530923505148748,0.04123141080858647,391
7,007_layer2.0.conv1,0.13888144268251745,0.00034166018912701324,0.035923714885990436,0.025818250990665446,391
7,008_layer2.0.conv2,0.17109391308577773,0.00045056485666198146,0.025118829874640248,0.019639068964135975,391
7,009_layer2.1.conv1,0.17321842615409275,0.0004515609844972582,0.023087574827876756,0.017298422640518552,391
7,010_layer2.1.conv2,0.156478704089094,0.0003415346711620401,0.026235589645965986,0.01952828003742443,391
7,011_layer2.2.conv1,0.17079428935904636,0.0004678362612639958,0.02453569409702593,0.018412396104306786,391
7,012_layer2.2.conv2,0.15270561753483988,0.00032635172852454875,0.029528810797818064,0.0230088780216855,391
7,013_layer3.0.conv1,0.23201175342740304,0.0006698732855104986,0.018917630648139516,0.014315372825318045,391
7,014_layer3.0.conv2,0.2936199782678233,0.0010170280299198753,0.017634528602444854,0.013260323666065593,391
7,015_layer3.1.conv1,0.2899292074810818,0.0010405129685295417,0.018538254981312233,0.014015818401680993,391
7,016_layer3.1.conv2,0.24779212996935296,0.0007711444132178086,0.015216936106512816,0.011247538204136782,391
7,017_layer3.2.conv1,0.23400300146673647,0.0007633315862643278,0.019288219938631845,0.014995312109198801,391
7,018_layer3.2.conv2,0.1662875129210065,0.0005042465708629262,0.022706112391098054,0.016587147944348627,391
8,000_conv1,0.18611618390549783,0.002673343396557934,0.1878829622653048,0.1394235596244359,391
8,001_layer1.0.conv1,0.1529640746314812,0.0007017042425230442,0.0421789033312971,0.03180427823167594,391
8,002_layer1.0.conv2,0.1385406747727138,0.0004496622306546967,0.0605107106830683,0.046956758050874195,391
8,003_layer1.1.conv1,0.12862944940243232,0.00041438580855116675,0.03863388868315262,0.029293645148532797,391
8,004_layer1.1.conv2,0.11573445545438,0.0002739799606460685,0.0447012519473871,0.03461587349180183,391
8,005_layer1.2.conv1,0.11599825111115375,0.00034286542919721545,0.05341796694417082,0.04257186706983554,391
8,006_layer1.2.conv2,0.10215061167469415,0.00022814718320374704,0.05377883813604462,0.040109083151086966,391
8,007_layer2.0.conv1,0.13765368465801028,0.0003710454481612828,0.03187756020248772,0.024185696541282588,391
8,008_layer2.0.conv2,0.16416210338206547,0.0004192246542415734,0.02517949962591612,0.01995975764864756,391
8,009_layer2.1.conv1,0.17176768063660472,0.0004730802803948747,0.021635772902607275,0.01599018192768533,391
8,010_layer2.1.conv2,0.1551299114399554,0.00033728584178373267,0.026834339048741582,0.019064229235427062,391
8,011_layer2.2.conv1,0.16633752508617727,0.0004346524134556107,0.025768849301039388,0.018303202225901784,391
8,012_layer2.2.conv2,0.14779091176703152,0.0003102517080798284,0.02902983241692058,0.022306550742105368,391
8,013_layer3.0.conv1,0.23494912859271555,0.0007145723261002962,0.018891686315523504,0.014495846297548605,391
8,014_layer3.0.conv2,0.29544560298742845,0.0011384992417282497,0.016202781628977352,0.012251234488421222,391
8,015_layer3.1.conv1,0.29203787278336335,0.0011640765981641432,0.020721984216045704,0.014087603374674542,391
8,016_layer3.1.conv2,0.24626246925510104,0.0008221278708724911,0.01571579343321889,0.011857611165933793,391
8,017_layer3.2.conv1,0.2317796085039368,0.0007485952804156745,0.01859156487667544,0.014414603999498548,391
8,018_layer3.2.conv2,0.16306236660693918,0.0004701812764098534,0.022524694070441286,0.017022506815622427,391
9,000_conv1,0.18204066959564644,0.0027988934654294834,0.18161761092469858,0.13123762543638567,391
9,001_layer1.0.conv1,0.15052116222088904,0.0006891536479735338,0.04065524150349159,0.030634945570082037,391
9,002_layer1.0.conv2,0.13389441321420548,0.0003669694296126423,0.06409029883440927,0.0505605785315043,391
9,003_layer1.1.conv1,0.1311187226029918,0.0004002453728112962,0.038634403134741445,0.030306446042170528,391
9,004_layer1.1.conv2,0.11476357824281049,0.0002745234154454008,0.041990186896693135,0.033908801919922196,391
9,005_layer1.2.conv1,0.11233853421095387,0.00031068944780739995,0.047388738894220586,0.036083090707255794,391
9,006_layer1.2.conv2,0.09660684317350388,0.00020361057539907378,0.056781201662904825,0.03939134453006603,391
9,007_layer2.0.conv1,0.13502196622702778,0.00035080332822751137,0.03272072943944253,0.02499976665993964,391
9,008_layer2.0.conv2,0.1615496460929551,0.0004609983558764297,0.024041916943452073,0.017400441469591413,391
9,009_layer2.1.conv1,0.17282349734431338,0.0005602276153631701,0.02417361257215807,0.018082667478763387,391
9,010_layer2.1.conv2,0.1533839070354886,0.00037336816503698647,0.027021894875258537,0.020087971060492947,391
9,011_layer2.2.conv1,0.16557158001929598,0.0005012879273486731,0.025836184956035114,0.018880547928579943,391
9,012_layer2.2.conv2,0.14329257695113912,0.0003324965334124477,0.02804806391077945,0.021273188353674876,391
9,013_layer3.0.conv1,0.2301532790407805,0.000718337755089303,0.01837269647573993,0.014012019308909057,391
9,014_layer3.0.conv2,0.29030799759013576,0.001114424143390469,0.01697201158489653,0.012642205867263024,391
9,015_layer3.1.conv1,0.28898425186838944,0.0011734339762085877,0.018031043749663783,0.013967646579652307,391
9,016_layer3.1.conv2,0.24654588674950173,0.0008522185131364102,0.015319618177065767,0.011465517182216379,391
9,017_layer3.2.conv1,0.23284039587316002,0.0007833868039500841,0.01788767385827985,0.013706539630253586,391
9,018_layer3.2.conv2,0.1619974097327503,0.000497565400348756,0.021867362007832503,0.016740437311563078,391
10,000_conv1,0.18245081919843278,0.0022783579393505504,0.1949946570510576,0.13690793314557223,391
10,001_layer1.0.conv1,0.1514560921341562,0.0007907933053940275,0.040322961946575704,0.03047349681329466,391
10,002_layer1.0.conv2,0.13433515267146517,0.00037121785296895943,0.060103477193376845,0.0463733298142309,391
10,003_layer1.1.conv1,0.13366894801254467,0.00044213110078725193,0.03779486505511712,0.02846796013011431,391
10,004_layer1.1.conv2,0.11530734499549622,0.00024107428318745697,0.04498706802664309,0.03558050209779594,391
10,005_layer1.2.conv1,0.11554683274244104,0.0003184921178566655,0.04704473182398645,0.03529498259606521,391
10,006_layer1.2.conv2,0.09946998330714453,0.00020280172045440865,0.055011428079482325,0.04287273647651829,391
10,007_layer2.0.conv1,0.14238248428191674,0.00033389878813307183,0.033038880287707115,0.02490224257226107,391
10,008_layer2.0.conv2,0.16905889938325833,0.0004334964256844896,0.023222680086466257,0.017351311080162312,391
10,009_layer2.1.conv1,0.1723462421151683,0.0004332533483128523,0.02110163595850567,0.016682657189770824,391
10,010_layer2.1.conv2,0.1539566223807347,0.00033430488285985174,0.027304110370482297,0.020842139682855913,391
10,011_layer2.2.conv1,0.17093390199686864,0.0004926676752394221,0.02620071586643648,0.020290123472290884,391
10,012_layer2.2.conv2,0.1487781312840674,0.00035099876441302066,0.02698636731894924,0.01998169768929917,391
10,013_layer3.0.conv1,0.2310222383502804,0.0007005687201746685,0.018117285052695803,0.013585577013400543,391
10,014_layer3.0.conv2,0.2919102420892252,0.0011066311958256442,0.015901623931027117,0.011726540133850468,391
10,015_layer3.1.conv1,0.29225274116334404,0.0010986512244567231,0.0185989400851378,0.01535068230384016,391
10,016_layer3.1.conv2,0.24897100991757629,0.0008204747388379993,0.014007023510807777,0.010562169784623408,391
10,017_layer3.2.conv1,0.2367803033279336,0.0008083422002394328,0.01698323868027807,0.012493440668849436,391
10,018_layer3.2.conv2,0.16161749978809406,0.0004980962778312996,0.021667875715571158,0.016255606450483028,391
11,000_conv1,0.1780478429154057,0.002646582202847525,0.19825686290092012,0.14472458368316093,391
11,001_layer1.0.conv1,0.15428972562484425,0.0009415339994206552,0.03996574510183052,0.03097721198076768,391
11,002_layer1.0.conv2,0.13598563390619614,0.00047612739530822346,0.06342175992889344,0.049516077465006525,391
11,003_layer1.1.conv1,0.13153850039481507,0.0005450292531524945,0.03574754527776384,0.028902339505018772,391
11,004_layer1.1.conv2,0.11368279450613519,0.0002746259633642934,0.041557549428634814,0.032973786479234185,391
11,005_layer1.2.conv1,0.11655664026660992,0.00038266028206499283,0.048514914797152135,0.034985162982762205,391
11,006_layer1.2.conv2,0.10043928623580567,0.00023846929419070462,0.055431410083886655,0.04078999537280499,391
11,007_layer2.0.conv1,0.1376107375487647,0.0003836207724981014,0.03230237211458786,0.024900778410426407,391
11,008_layer2.0.conv2,0.164794815928125,0.0005092045241948603,0.023930123738531865,0.0176260606297992,391
11,009_layer2.1.conv1,0.17580369252073186,0.0005749246918934879,0.022194776010768497,0.016356655319579066,391
11,010_layer2.1.conv2,0.15657408741276588,0.00043378971905802186,0.02566373425413339,0.019089941386045514,391
11,011_layer2.2.conv1,0.17073849979264047,0.0005897099484164017,0.025189893764157197,0.019776160278977935,391
11,012_layer2.2.conv2,0.14908233626038217,0.00040550316199471775,0.02945147464262957,0.023316825904684965,391
11,013_layer3.0.conv1,0.23065983784168273,0.0008160208710580041,0.018811607078886253,0.013693859236443437,391
11,014_layer3.0.conv2,0.2901827276820112,0.001180967102610106,0.01499493356576659,0.012128120955663553,391
11,015_layer3.1.conv1,0.2894904688572335,0.0011766904475565138,0.0178641236073806,0.013824644239176896,391
11,016_layer3.1.conv2,0.2498264002906697,0.0009337883609671221,0.013798373240973588,0.010150195175345515,391
11,017_layer3.2.conv1,0.23822851318989874,0.0008617555237517283,0.01707181285928062,0.012435106016208087,391
11,018_layer3.2.conv2,0.1609897274724053,0.0004977032747341507,0.021910780635967186,0.01659091611853275,391
12,000_conv1,0.17173131978344125,0.0022490140277811217,0.18994071601581572,0.14110960406996056,391
12,001_layer1.0.conv1,0.1517042298527325,0.000705063109967468,0.04003800468663053,0.031408976647579696,391
12,002_layer1.0.conv2,0.1340827192644329,0.0003736151403209431,0.06285470207836634,0.05050389914201586,391
12,003_layer1.1.conv1,0.1293217862010612,0.000415523951056318,0.0362886653334485,0.028731847477264847,391
12,004_layer1.1.conv2,0.11290278169505126,0.00025400177196310825,0.04327198895882941,0.03024965213806274,391
12,005_layer1.2.conv1,0.11612826957345923,0.00035078617201845033,0.04755646436445592,0.03724521685813069,391
12,006_layer1.2.conv2,0.09966158140879458,0.00022173852377938875,0.055601107375964264,0.04011887489319376,391
12,007_layer2.0.conv1,0.13651645042554802,0.0003317275496018679,0.03228729149876603,0.025583996857748856,391
12,008_layer2.0.conv2,0.16531616035858385,0.00043400990588285393,0.022720633037051883,0.0173803731800476,391
12,009_layer2.1.conv1,0.17368118205796118,0.0005046369873574104,0.021837746296191108,0.016278065037063735,391
12,010_layer2.1.conv2,0.1545729259853168,0.0003853569110728039,0.028765100505533645,0.02158550192122968,391
12,011_layer2.2.conv1,0.16893947454136046,0.0005177745486355176,0.023685088573100196,0.018023142150264685,391
12,012_layer2.2.conv2,0.14781707931128915,0.0003433681400877263,0.028839026596082142,0.021601219609597554,391
12,013_layer3.0.conv1,0.22832235217551747,0.0007248939010982003,0.018375571329842622,0.013472144674102259,391
12,014_layer3.0.conv2,0.2901583017062043,0.0011509815496466985,0.01515087631870927,0.011079032140435183,391
12,015_layer3.1.conv1,0.29166756814245676,0.0012042224634836035,0.018590696832149343,0.014457643913071645,391
12,016_layer3.1.conv2,0.25011969824581193,0.0009106582882333902,0.015253562630010386,0.010619473156101657,391
12,017_layer3.2.conv1,0.23996196428070898,0.0008408139705408588,0.01788484281036397,0.013499118382702124,391
12,018_layer3.2.conv2,0.16120358104900936,0.0005120443807505072,0.021861450029945727,0.016572540122662592,391
13,000_conv1,0.17344469935311685,0.002069215523965988,0.1978203949212837,0.1460382099934883,391
13,001_layer1.0.conv1,0.14750992211386982,0.000740346978640477,0.03619015543191309,0.02673156012055536,391
13,002_layer1.0.conv2,0.13413824346821632,0.00039211751450159496,0.06201742441023719,0.04717566204442281,391
13,003_layer1.1.conv1,0.1290291760621778,0.00041364180680933046,0.03401479092979483,0.026701114415768102,391
13,004_layer1.1.conv2,0.11202350159740204,0.0002468904659971762,0.04488504402946247,0.034896031105295974,391
13,005_layer1.2.conv1,0.11951935527574681,0.00036262685761572107,0.044656946355,0.034113074625099535,391
13,006_layer1.2.conv2,0.10041341639083365,0.00023226679630974564,0.05923701352896475,0.0418494238898912,391
13,007_layer2.0.conv1,0.13389477410051218,0.00034735511392576524,0.03127923498394714,0.023438310061568747,391
13,008_layer2.0.conv2,0.161094166757658,0.0004707462699632299,0.024887912123242942,0.01849820586796004,391
13,009_layer2.1.conv1,0.17339067919479917,0.0005641984877351597,0.02245429865456165,0.01569021498312716,391
13,010_layer2.1.conv2,0.15525432510296708,0.0004160842890045327,0.026480140769199165,0.020742866814979274,391
13,011_layer2.2.conv1,0.17140279834151573,0.0005568900328560972,0.024742895033606657,0.01814408200838236,391
13,012_layer2.2.conv2,0.14947908089670073,0.00038280619656467715,0.02696731411142211,0.021008374983245565,391
13,013_layer3.0.conv1,0.22752047187227117,0.0007533918918695495,0.02019997089849468,0.01476132078437062,391
13,014_layer3.0.conv2,0.2895848592528907,0.0011706044506404334,0.015366658583734347,0.011389689493211308,391
13,015_layer3.1.conv1,0.28873444807803844,0.0011999204808282316,0.017778835722508476,0.012543900373674683,391
13,016_layer3.1.conv2,0.2493809463880251,0.0009103785425502997,0.014176896190936933,0.010778648951616487,391
13,017_layer3.2.conv1,0.24091042071352226,0.0009141313764142595,0.017873291796206704,0.013156611252760261,391
13,018_layer3.2.conv2,0.15912035866009305,0.0004940869468623259,0.019528096743563178,0.014726757674441414,391
14,000_conv1,0.17003173929879734,0.0023413890872518786,0.18667832795111344,0.1333982330031899,391
14,001_layer1.0.conv1,0.14517822859765928,0.0007733833539196044,0.038215878810283974,0.02917841594763395,391
14,002_layer1.0.conv2,0.13564916065586802,0.00039418055866764085,0.06056612355682878,0.0469127665971763,391
14,003_layer1.1.conv1,0.1307196725169411,0.00046419111541559643,0.03496166505580134,0.026353654494929584,391
14,004_layer1.1.conv2,0.11317992027458328,0.0002868572280356769,0.043543417211797664,0.03264502659073664,391
14,005_layer1.2.conv1,0.11530502371089843,0.00037291311561361146,0.045949460325512975,0.034272430936169676,391
14,006_layer1.2.conv2,0.09837941962587254,0.00020901518414282068,0.05685890855585241,0.04338598999361813,391
14,007_layer2.0.conv1,0.13707927675427073,0.0003768360054371561,0.03131478421101698,0.022943389008183605,391
14,008_layer2.0.conv2,0.16391262509252713,0.000494108731814439,0.022435493846054626,0.01745324174560453,391
14,009_layer2.1.conv1,0.1670096605025289,0.00044924210424296743,0.019365263964936253,0.014876521942403848,391
14,010_layer2.1.conv2,0.1516893202691432,0.00037768768377706083,0.02412497282930045,0.018845419106306594,391
14,011_layer2.2.conv1,0.16747710255482007,0.00047060765627410586,0.024652184403865136,0.018159264403250858,391
14,012_layer2.2.conv2,0.14873020575784357,0.00034997885603206894,0.027395571392546694,0.019541668842728534,391
14,013_layer3.0.conv1,0.22712332440916536,0.0007564052105465888,0.018002137766320758,0.013568864046834812,391
14,014_layer3.0.conv2,0.29139559744569044,0.0012673695576040922,0.015458112465076713,0.012112349105001577,391
14,015_layer3.1.conv1,0.29115513089062917,0.0013731513797445721,0.0173555978861287,0.01392461828041285,391
14,016_layer3.1.conv2,0.2523721564761208,0.001070924496148637,0.013953430887752517,0.010671163188229669,391
14,017_layer3.2.conv1,0.2447438977106148,0.0010052545751185332,0.01744549231538807,0.013218168227517573,391
14,018_layer3.2.conv2,0.16059308060828378,0.0005364704074235366,0.020595513309573384,0.015397224696364021,391
15,000_conv1,0.16897613189333235,0.0019965082221385794,0.18489355138173122,0.14325648566947358,391
15,001_layer1.0.conv1,0.1478405064519714,0.0008171534042544192,0.036556025798994286,0.02797552847331236,391
15,002_layer1.0.conv2,0.13534267065698838,0.0003398411246886973,0.06312316346260154,0.046374634841187874,391
15,003_layer1.1.conv1,0.13338557078176752,0.0004403209677401321,0.033465352123248915,0.02570193131036398,391
15,004_layer1.1.conv2,0.11485153631023738,0.000285555643120685,0.0444533711872975,0.03334550247384775,391
15,005_layer1.2.conv1,0.1189777368436689,0.00032453245468464995,0.049163072261914055,0.0384364691347681,391
15,006_layer1.2.conv2,0.10056540211829383,0.00021680837112759456,0.05825338498233696,0.040896151586003765,391
15,007_layer2.0.conv1,0.13849934144779238,0.000413445244512832,0.031172499901738943,0.0234539587706479,391
15,008_layer2.0.conv2,0.16169618428363214,0.0004984357264961672,0.02150424510829926,0.016552351846890065,391
15,009_layer2.1.conv1,0.17142489893585824,0.0005357351089271718,0.022446340511126033,0.016448741400563068,391
15,010_layer2.1.conv2,0.15308976581182016,0.0003958496528211654,0.024935235848541366,0.019876440246146286,391
15,011_layer2.2.conv1,0.17143719553795006,0.0005632384626702673,0.023000505115107997,0.0169043575075279,391
15,012_layer2.2.conv2,0.14930830625316982,0.00036161383175310063,0.027681577625586783,0.020769596491883795,391
15,013_layer3.0.conv1,0.22847048766777645,0.0007864736265034769,0.01829776425643162,0.01339679699592425,391
15,014_layer3.0.conv2,0.29409406435154284,0.0012813025869226752,0.01579520781233255,0.0119862015243479,391
15,015_layer3.1.conv1,0.29170915225277777,0.0013855543572794393,0.017481066704996565,0.012289966189992401,391
15,016_layer3.1.conv2,0.2542039460462073,0.0010711106608310011,0.01380017115484046,0.010354009854748563,391
15,017_layer3.2.conv1,0.24663465330972695,0.0010356661644133625,0.01603099328353066,0.01241104508486297,391
15,018_layer3.2.conv2,0.16001247336416294,0.000543308889962759,0.0207948787145449,0.015453494026901918,391
16,000_conv1,0.1731052317125413,0.002469606722716969,0.18312401018875693,0.13719069812961227,391
16,001_layer1.0.conv1,0.14463234748072026,0.0007004930825796271,0.037069339595921603,0.03064158151551611,391
16,002_layer1.0.conv2,0.13449994924351993,0.0003762315782732985,0.06650540667563401,0.04796254113341519,391
16,003_layer1.1.conv1,0.13065512707013913,0.000460054430530054,0.03400535588160522,0.026245547854005336,391
16,004_layer1.1.conv2,0.11306540679443827,0.0002785175500615005,0.03979979803729121,0.030407069256643073,391
16,005_layer1.2.conv1,0.11843547415550408,0.00033957429273457317,0.04862820859739433,0.03748469916053176,391
16,006_layer1.2.conv2,0.09984257323738864,0.00022862364438910182,0.0628845957528396,0.042416964420666184,391
16,007_layer2.0.conv1,0.13470373580903958,0.00035206220458237555,0.031223203167212114,0.024959179967866642,391
16,008_layer2.0.conv2,0.1598361179689922,0.0005088411560888566,0.022182688918108356,0.016499243585401894,391
16,009_layer2.1.conv1,0.17379584569302972,0.0005917448993060445,0.021398221562827772,0.016396349403630037,391
16,010_layer2.1.conv2,0.1555345628191443,0.00045953033266999885,0.02394638093286063,0.01994123234727451,391
16,011_layer2.2.conv1,0.16969787601924613,0.0006196219815913818,0.02511922221377195,0.017980090815335668,391
16,012_layer2.2.conv2,0.14607804106629413,0.0004091109803205824,0.028407083748688843,0.022367408682253426,391
16,013_layer3.0.conv1,0.22874144554290626,0.0009061297552093381,0.018465071040171567,0.013963454955839843,391
16,014_layer3.0.conv2,0.2943917065858841,0.0014753252702165293,0.01630140321410816,0.012148996861174845,391
16,015_layer3.1.conv1,0.28965444504604926,0.0014692778917955035,0.017962559077921218,0.013993354673880697,391
16,016_layer3.1.conv2,0.2552170352176632,0.0011340053095934138,0.012928183957477501,0.010266495072969,391
16,017_layer3.2.conv1,0.2492389585203527,0.0010977360423044605,0.01679409437640847,0.012256549545379542,391
16,018_layer3.2.conv2,0.16114583811567873,0.0005546377348936149,0.02088823365003751,0.014689950644178194,391
17,000_conv1,0.17093975277965331,0.0020420868245998626,0.18953736552574416,0.14022616683537004,391
17,001_layer1.0.conv1,0.1453369651037409,0.0007603820698401306,0.03601441806532814,0.026934488575847494,391
17,002_layer1.0.conv2,0.13356125680610653,0.0004113870445652777,0.059517496692156585,0.047715356731588096,391
17,003_layer1.1.conv1,0.12856675128040412,0.0005085058200236595,0.03435459412173103,0.02662222460956366,391
17,004_layer1.1.conv2,0.11564394625861321,0.00036096173032012374,0.04020172052391399,0.02927389301222306,391
17,005_layer1.2.conv1,0.1190002361488769,0.00039857132244702775,0.05357109479629561,0.03953860367163932,391
17,006_layer1.2.conv2,0.10104609467565556,0.00024376721065255853,0.06179766423199052,0.04616192773941738,391
17,007_layer2.0.conv1,0.13755751667958696,0.0004185461094480952,0.03406928020534362,0.025191014372755324,391
17,008_layer2.0.conv2,0.1630037531561559,0.0005733208015071684,0.021282062851948915,0.016492715271430196,391
17,009_layer2.1.conv1,0.172591576624252,0.0006322978534869517,0.021965593270941986,0.017033323922199518,391
17,010_layer2.1.conv2,0.15424698511200488,0.00043586575416864476,0.024285327585869515,0.01775766371712298,391
17,011_layer2.2.conv1,0.16757930254997194,0.0005915109253455918,0.021954635515531194,0.01594165543839605,391
17,012_layer2.2.conv2,0.14791551333330477,0.00040605863165488545,0.027638770162293044,0.020310575845599362,391
17,013_layer3.0.conv1,0.2285985481327452,0.0008693289809656793,0.017613911024287388,0.013503499968419876,391
17,014_layer3.0.conv2,0.29456145981388626,0.001404958856729352,0.01507869037154787,0.011660521608348514,391
17,015_layer3.1.conv1,0.292383627856479,0.0014740365632071178,0.018258093413348254,0.013582580802001504,391
17,016_layer3.1.conv2,0.25613142439471487,0.0011523951847132036,0.01242160503020654,0.010026932787226281,391
17,017_layer3.2.conv1,0.25104305723591536,0.001160490906818537,0.017499430207288502,0.012398332797589423,391
17,018_layer3.2.conv2,0.16140938592155266,0.0005982259267368652,0.021332058629132403,0.016207692553049467,391
18,000_conv1,0.16448996115066206,0.0017129568610089324,0.2037705803947116,0.15129419563717356,391
18,001_layer1.0.conv1,0.14194774574331007,0.0006095352823631307,0.03477689321136118,0.02618226749464428,391
18,002_layer1.0.conv2,0.1349361472765503,0.00041410811064000394,0.05502140845435307,0.042833035438076296,391
18,003_layer1.1.conv1,0.1257688954586873,0.0004142388740344359,0.03145312005802846,0.02509481709493899,391
18,004_layer1.1.conv2,0.11446840630467896,0.0002964676904181722,0.03814827228675696,0.028731312033690344,391
18,005_layer1.2.conv1,0.11683013340663118,0.0003591077970937426,0.04772833882093541,0.03671908629654782,391
18,006_layer1.2.conv2,0.10015252426914546,0.00024255694941190988,0.05862075294153747,0.04411836410707256,391
18,007_layer2.0.conv1,0.13974162606555787,0.00044047333170545155,0.030046990305493328,0.021799458069535375,391
18,008_layer2.0.conv2,0.1674665735315179,0.0005473473887051931,0.01993753319042382,0.015558607517353879,391
18,009_layer2.1.conv1,0.17017408231716327,0.00055738847961289,0.021080715463144967,0.015556497636734336,391
18,010_layer2.1.conv2,0.15381098241376145,0.0004414772306124727,0.023331369867429737,0.017458617139083425,391
18,011_layer2.2.conv1,0.17305335002329647,0.0005820505811513187,0.022506294103385165,0.017330364957005236,391
18,012_layer2.2.conv2,0.1496338495970382,0.00039658049969271136,0.027653076356332545,0.021017421028578242,391
18,013_layer3.0.conv1,0.2285613369987444,0.0008354808652168907,0.018410570464570963,0.014298848081686627,391
18,014_layer3.0.conv2,0.296905453324013,0.001390752659150396,0.014756278137492305,0.010406723689734622,391
18,015_layer3.1.conv1,0.2941115769507635,0.0014097432353278178,0.017315038067386653,0.014097205776687102,391
18,016_layer3.1.conv2,0.2566598349291345,0.0010737527638693678,0.013868212352653899,0.01046308124600983,391
18,017_layer3.2.conv1,0.25522496175887943,0.0011001296938557559,0.01812975918318027,0.014141572282303519,391
18,018_layer3.2.conv2,0.16370841355808555,0.0005735673084263405,0.020830942920073148,0.015798055600364746,391
19,000_conv1,0.16921326268435744,0.0019496614607443438,0.18306070012731002,0.13585754248309737,391
19,001_layer1.0.conv1,0.14340116685766088,0.0007791046024202553,0.03544349366605617,0.026504283739945164,391
19,002_layer1.0.conv2,0.13546027391767868,0.00044341052831553193,0.059672319885011,0.04789056708681376,391
19,003_layer1.1.conv1,0.12753646771240112,0.000494987518532549,0.0343131864148438,0.027436165185646084,391
19,004_layer1.1.conv2,0.11031254638186501,0.0002764541468393989,0.0414009987740391,0.03262246169690429,391
19,005_layer1.2.conv1,0.11658410743221907,0.0003901529073137566,0.05056169449081233,0.03930482295942365,391
19,006_layer1.2.conv2,0.09719541758451315,0.0002238844264050091,0.05698108785675795,0.04213732065000443,391
19,007_layer2.0.conv1,0.13600360834613787,0.00045316688479866973,0.030469872301024305,0.024112933103876705,391
19,008_layer2.0.conv2,0.16403305736344184,0.0006406128763833015,0.019536414296797845,0.01471895790548925,391
19,009_layer2.1.conv1,0.17163092707810196,0.000632578970170751,0.02078831888524794,0.01528771883511042,391
19,010_layer2.1.conv2,0.15471424105222267,0.0004572430458995892,0.024908442218105255,0.01892996882495239,391
19,011_layer2.2.conv1,0.17030118504905944,0.0006065998906815626,0.022505842428879597,0.01638363539829332,391
19,012_layer2.2.conv2,0.14843509757838896,0.0004083445844371113,0.028182263578018396,0.021177655702385,391
19,013_layer3.0.conv1,0.22824593970690238,0.0009735224050002392,0.016957843082153562,0.013436398709864782,391
19,014_layer3.0.conv2,0.2941822897442771,0.0015206664090471889,0.015705055533670118,0.011893076377903867,391
19,015_layer3.1.conv1,0.2914369139829865,0.0015416810880673482,0.017805367815168335,0.013275330585962287,391
19,016_layer3.1.conv2,0.2547562017922511,0.0012318605346971906,0.013147600879267458,0.010676591118776585,391
19,017_layer3.2.conv1,0.24609288893392323,0.0011165271845635372,0.016791576071904495,0.012968642671004789,391
19,018_layer3.2.conv2,0.158264035382844,0.0005514868971281638,0.01982358202461482,0.015418975115502947,391
20,000_conv1,0.1717062640525496,0.0019225647721490824,0.1848497322548831,0.13969851629022226,391
20,001_layer1.0.conv1,0.1448034346484772,0.0006727899421230324,0.03525825222837143,0.029191453547483173,391
20,002_layer1.0.conv2,0.1353563053338119,0.00038593263767196934,0.06180483267893848,0.045432775354381866,391
20,003_layer1.1.conv1,0.12884283366867955,0.0004585777415620357,0.034072760271507185,0.025580742429090562,391
20,004_layer1.1.conv2,0.11333515571282647,0.0002609865646761803,0.037660068116335245,0.030454282330795078,391
20,005_layer1.2.conv1,0.1253398218385094,0.00038653327549852817,0.048054427621969535,0.03692437357080214,391
20,006_layer1.2.conv2,0.10542199126137491,0.00022785895526691163,0.05487713175636502,0.03976526055979476,391
20,007_layer2.0.conv1,0.13906741357596633,0.0003553552952384985,0.03057156276291256,0.024238467423099257,391
20,008_layer2.0.conv2,0.1651973009795484,0.0004500837810276319,0.019359202386057057,0.014720914844705222,391
20,009_layer2.1.conv1,0.17499784919459496,0.0005025282013314258,0.021039227407392593,0.01584468969379289,391
20,010_layer2.1.conv2,0.15763102374646976,0.00037145163026782585,0.022990752537230142,0.017602725623076187,391
20,011_layer2.2.conv1,0.17424571637988395,0.0005172440594823566,0.01933722576753789,0.014172064104496333,391
20,012_layer2.2.conv2,0.15190929965213743,0.0003329773849014041,0.027856818197061792,0.022200439291815692,391
20,013_layer3.0.conv1,0.23001282058103614,0.0007454623815304345,0.01690864035680466,0.011974322354446478,391
20,014_layer3.0.conv2,0.2947190207288698,0.0012470223071706088,0.015650406910722,0.011469293734205877,391
20,015_layer3.1.conv1,0.2941590447712432,0.0013171924415656955,0.017216594136954273,0.01320784176855242,391
20,016_layer3.1.conv2,0.2612365912217313,0.0010571302483754208,0.013428940466837958,0.010290011616463491,391
20,017_layer3.2.conv1,0.24938830615157057,0.0009415052013104566,0.016336876845895073,0.012506054951959646,391
20,018_layer3.2.conv2,0.16075385308555326,0.0005055334062660753,0.018761564338823835,0.014380844679331362,391
21,000_conv1,0.16585112603195487,0.0021695383612004328,0.20162987586005432,0.14777877569761882,391
21,001_layer1.0.conv1,0.14475096140981025,0.000709750135442621,0.03448149338415216,0.026172451168475226,391
21,002_layer1.0.conv2,0.13513642473293996,0.00042984656301715135,0.06387573654536823,0.050270367746524595,391
21,003_layer1.1.conv1,0.12542680397515407,0.0004783578148925549,0.03321733619497322,0.025125825678143136,391
21,004_layer1.1.conv2,0.11095273959667176,0.00028492424793021866,0.04245785313754883,0.0322064305849108,391
21,005_layer1.2.conv1,0.12275206629196396,0.00039852897191185004,0.04662221239759255,0.034495813379126536,391
21,006_layer1.2.conv2,0.1018349391115291,0.0002320979424786894,0.057264931379160396,0.04082148733987104,391
21,007_layer2.0.conv1,0.1368815025405201,0.0004072805699690332,0.03005974067413323,0.022793994746651326,391
21,008_layer2.0.conv2,0.16330672912966565,0.0005743795857220471,0.017917056366100984,0.013280194216950378,391
21,009_layer2.1.conv1,0.16868660650442324,0.0005948001628540631,0.020861288185304035,0.01515057786352344,391
21,010_layer2.1.conv2,0.1533006221017874,0.0004414763382529323,0.02275650663425803,0.016452242238942334,391
21,011_layer2.2.conv1,0.17254496613503112,0.000573553235825603,0.02261058332726901,0.016762652716759845,391
21,012_layer2.2.conv2,0.15163315788787954,0.00043997062178569024,0.026382137456445246,0.019878736657085578,391
21,013_layer3.0.conv1,0.22420872888906532,0.0009018590528638917,0.018936410396787447,0.015020138289643298,391
21,014_layer3.0.conv2,0.29126422309204747,0.001441135226703208,0.01530819362945869,0.011511775494224195,391
21,015_layer3.1.conv1,0.29041363150262467,0.0015002709745319392,0.017090152495082462,0.012478023009704482,391
21,016_layer3.1.conv2,0.2570058364240105,0.0011901602960348312,0.013748743008729011,0.010067272240496987,391
21,017_layer3.2.conv1,0.24956681489792015,0.0011788025262580368,0.016439269179186096,0.012933606328263255,391
21,018_layer3.2.conv2,0.15932642155900942,0.0006306138128356134,0.021011195377559255,0.016488619050637827,391
22,000_conv1,0.16873730589514194,0.0019223129674498553,0.1921294707327943,0.13562290494282778,391
22,001_layer1.0.conv1,0.14436261773185657,0.0007219291315961537,0.03471658214265147,0.026395130380993424,391
22,002_layer1.0.conv2,0.13449421696498265,0.0004270882581466212,0.06167328894939473,0.046921097188771556,391
22,003_layer1.1.conv1,0.12374295703971477,0.0004795912364772715,0.030319623587190953,0.02477917864532776,391
22,004_layer1.1.conv2,0.11177251775703771,0.000304040445002509,0.03862320091639398,0.026963192833737694,391
22,005_layer1.2.conv1,0.12086341600588825,0.00047431860528788193,0.04585973716588751,0.03356919473939971,391
22,006_layer1.2.conv2,0.10145941046078491,0.0002716422073599182,0.058625947828005634,0.04343556706730938,391
22,007_layer2.0.conv1,0.13816227079809779,0.0004481411449388899,0.028354692564429188,0.0232086964274754,391
22,008_layer2.0.conv2,0.16626769296653435,0.000597573775854586,0.020263857470889775,0.015424129010978742,391
22,009_layer2.1.conv1,0.1699777255239694,0.0006344323116920722,0.019708720669119835,0.014935819811423636,391
22,010_layer2.1.conv2,0.1539402591145557,0.0004996258400494225,0.021777522458230107,0.01587971566158385,391
22,011_layer2.2.conv1,0.1698343782969143,0.0006492120701875603,0.01984966776132665,0.014933992810856798,391
22,012_layer2.2.conv2,0.14952701444516098,0.0004922793147954969,0.026973703868768732,0.020838085275690792,391
22,013_layer3.0.conv1,0.22644944919649598,0.000981653494580098,0.01958212180338275,0.015563937825016375,391
22,014_layer3.0.conv2,0.2940572114170665,0.0016167966477144274,0.015883910490906008,0.01131625184429248,391
22,015_layer3.1.conv1,0.29488636728595286,0.0017504597123841475,0.018194883710269227,0.01316383266987938,391
22,016_layer3.1.conv2,0.2606473160750421,0.0013246382193128348,0.012706681523611487,0.008993299934510882,391
22,017_layer3.2.conv1,0.2526667351308076,0.0012520289760530878,0.015108496500126696,0.01209068785676875,391
22,018_layer3.2.conv2,0.1592574786880742,0.0006247378616658708,0.020162713782832947,0.015444261360070882,391
23,000_conv1,0.1620011249619067,0.0017537952423044324,0.19564594371992228,0.1421166814156299,391
23,001_layer1.0.conv1,0.14672346445529358,0.0007713728088418852,0.03448030957220708,0.027669099811255704,391
23,002_layer1.0.conv2,0.13443301014049583,0.0004325833337959564,0.0652192258570061,0.048323638895827414,391
23,003_layer1.1.conv1,0.12740969469251534,0.00045342506086073694,0.03777318434095155,0.03012147612743797,391
23,004_layer1.1.conv2,0.11049465442557468,0.00027638855408783705,0.039709090688818165,0.031357778176596476,391
23,005_layer1.2.conv1,0.12476322613180141,0.00041254869734935057,0.04879687655628707,0.035878008682444645,391
23,006_layer1.2.conv2,0.10328032399344322,0.0002570710149574426,0.06104091311278848,0.044172518670878,391
23,007_layer2.0.conv1,0.13556703309650006,0.0004401159452137107,0.02976216795354667,0.022622173740849117,391
23,008_layer2.0.conv2,0.16374307428784382,0.0005834719963396032,0.01941267592983399,0.015164980802734795,391
23,009_layer2.1.conv1,0.16908346537662589,0.0005905454263262118,0.019671417137179674,0.01626755461410643,391
23,010_layer2.1.conv2,0.15369916339512066,0.0004637566026467997,0.023835970067569916,0.01770864744838672,391
23,011_layer2.2.conv1,0.17177041452330397,0.0005965291632480038,0.021468865036357924,0.0170628965630145,391
23,012_layer2.2.conv2,0.15145084197106568,0.00040696718636339807,0.025879675069923006,0.02037520795452813,391
23,013_layer3.0.conv1,0.2266234255888883,0.0009126305968163925,0.018250924713347348,0.014373973958859192,391
23,014_layer3.0.conv2,0.29490502327299484,0.0015338216614830674,0.014822480985030244,0.011045407110450456,391
23,015_layer3.1.conv1,0.29307257454566027,0.0015735548595907783,0.017650445615846503,0.012840714572325494,391
23,016_layer3.1.conv2,0.2599654449221423,0.0012617246106107344,0.012195410900348995,0.009445621952276698,391
23,017_layer3.2.conv1,0.2570632382122147,0.0011968052247444405,0.015978632745595172,0.01237376470420702,391
23,018_layer3.2.conv2,0.16008788570190025,0.0005135760966965379,0.020668790287031454,0.015616961427756225,391
24,000_conv1,0.1669821780165443,0.002040602406577073,0.16998322124627496,0.12857086376350985,391
24,001_layer1.0.conv1,0.14412360083873924,0.0007348722017807875,0.03373733065244408,0.025411492110190538,391
24,002_layer1.0.conv2,0.1329777789733294,0.00041529608323503595,0.06130228107644762,0.046257015519836416,391
24,003_layer1.1.conv1,0.1284584388937182,0.0004560752749613421,0.0354990106816482,0.0272175658369436,391
24,004_layer1.1.conv2,0.11270734703982882,0.0002671433929835945,0.039007248761712354,0.03164270179003769,391
24,005_layer1.2.conv1,0.12610271815067667,0.00046320867976933425,0.04985740100267826,0.03594572610525219,391
24,006_layer1.2.conv2,0.10284174390880348,0.00023674477592497065,0.058825149764408446,0.04192008152674598,391
24,007_layer2.0.conv1,0.13687441669537892,0.0003906742215582133,0.0321741143048442,0.024289079657263055,391
24,008_layer2.0.conv2,0.16621946520588893,0.0005759823403991352,0.01818100851147285,0.015040679131747624,391
24,009_layer2.1.conv1,0.17072176018639293,0.0005613673083851786,0.020603685860446475,0.01525021372188297,391
24,010_layer2.1.conv2,0.15407170871715717,0.0004042638580349679,0.021197095935033005,0.016023067917569463,391
24,011_layer2.2.conv1,0.1718645800486245,0.0005788609519996567,0.022670364544912256,0.01683247441611123,391
24,012_layer2.2.conv2,0.15028919026141277,0.0004004304480383636,0.026414392757826248,0.019786448244194114,391
24,013_layer3.0.conv1,0.23049343714628684,0.0008937891828565692,0.018139196720285862,0.012996822607318183,391
24,014_layer3.0.conv2,0.29809172409574697,0.0015015676657479105,0.014130437650772579,0.01046299393911109,391
24,015_layer3.1.conv1,0.29374286768686436,0.0014895921772558607,0.016291856791418778,0.012457551196794227,391
24,016_layer3.1.conv2,0.25968695292844796,0.0011207098560975376,0.012761315061913088,0.009592552257977826,391
24,017_layer3.2.conv1,0.26001609149186505,0.0011701679919009916,0.016414339373548737,0.011724040932847275,391
24,018_layer3.2.conv2,0.1625480891379249,0.0006093922245246144,0.0205058652757327,0.014776929760135763,391
25,000_conv1,0.16881743027730975,0.002072234597834774,0.18429499101224225,0.14275989228930064,391
25,001_layer1.0.conv1,0.14256495982408524,0.0008308825791500836,0.03429365187659404,0.027002459448176076,391
25,002_layer1.0.conv2,0.13112812192010148,0.00043448032417056637,0.06525287615043236,0.04928843732466152,391
25,003_layer1.1.conv1,0.12641364179761208,0.0005215511477020297,0.0330125606582386,0.025722078630610712,391
25,004_layer1.1.conv2,0.11067575166749832,0.0002852602172718696,0.040266698991517774,0.031972866845674075,391
25,005_layer1.2.conv1,0.12165043274383716,0.00043142668718028875,0.04727452647499316,0.03560233732569783,391
25,006_layer1.2.conv2,0.1001321162809344,0.00026344187567637657,0.06094494872544731,0.04595065259556146,391
25,007_layer2.0.conv1,0.13574713304676972,0.0004359635247296323,0.030645477308459176,0.02312178132937243,391
25,008_layer2.0.conv2,0.1651645448544751,0.0006222956638293753,0.020160548934596647,0.014165007183270212,391
25,009_layer2.1.conv1,0.1724266645586704,0.0006582428905385247,0.019801837936322272,0.014122115861879362,391
25,010_layer2.1.conv2,0.1539299035697337,0.0005041664350409099,0.022907927653771268,0.018064483860155314,391
25,011_layer2.2.conv1,0.16952535071793726,0.0006391128740621567,0.021969164957699086,0.01656791818402043,391
25,012_layer2.2.conv2,0.14789295531904606,0.0004650685984027743,0.025326791868508718,0.018385416938985214,391
25,013_layer3.0.conv1,0.2282717233271245,0.0010036606990014157,0.017979038850413402,0.013910452628563701,391
25,014_layer3.0.conv2,0.2974734312814215,0.0016522280542181217,0.015382775745596952,0.011887337613984781,391
25,015_layer3.1.conv1,0.2928721156647748,0.0016978124130043876,0.017982964838800124,0.013673953550839023,391
25,016_layer3.1.conv2,0.25901629587116143,0.0014154813203658412,0.012554153178976995,0.009930919095250812,391
25,017_layer3.2.conv1,0.2574424030607009,0.0013631203241175893,0.015813095095637737,0.011701246475296613,391
25,018_layer3.2.conv2,0.1616368093111021,0.0006616515182369456,0.02064011896628237,0.014643602728991812,391
26,000_conv1,0.16931942614066936,0.0022810231106502495,0.19433764482180224,0.14492478167224954,391
26,001_layer1.0.conv1,0.14498071723124561,0.0009284091986598159,0.03451546989006722,0.02743308466642638,391
26,002_layer1.0.conv2,0.1348272418160268,0.0005578537431682462,0.06484048260688705,0.05096906859012453,391
26,003_layer1.1.conv1,0.13423192015160684,0.0005913366277525561,0.0325762831692017,0.024311686256816654,391
26,004_layer1.1.conv2,0.11606773261523917,0.00033114245135852996,0.03911554976783293,0.029653569185046674,391
26,005_layer1.2.conv1,0.12238627361595783,0.00041542101383019656,0.04550024714660914,0.03398020029691965,391
26,006_layer1.2.conv2,0.10132128419473653,0.00028326789487173945,0.05911287025125656,0.04624649108899182,391
26,007_layer2.0.conv1,0.13534246007804676,0.0004650032442894067,0.029404025997531384,0.02195313462652611,391
26,008_layer2.0.conv2,0.1646363078747564,0.000618854492185069,0.019484603320454385,0.014917720947802906,391
26,009_layer2.1.conv1,0.1737247859235005,0.0006311684878461676,0.02114651604574007,0.01558790621869017,391
26,010_layer2.1.conv2,0.15405283296657035,0.000476373125252387,0.023380103149696057,0.018143217016939998,391
26,011_layer2.2.conv1,0.16779460636017574,0.0006448793566970375,0.023875840196652155,0.01748057231354062,391
26,012_layer2.2.conv2,0.14661136326734978,0.0004537854721665506,0.02588005302871531,0.019581334322420065,391
26,013_layer3.0.conv1,0.22918246206267714,0.0010206136387453726,0.017854974032514973,0.012877303522785126,391
26,014_layer3.0.conv2,0.2991849254921574,0.001735922132505105,0.015412815443524519,0.01165653269565979,391
26,015_layer3.1.conv1,0.2939282240312728,0.0017202434183647558,0.016882478243002676,0.012641580647273628,391
26,016_layer3.1.conv2,0.2605550101269846,0.0013167608714388657,0.012624158819097366,0.009696494667570749,391
26,017_layer3.2.conv1,0.259016296519038,0.0013220454595993941,0.015973471024225805,0.012912285899757108,391
26,018_layer3.2.conv2,0.161047428427145,0.0006051937831612307,0.01975811025818482,0.015328329235916364,391
27,000_conv1,0.16764716390529863,0.0018864346971609741,0.1832404069523887,0.1325935327772992,391
27,001_layer1.0.conv1,0.14372655749320984,0.0007275256629973859,0.03145292927129188,0.025067938853141094,391
27,002_layer1.0.conv2,0.13309641797905383,0.00043263478552716533,0.060375992758212225,0.04949972187056795,391
27,003_layer1.1.conv1,0.1286254428765353,0.000487784392300631,0.03217736090810945,0.024849738315607228,391
27,004_layer1.1.conv2,0.11324742691748588,0.0002859413957424211,0.039695293330440064,0.030270027600332976,391
27,005_layer1.2.conv1,0.1240767277681919,0.0004354784932779805,0.046545547072451426,0.0318534270337758,391
27,006_layer1.2.conv2,0.10034305637564196,0.00026449755304121074,0.056070291746874154,0.04339090148254593,391
27,007_layer2.0.conv1,0.14170852135819242,0.0004829877341655138,0.02849534503329406,0.021598244884131323,391
27,008_layer2.0.conv2,0.17080511082240077,0.0006646089163676386,0.019333007125136824,0.01495408697868344,391
27,009_layer2.1.conv1,0.17387238630782004,0.0006760645159193841,0.020612957936887572,0.014921704658056478,391
27,010_layer2.1.conv2,0.15627764456945917,0.0005204566754897257,0.02351738848038154,0.0179932937549309,391
27,011_layer2.2.conv1,0.16965076809420304,0.0006307952991423983,0.0233911660548923,0.01759977233771692,391
27,012_layer2.2.conv2,0.1467789576943878,0.00046240562905414465,0.027702864522913897,0.020212232710829503,391
27,013_layer3.0.conv1,0.22916865383115265,0.001056584967471054,0.018221915401828596,0.013578651498619343,391
27,014_layer3.0.conv2,0.2988062126709677,0.0017115602210913267,0.015825201923502497,0.011874835100192646,391
27,015_layer3.1.conv1,0.29546376994198853,0.0018127078910794986,0.017362933108166854,0.013162537242315921,391
27,016_layer3.1.conv2,0.2628495166140139,0.0014539983833248005,0.012767071658817424,0.009745243374033435,391
27,017_layer3.2.conv1,0.2625160918897375,0.0014018827073549872,0.016087425291509434,0.012461318146732597,391
27,018_layer3.2.conv2,0.16236519765899615,0.0006326926278420186,0.01976711798336677,0.015332611592584706,391
28,000_conv1,0.16304277842078368,0.0017760235248351353,0.16395704481986534,0.11269002818758268,391
28,001_layer1.0.conv1,0.14109149015010775,0.0007155982953250366,0.031500472599277844,0.02421279466501509,391
28,002_layer1.0.conv2,0.13175384650754807,0.0003971152530680318,0.06441361175628517,0.047332487993269196,391
28,003_layer1.1.conv1,0.12718065894778122,0.0005154947253599509,0.032935170530643175,0.025642988018387287,391
28,004_layer1.1.conv2,0.11275665239071297,0.00029221932555134264,0.04076076727827935,0.030134785743674012,391
28,005_layer1.2.conv1,0.12005536157228149,0.0003924849838745897,0.04608131343536192,0.033749267787531,391
28,006_layer1.2.conv2,0.1002726192917208,0.00024836064574684444,0.0567914078743724,0.04219824006521024,391
28,007_layer2.0.conv1,0.13606707843215873,0.00044907677053932296,0.02947879704682346,0.022741174595293404,391
28,008_layer2.0.conv2,0.16389081230782487,0.0005501375203519586,0.018057054878213106,0.013195473766638412,391
28,009_layer2.1.conv1,0.1723299412356923,0.000627322212550678,0.018654118880637244,0.013893590374086195,391
28,010_layer2.1.conv2,0.154153148536487,0.0004768231821657594,0.02306364295515924,0.016707315435099717,391
28,011_layer2.2.conv1,0.1728679249468057,0.0006123844573072343,0.022864074100327293,0.016707969469983004,391
28,012_layer2.2.conv2,0.14832325763714588,0.0004195573131044565,0.027094593596146882,0.020330102400527565,391
28,013_layer3.0.conv1,0.22782537840363926,0.0009476925110808651,0.017298092182344266,0.013079215781505091,391
28,014_layer3.0.conv2,0.29588771220820637,0.001604254715954434,0.014885109145432259,0.010922030660244893,391
28,015_layer3.1.conv1,0.2930407906737169,0.0017199904781971947,0.01733049890515856,0.013009181871626894,391
28,016_layer3.1.conv2,0.25858138760794763,0.0013326930468518933,0.011625383222988724,0.008839537515505267,391
28,017_layer3.2.conv1,0.26053650581928167,0.001334712107477709,0.01574929839289023,0.011930907254049184,391
28,018_layer3.2.conv2,0.1624021507666239,0.0006149895431350264,0.019812821703111733,0.01477701516556418,391
29,000_conv1,0.16317352991732184,0.0021002744437282513,0.17278409928733027,0.1319148641403464,391
29,001_layer1.0.conv1,0.14168446642511032,0.0007930991024018841,0.03822131980149655,0.028506081703458395,391
29,002_layer1.0.conv2,0.13163976201697078,0.0004186278815004503,0.061942470487733575,0.047830052495310076,391
29,003_layer1.1.conv1,0.1295355079919481,0.00047741794098458273,0.03397585636961678,0.025565557868761718,391
29,004_layer1.1.conv2,0.11523894357787984,0.0003356481930425013,0.039472961096147806,0.027924285995232674,391
29,005_layer1.2.conv1,0.12640838405055463,0.0004517866746948894,0.04310088138995723,0.03186980956734994,391
29,006_layer1.2.conv2,0.1016840917413192,0.00028690915511649963,0.05477345059618361,0.041464190588640266,391
29,007_layer2.0.conv1,0.1403655673917907,0.0004955300248720498,0.026975260596819723,0.02144278979577604,391
29,008_layer2.0.conv2,0.1694839130277219,0.0006770755578558996,0.01981599394605993,0.014545823154078662,391
29,009_layer2.1.conv1,0.16981685310221084,0.0006380945256092771,0.019210633252027726,0.014851304335919547,391
29,010_layer2.1.conv2,0.15290909496795796,0.000482521605629678,0.02312997076186806,0.017858632719672547,391
29,011_layer2.2.conv1,0.17081151491083452,0.000644225441416079,0.022228267538017217,0.01718020162544098,391
29,012_layer2.2.conv2,0.14669383734540867,0.000436076673352305,0.0266556472472908,0.020324120383888613,391
29,013_layer3.0.conv1,0.22848016307558244,0.00106300986627373,0.01761936297245479,0.014010136723614529,391
29,014_layer3.0.conv2,0.297481733057505,0.0017308085085296215,0.01502915301784168,0.011047190312494872,391
29,015_layer3.1.conv1,0.29463917546717405,0.0017698906834914957,0.017292070822202365,0.012757687427982462,391
29,016_layer3.1.conv2,0.2631868620967621,0.0014387549982559228,0.012661570706093982,0.009514956798470467,391
29,017_layer3.2.conv1,0.26399751731654264,0.0014492585217666804,0.01521286124943683,0.011562584676442712,391
29,018_layer3.2.conv2,0.16272653690765582,0.0006260054691142221,0.02006874519679688,0.015190894314061289,391
30,000_conv1,0.1583753526401337,0.0017618428681341718,0.16680019360709736,0.11931577440752239,391
30,001_layer1.0.conv1,0.1402706792935386,0.0007145100853307995,0.03575692087912228,0.02839367831892146,391
30,002_layer1.0.conv2,0.13254207222129377,0.00048219726225173093,0.06922215884914645,0.05234091176429467,391
30,003_layer1.1.conv1,0.12684259906677944,0.0005471201784619691,0.03318762507288085,0.025609719940585814,391
30,004_layer1.1.conv2,0.11035738551936795,0.0003135809944791075,0.037047691671071865,0.027420003394396576,391
30,005_layer1.2.conv1,0.12482568257681244,0.00047640446892569487,0.04919291017225722,0.03560673213349142,391
30,006_layer1.2.conv2,0.10212277511463445,0.0002918026130961215,0.05485701355665113,0.041261002740130615,391
30,007_layer2.0.conv1,0.13729329967437803,0.00046556830691291823,0.029095025405453286,0.02252575185102068,391
30,008_layer2.0.conv2,0.1666059927714755,0.0006224877124493995,0.019532706643690462,0.014669177203736268,391
30,009_layer2.1.conv1,0.17183522190279363,0.0007068170665582262,0.01907226026566286,0.013742686113791237,391
30,010_layer2.1.conv2,0.15383526547561827,0.0005104547037796427,0.0212644247040885,0.016773681795277603,391
30,011_layer2.2.conv1,0.16724848838718345,0.0006357893600546713,0.020761286070731275,0.01614220596358998,391
30,012_layer2.2.conv2,0.14491218196995118,0.00044828449694624475,0.028142427412217737,0.020147876520375273,391
30,013_layer3.0.conv1,0.22407038075387326,0.0009855791796396021,0.01783072086878221,0.013390475464485688,391
30,014_layer3.0.conv2,0.29489301648133853,0.0017128206116313466,0.015627676677249465,0.012582224964290066,391
30,015_layer3.1.conv1,0.2972279840037036,0.0017526083959727573,0.017007763876904683,0.012504612172063336,391
30,016_layer3.1.conv2,0.26287290434855637,0.001403626156638707,0.012153430318840898,0.009481874444547081,391
30,017_layer3.2.conv1,0.262161050230036,0.0013572234234961456,0.015337815249661494,0.011781787628955003,391
30,018_layer3.2.conv2,0.16080472204843752,0.0006206213257724004,0.022369340805633565,0.01672498085174486,391
31,000_conv1,0.1659898610447374,0.0019157762014264251,0.1897003995787609,0.13446440241226448,391
31,001_layer1.0.conv1,0.1422150298152738,0.0007469397924237051,0.035330070222726766,0.028496711727350136,391
31,002_layer1.0.conv2,0.13492205937195312,0.0004608856842041459,0.0595080911457572,0.045233325556070576,391
31,003_layer1.1.conv1,0.12402477749930624,0.00043893625915434817,0.03327329062676305,0.025884898531597783,391
31,004_layer1.1.conv2,0.11150891798765153,0.00027408129174322574,0.03711868085682004,0.02652980666227204,391
31,005_layer1.2.conv1,0.13101162306030692,0.0004687046796430852,0.04124948950272629,0.029508846498454245,391
31,006_layer1.2.conv2,0.10451520183850127,0.00025664450002210563,0.05510975353223572,0.03953855071089642,391
31,007_layer2.0.conv1,0.13731934301688542,0.00044105063684158133,0.028949009999820783,0.02234175982837329,391
31,008_layer2.0.conv2,0.16712771013112324,0.0006124836812886371,0.019053423286644448,0.014299017393560272,391
31,009_layer2.1.conv1,0.17717978022897335,0.0006546699299699588,0.020693464038796704,0.015078204057146815,391
31,010_layer2.1.conv2,0.15898917112356561,0.0005092007837526925,0.021456010294143263,0.01707701703036676,391
31,011_layer2.2.conv1,0.1741706533238406,0.0006333755336510594,0.021553854477384643,0.016262669961934387,391
31,012_layer2.2.conv2,0.15031141065575582,0.0004490655066061028,0.025655090816386276,0.01932707917980839,391
31,013_layer3.0.conv1,0.22964866444125503,0.0010258218735659658,0.017879357570256982,0.01267072589518005,391
31,014_layer3.0.conv2,0.2992361143345723,0.001684611568068789,0.014325324226660704,0.010682778511290599,391
31,015_layer3.1.conv1,0.29902463816011043,0.0018402805278116136,0.017876459881259143,0.013468548609554619,391
31,016_layer3.1.conv2,0.2637066192105603,0.00143852908556448,0.012441337587336575,0.009454750949837288,391
31,017_layer3.2.conv1,0.2637555600737062,0.0014031248480818048,0.014869191023503113,0.011052638912648355,391
31,018_layer3.2.conv2,0.16194610913162646,0.0006472144454370901,0.020913837584540927,0.015956682595913863,391
32,000_conv1,0.15980588054031972,0.001871500221972116,0.18040548750173177,0.1346621798903385,391
32,001_layer1.0.conv1,0.13845623515146163,0.000716115177290956,0.03555314291415669,0.026687022680062764,391
32,002_layer1.0.conv2,0.130003925632028,0.00048338445142932784,0.057512202053753625,0.04521496414293471,391
32,003_layer1.1.conv1,0.12374941615954689,0.0005168270846921449,0.03515319594364364,0.026882931735472244,391
32,004_layer1.1.conv2,0.11033809501344286,0.0003200846761100447,0.035638471574379195,0.02875602430654007,391
32,005_layer1.2.conv1,0.12201388325075359,0.00045177079810399673,0.04424264810937237,0.036925314717949416,391
32,006_layer1.2.conv2,0.09978600834374843,0.0002776048420327949,0.060180219628288685,0.043072582888753534,391
32,007_layer2.0.conv1,0.13694076066660454,0.0005190750260780884,0.030466779691564357,0.020689824929392895,391
32,008_layer2.0.conv2,0.1684759937779373,0.000737168808657828,0.0178699771178585,0.0145081369769837,391
32,009_layer2.1.conv1,0.17131175521923148,0.0007336730895574038,0.02106328489576869,0.015885410804336017,391
32,010_layer2.1.conv2,0.15330334396465964,0.0005376439044997121,0.022530675269378995,0.01822835468785264,391
32,011_layer2.2.conv1,0.17029539901582177,0.0007293245693619325,0.021674945558111166,0.016704186346790377,391
32,012_layer2.2.conv2,0.1469082179124398,0.0004984967377055435,0.026046970160175598,0.019544653600945143,391
32,013_layer3.0.conv1,0.22680954311204993,0.0011247965100145002,0.01861369941262868,0.013612511991108895,391
32,014_layer3.0.conv2,0.2970391015338776,0.0019006235027017038,0.015137706774726386,0.011122517780835298,391
32,015_layer3.1.conv1,0.29586167583989975,0.002035790291640596,0.017106184537098664,0.012852276294576711,391
32,016_layer3.1.conv2,0.26323406684124256,0.00153024308075779,0.012917750878208924,0.010024150252056191,391
32,017_layer3.2.conv1,0.26401719260398687,0.0015531553013071048,0.014636141121322872,0.011543951541890654,391
32,018_layer3.2.conv2,0.16140182224838326,0.0007052832668927068,0.02015309825362733,0.014353047769461535,391
33,000_conv1,0.1653260388756957,0.0023749381012841096,0.1854531845397791,0.13746157286068983,391
33,001_layer1.0.conv1,0.13678767850331944,0.000646508474508551,0.032317025098412853,0.026165974434966245,391
33,002_layer1.0.conv2,0.1309863568648048,0.00045908718965047973,0.060214898433340006,0.04691045950011266,391
33,003_layer1.1.conv1,0.12363499898434904,0.0004522879179301633,0.03340090350788685,0.02593129187878926,391
33,004_layer1.1.conv2,0.1111211526157606,0.00031798772085452585,0.03827712043439207,0.029104904061126122,391
33,005_layer1.2.conv1,0.1254514590324953,0.00048410602499720026,0.042624994705486544,0.03316427005744746,391
33,006_layer1.2.conv2,0.10190902037731826,0.0002967076107302149,0.056923167611187375,0.04037883929442463,391
33,007_layer2.0.conv1,0.13926750364358467,0.0004954161321953712,0.02626340600124964,0.020420158290960406,391
33,008_layer2.0.conv2,0.16781204245279513,0.0007048493023292593,0.018552814118896182,0.013570334517291172,391
33,009_layer2.1.conv1,0.17433101468531373,0.0007585284581470009,0.019985293300533273,0.014951698425868258,391
33,010_layer2.1.conv2,0.15666234843871174,0.000587192289071288,0.021475720468445866,0.015592944461401297,391
33,011_layer2.2.conv1,0.17179452159139505,0.000724766291758612,0.023274830157009294,0.018308593549804388,391
33,012_layer2.2.conv2,0.14962799534620835,0.0005182325960567877,0.022946777053272766,0.01724849905411413,391
33,013_layer3.0.conv1,0.22845037212914518,0.001146418162659743,0.018158437752597477,0.01363805997202896,391
33,014_layer3.0.conv2,0.29829178445631893,0.0019230854953587173,0.014326510484796464,0.010521044555009745,391
33,015_layer3.1.conv1,0.29762198880810264,0.0019743185772649052,0.017080982367636995,0.012877275683125427,391
33,016_layer3.1.conv2,0.2648668999943282,0.0015868332435591131,0.012608175616372688,0.00948268605746199,391
33,017_layer3.2.conv1,0.26305315439658394,0.0015504107704116254,0.015474590156791562,0.011204507107805302,391
33,018_layer3.2.conv2,0.16273062805766644,0.0007202810688900843,0.021826353340326777,0.015833995768777715,391
34,000_conv1,0.15829218945006276,0.0017012740321156981,0.1680128379298704,0.12751471478155263,391
34,001_layer1.0.conv1,0.13768618679641154,0.0006846966272155836,0.03525727409861245,0.02686678325430991,391
34,002_layer1.0.conv2,0.13296575630869706,0.000503722117275826,0.05868496728794235,0.047143687880790756,391
34,003_layer1.1.conv1,0.12391340050398542,0.0004939709643120935,0.03407916447708664,0.02439792391298487,391
34,004_layer1.1.conv2,0.11045195867338449,0.0002987381206282537,0.0361782643221863,0.026629950507687208,391
34,005_layer1.2.conv1,0.12207299693847251,0.0004663144703291721,0.04241991327884083,0.03180182388464698,391
34,006_layer1.2.conv2,0.09918277905039165,0.0002571537079237799,0.053078268226907505,0.041533388892023335,391
34,007_layer2.0.conv1,0.1406432357819184,0.0005186179724688232,0.028722183737292996,0.02322462998062801,391
34,008_layer2.0.conv2,0.16845537828819832,0.0006718694042870364,0.02015006571938611,0.014529775043559876,391
34,009_layer2.1.conv1,0.173656518730666,0.0007479828066885019,0.02078560588742293,0.01638057462740885,391
34,010_layer2.1.conv2,0.15497383772564666,0.0005705701075352822,0.02164362193617794,0.016080729463795438,391
34,011_layer2.2.conv1,0.17180534219726576,0.0007751689930443895,0.02231787698605554,0.016067557048902045,391
34,012_layer2.2.conv2,0.14906583311002883,0.0005421962945863293,0.02721340123809936,0.021141529275905808,391
34,013_layer3.0.conv1,0.23057922903838976,0.0011681754259886684,0.017876828575179533,0.013262149004589786,391
34,014_layer3.0.conv2,0.3007610878523658,0.0019006738151442076,0.015920779575291418,0.012067681254147904,391
34,015_layer3.1.conv1,0.2951300544354617,0.0019098210141442196,0.016756985512188585,0.012318472495441157,391
34,016_layer3.1.conv2,0.26397255455593926,0.001490321144207829,0.012571550721042183,0.009839265939698765,391
34,017_layer3.2.conv1,0.26358939360474687,0.0014987349992338916,0.013254427750202422,0.009984435991726529,391
34,018_layer3.2.conv2,0.16235493321705352,0.0006333586318365385,0.020637569183817855,0.015398139616998797,391
35,000_conv1,0.1611889779110394,0.0019093972248669586,0.18229028726893695,0.14299971848240617,391
35,001_layer1.0.conv1,0.13940482630449183,0.0007158681770189079,0.03539942869669585,0.026012234148722613,391
35,002_layer1.0.conv2,0.13427059994557936,0.0005396770670244612,0.06069977416986209,0.04656773794695323,391
35,003_layer1.1.conv1,0.12446001598902066,0.0005320733140976187,0.029084456494220992,0.023535626318303075,391
35,004_layer1.1.conv2,0.11173567539819367,0.000336648259007543,0.03831093197354827,0.031197710925165916,391
35,005_layer1.2.conv1,0.12154008564360612,0.0004727879612288835,0.03852916302285148,0.03148928690854673,391
35,006_layer1.2.conv2,0.1018675338200596,0.0003128535152390789,0.0549680096267894,0.04438587415082702,391
35,007_layer2.0.conv1,0.1416628558350646,0.000530827102269496,0.029949245690172422,0.02305519387092269,391
35,008_layer2.0.conv2,0.17060539385546808,0.000707663407716632,0.018548546746550553,0.014525908716336407,391
35,009_layer2.1.conv1,0.17642319916992846,0.0007415888373823835,0.01987645879821882,0.015358090562556392,391
35,010_layer2.1.conv2,0.1574084913105611,0.0005661763610851529,0.022531334017749916,0.01659089970245354,391
35,011_layer2.2.conv1,0.16839559559169634,0.0006925510304336552,0.022645025780373713,0.017460909259459586,391
35,012_layer2.2.conv2,0.1485198018000559,0.0005070059755210576,0.02937277667420914,0.021155566747149572,391
35,013_layer3.0.conv1,0.22871326664677055,0.0011481423481151318,0.01769220584709033,0.013528297497769215,391
35,014_layer3.0.conv2,0.2988299763263644,0.0019176581962618983,0.01586778748038304,0.012508913992139622,391
35,015_layer3.1.conv1,0.2992247681483588,0.0019975035999819646,0.016768133620700048,0.013234523220401254,391
35,016_layer3.1.conv2,0.26620649510179945,0.0015993110863511961,0.012781624889230955,0.010245599706764611,391
35,017_layer3.2.conv1,0.2648952668890014,0.0016176283494944294,0.015203818381900061,0.011415597142449607,391
35,018_layer3.2.conv2,0.16227791185879037,0.0007301192653779327,0.021476133396755845,0.015313948663154846,391
36,000_conv1,0.1599190299735045,0.0016699534536830755,0.17633485708884714,0.12735383493806804,391
36,001_layer1.0.conv1,0.14177205775628615,0.0007694526863153278,0.034877163841818756,0.026830920290992998,391
36,002_layer1.0.conv2,0.13418190817698797,0.0004862421753059065,0.06325743066625136,0.04938563927996851,391
36,003_layer1.1.conv1,0.12651108073837616,0.0005061780294289518,0.03169482582309095,0.024120460028178147,391
36,004_layer1.1.conv2,0.11100038825093633,0.00030087647728940965,0.03868302248895158,0.027827988691714066,391
36,005_layer1.2.conv1,0.12273349601518163,0.0004498356870675183,0.04671763847379581,0.033527598052053235,391
36,006_layer1.2.conv2,0.10142251911103878,0.0002838053678803961,0.06014633165093755,0.04549744239166168,391
36,007_layer2.0.conv1,0.13986993925955593,0.000486928586868874,0.030902558096518786,0.02337198032169462,391
36,008_layer2.0.conv2,0.1686823303856508,0.0006980482783109677,0.01916070819875259,0.014720858243689544,391
36,009_layer2.1.conv1,0.17392393565543776,0.0007007849562769043,0.020257444122971882,0.015549558003199194,391
36,010_layer2.1.conv2,0.15456250879694433,0.0005347591872481502,0.021168363457186354,0.017129708547047023,391
36,011_layer2.2.conv1,0.17321585694237437,0.0007566061541678243,0.022263224863534634,0.016242441438589335,391
36,012_layer2.2.conv2,0.14853440068871773,0.0005147118588372974,0.0274043315903211,0.019925518861075662,391
36,013_layer3.0.conv1,0.23002942409509283,0.0011967478467672377,0.018490926507897864,0.013410530168724243,391
36,014_layer3.0.conv2,0.30163355270767456,0.0020526897816710576,0.016529407559769272,0.011943712747997626,391
36,015_layer3.1.conv1,0.2987247901346982,0.0020440392979591826,0.01628573142166864,0.011809204181073197,391
36,016_layer3.1.conv2,0.2650479306574063,0.0016040241990627757,0.012427697564675318,0.009817692626961775,391
36,017_layer3.2.conv1,0.26411859298606055,0.00160971926802643,0.013988080644152493,0.01010366349040933,391
36,018_layer3.2.conv2,0.1609969826419945,0.0007224748667643797,0.021121796205877435,0.015825840679243378,391
37,000_conv1,0.16529847447143492,0.001792906232714983,0.17678603683845462,0.13068950678925148,391
37,001_layer1.0.conv1,0.14424418677073306,0.0009081436592406691,0.03208641370687255,0.02389655859575556,391
37,002_layer1.0.conv2,0.13766423288894736,0.0005286464670142925,0.06845105497870366,0.054569540971303114,391
37,003_layer1.1.conv1,0.1237678840527754,0.00047753850119815547,0.03175981058989225,0.024465381033773992,391
37,004_layer1.1.conv2,0.11061755701175431,0.0003009733368563323,0.03835655526970239,0.028777214747437916,391
37,005_layer1.2.conv1,0.126620200541242,0.000494506657223396,0.043887754437289456,0.030812462160299425,391
37,006_layer1.2.conv2,0.10376211226253254,0.00031110078856612725,0.055116283323090584,0.040734098065226744,391
37,007_layer2.0.conv1,0.14310273427106535,0.0005532348637448843,0.02715256665574449,0.021056310853402375,391
37,008_layer2.0.conv2,0.1724408561044642,0.0007260182317386996,0.017965891800686175,0.013600510821519933,391
37,009_layer2.1.conv1,0.17626774884626994,0.000686221829201996,0.019606583310007426,0.014844144243979817,391
37,010_layer2.1.conv2,0.15657510991444062,0.0005086245714612352,0.02108443929041304,0.016702706393756962,391
37,011_layer2.2.conv1,0.1753014266643378,0.0007203966508927823,0.02191344740483246,0.01767962619265878,391
37,012_layer2.2.conv2,0.14966369389801684,0.0004878342780461585,0.02733216705734504,0.019834117284902607,391
37,013_layer3.0.conv1,0.22962005628877893,0.0011018005023894703,0.01819569191037309,0.013988361164097423,391
37,014_layer3.0.conv2,0.30021529734287117,0.0018773838118156527,0.015417652701705342,0.011491170115107786,391
37,015_layer3.1.conv1,0.29740618382725875,0.0018885712649229919,0.01659990931499761,0.012297089463698773,391
37,016_layer3.1.conv2,0.26597749394224124,0.0015067394237100046,0.012016793473652043,0.008925816237085969,391
37,017_layer3.2.conv1,0.2708134170231002,0.0016071989880173387,0.015145719980269194,0.011004843675155305,391
37,018_layer3.2.conv2,0.16394954797861827,0.0006768321853777674,0.02232369433234446,0.01667240217782382,391
38,000_conv1,0.16431547756618856,0.0020099430489997905,0.18238253456652356,0.13309476611816906,391
38,001_layer1.0.conv1,0.13685287666671417,0.0007317881636390924,0.032317283538622274,0.023498663931861955,391
38,002_layer1.0.conv2,0.13122897012078244,0.00047243864194393415,0.05900214429978398,0.044410709280815135,391
38,003_layer1.1.conv1,0.12104233583945143,0.0004757520157258315,0.03301645956842391,0.02514192634865154,391
38,004_layer1.1.conv2,0.11003461469660329,0.0003236024437396935,0.04104028780856218,0.03153842183068283,391
38,005_layer1.2.conv1,0.12752588562991307,0.0005620855675827173,0.04101606375948542,0.031148082413500866,391
38,006_layer1.2.conv2,0.10376867731018445,0.00032235154394546703,0.055560052446226645,0.04264192679671782,391
38,007_layer2.0.conv1,0.13863692301161148,0.0005457486682473242,0.028793823684907675,0.021502667160808422,391
38,008_layer2.0.conv2,0.16608780658687167,0.0007204388804988998,0.019103267197733146,0.014999726017669794,391
38,009_layer2.1.conv1,0.1766542724864867,0.000806813500664149,0.021055780018347375,0.01592318942598529,391
38,010_layer2.1.conv2,0.15806690235729412,0.0006306060109211205,0.02138781826067625,0.01608577916922714,391
38,011_layer2.2.conv1,0.17313659408360796,0.000748409216265157,0.022649846407427416,0.016892313541577816,391
38,012_layer2.2.conv2,0.147704170221258,0.0005227460995986428,0.025383792123448122,0.01881210990239907,391
38,013_layer3.0.conv1,0.22714494759469386,0.0012261633836950642,0.018698159414963948,0.014002456565750464,391
38,014_layer3.0.conv2,0.29792353941503996,0.0020923341582966687,0.01582397482854173,0.011408315830500514,391
38,015_layer3.1.conv1,0.29532463699960343,0.002145331155168323,0.01702279828101461,0.012502560385194234,391
38,016_layer3.1.conv2,0.26450988661755076,0.001705033988304766,0.013054189813583306,0.009520014801294366,391
38,017_layer3.2.conv1,0.2698338861813021,0.0016975042321918654,0.01457912977888708,0.011058672964303011,391
38,018_layer3.2.conv2,0.16271636553127747,0.0007146548876672508,0.019738018726464062,0.015058664996353062,391
39,000_conv1,0.1614258321921539,0.0015979812810589765,0.18920964519898203,0.13699169069327694,391
39,001_layer1.0.conv1,0.13909434765348655,0.0007138882570017352,0.03142916195807964,0.024632480385617158,391
39,002_layer1.0.conv2,0.13191127706595393,0.0004551316367328098,0.056998003836125855,0.04340031780347763,391
39,003_layer1.1.conv1,0.12479389489383039,0.0004613918364664276,0.03205039096325386,0.024879024120163337,391
39,004_layer1.1.conv2,0.11126306799747755,0.0003126261762038153,0.0377277970042936,0.02875828239716363,391
39,005_layer1.2.conv1,0.12759239369493616,0.0005725473113811184,0.041647102204983626,0.03225896941183275,391
39,006_layer1.2.conv2,0.10350352974460862,0.0003337719986703739,0.05239861736678795,0.037197433610508666,391
39,007_layer2.0.conv1,0.14051451032881238,0.0005033855428688283,0.029221957250933826,0.02279528825319282,391
39,008_layer2.0.conv2,0.1679336139193886,0.0007095865937669261,0.018260148835688224,0.013458432137778998,391
39,009_layer2.1.conv1,0.1737696529578065,0.0007261519757762111,0.020540089589422165,0.01447943435526088,391
39,010_layer2.1.conv2,0.15759636246411088,0.0005686021667988678,0.021323577036260557,0.016367938817016897,391
39,011_layer2.2.conv1,0.17223497251491718,0.0006527211220016885,0.020855541868113597,0.015617876823407834,391
39,012_layer2.2.conv2,0.14796187250358064,0.000480051077702031,0.025450193737236046,0.01808570070959581,391
39,013_layer3.0.conv1,0.22870300481538944,0.0011237501791844101,0.018040131001407295,0.013003395152185467,391
39,014_layer3.0.conv2,0.29899782186274027,0.0018231009537630627,0.01542038693217962,0.011428395686189443,391
39,015_layer3.1.conv1,0.29878767920881893,0.001892743680760256,0.016399401372171763,0.012125782306181603,391
39,016_layer3.1.conv2,0.2652592847261892,0.0015445567466812193,0.012603191031019359,0.009446318850934655,391
39,017_layer3.2.conv1,0.2713764761110096,0.0016982382907606841,0.014247100352604366,0.010413407453737181,391
39,018_layer3.2.conv2,0.16357513130320916,0.0007647402006179284,0.02059023716437436,0.015451434732261609,391
40,000_conv1,0.1662246790116705,0.002031311261335624,0.17890336247169367,0.1321843180461533,391
40,001_layer1.0.conv1,0.14242440153418295,0.0007523104411021851,0.03516013721329258,0.026859474814280974,391
40,002_layer1.0.conv2,0.13416232012421883,0.0004674111481502326,0.0570735100993861,0.04458861230400628,391
40,003_layer1.1.conv1,0.12602039247446353,0.0004939148826184035,0.03249183624396738,0.025203853558782612,391
40,004_layer1.1.conv2,0.11362452580190985,0.00033568227897892017,0.04067396442108142,0.02922891365770866,391
40,005_layer1.2.conv1,0.12730467856844976,0.00044105173768145545,0.039532560403445376,0.028438485785434058,391
40,006_layer1.2.conv2,0.10307624468298825,0.00028402908958436064,0.05789411406393301,0.04193703160585524,391
40,007_layer2.0.conv1,0.14591525958093535,0.0005615709299555509,0.028204821885553087,0.02134524850706285,391
40,008_layer2.0.conv2,0.17493929506262854,0.0007715384056506021,0.018677369909896338,0.01457372729891258,391
40,009_layer2.1.conv1,0.17901243850626908,0.0007319579854414629,0.020074659964176015,0.015994324042943434,391
40,010_layer2.1.conv2,0.16046621642835304,0.0005323059000635656,0.022082657594361926,0.016937078438698402,391
40,011_layer2.2.conv1,0.16847208755857804,0.000671551347508903,0.02205719849845521,0.015942299564851062,391
40,012_layer2.2.conv2,0.14757022448360463,0.0005000257773511083,0.024436871293368582,0.01972768627724328,391
40,013_layer3.0.conv1,0.23054311007185055,0.0011299414893246457,0.018259588102477364,0.013920748338940548,391
40,014_layer3.0.conv2,0.3001754921491799,0.0019236226277066781,0.015487432429581486,0.01202364276356468,391
40,015_layer3.1.conv1,0.3016288235516804,0.0020275442232087215,0.015849190474867977,0.012658708264870604,391
40,016_layer3.1.conv2,0.2700715120643606,0.0016735589334694462,0.012612409618281317,0.009626585460234392,391
40,017_layer3.2.conv1,0.2699019858218215,0.0016136413963927232,0.01422028099144663,0.010570483116271949,391
40,018_layer3.2.conv2,0.16351072076717607,0.000727042811436554,0.021067528107748104,0.016488548167908092,391
41,000_conv1,0.16302899688558506,0.0019741205754120333,0.17894680470721247,0.12932554583508513,391
41,001_layer1.0.conv1,0.14008608740537673,0.0007064326887242442,0.03353126085085837,0.026054853984990127,391
41,002_layer1.0.conv2,0.1332001764031932,0.0005436584146567766,0.0575647820760493,0.04307038414205317,391
41,003_layer1.1.conv1,0.12357678119560032,0.0004957642414791467,0.034173869040731476,0.026667111999909395,391
41,004_layer1.1.conv2,0.1114954441938254,0.0003294150821711427,0.039775758275025004,0.029290937490680298,391
41,005_layer1.2.conv1,0.13083259422151025,0.0005803757263039729,0.04346181558112523,0.03134740282304549,391
41,006_layer1.2.conv2,0.10307833824849799,0.000313807246276266,0.04882046889127863,0.035868356782154255,391
41,007_layer2.0.conv1,0.14042678298166647,0.0005943819995086093,0.028983216462942347,0.021321376478651434,391
41,008_layer2.0.conv2,0.17207713962515905,0.000820750538861565,0.017881786102714247,0.013625386509420195,391
41,009_layer2.1.conv1,0.17888863426645088,0.000890141325260406,0.02072960838655104,0.01587501551937613,391
41,010_layer2.1.conv2,0.16081943353423683,0.0006195530760352494,0.022859471785581207,0.01781310245487415,391
41,011_layer2.2.conv1,0.17389554795249343,0.0008086764639645382,0.020303257896471562,0.015160650029364007,391
41,012_layer2.2.conv2,0.15103614537993357,0.0005625570148601114,0.025685300965446717,0.020428414118772407,391
41,013_layer3.0.conv1,0.23205025939990187,0.0012557371785604718,0.01643105713461686,0.012570592729344191,391
41,014_layer3.0.conv2,0.30298478806110296,0.002066638108094987,0.01631677804065443,0.011876487093461223,391
41,015_layer3.1.conv1,0.2994041658575882,0.0021745887382421114,0.016613065041909073,0.012390990124801802,391
41,016_layer3.1.conv2,0.2677126578281603,0.0016672016604643847,0.01155878141316001,0.009610843583150258,391
41,017_layer3.2.conv1,0.2723164120903405,0.0017799157493023077,0.014920440762017347,0.011428350833948428,391
41,018_layer3.2.conv2,0.1633913735180255,0.000801029980469558,0.02058806904703495,0.015040796396842755,391
42,000_conv1,0.16311445275840858,0.0018629118347002448,0.1706104466707691,0.1274058220321376,391
42,001_layer1.0.conv1,0.13878630216011917,0.000660633676252062,0.03195127188124607,0.02529982225571173,391
42,002_layer1.0.conv2,0.12931698032885866,0.0004063325629112824,0.056293217422444516,0.041611428156535915,391
42,003_layer1.1.conv1,0.12389441852069571,0.0004772410421580841,0.032284256416823136,0.023666802620630565,391
42,004_layer1.1.conv2,0.11043686804640324,0.0003081259940234445,0.03869852304744148,0.029171276384651414,391
42,005_layer1.2.conv1,0.12708538219980572,0.00047470169256595,0.038642914747682895,0.028325476067849704,391
42,006_layer1.2.conv2,0.10332568135598431,0.00026936624781657113,0.058596084722965854,0.0410601905508426,391
42,007_layer2.0.conv1,0.13899608425167212,0.0004876991449754564,0.027203576173434458,0.01992157768193922,391
42,008_layer2.0.conv2,0.16992689009822542,0.0006710977514398676,0.01764409796664845,0.013699966685324015,391
42,009_layer2.1.conv1,0.17196140931847761,0.0006069478882303921,0.02103061806338722,0.014892796891971984,391
42,010_layer2.1.conv2,0.15432496559436973,0.0004822899199568055,0.022163586936569207,0.01681669257167703,391
42,011_layer2.2.conv1,0.1696785626851994,0.0006191522605585136,0.02176930869245785,0.01637749621277765,391
42,012_layer2.2.conv2,0.14866251940541256,0.0005182515187732092,0.026320575123472946,0.01915164905121287,391
42,013_layer3.0.conv1,0.22915455218776107,0.0010745130401012618,0.01652090235405168,0.012650866071751749,391
42,014_layer3.0.conv2,0.3001552556100709,0.0018318127301902715,0.014966298676891011,0.010922111739232793,391
42,015_layer3.1.conv1,0.29282875320947993,0.0018483267828394295,0.016354757578201803,0.012711126821269915,391
42,016_layer3.1.conv2,0.2625313026597128,0.0015015279856592373,0.012700497362468822,0.009163198249945556,391
42,017_layer3.2.conv1,0.2666513237273297,0.0014461073473045205,0.0141260998258225,0.009878145046722882,391
42,018_layer3.2.conv2,0.161362453666337,0.000625500068286055,0.019803324895336656,0.014592239774211658,391
43,000_conv1,0.1614094192490858,0.0018112238994923285,0.17396135312175173,0.13231521161904047,391
43,001_layer1.0.conv1,0.1400157143087948,0.0006842683990422316,0.03449543395672989,0.0265087261731202,391
43,002_layer1.0.conv2,0.13480583050519304,0.0005196913032955996,0.05449634421717428,0.04379561344251768,391
43,003_layer1.1.conv1,0.12373330655610165,0.000504311162400883,0.03342493835812104,0.025488335318779247,391
43,004_layer1.1.conv2,0.11196066244788792,0.0003472476055983876,0.0373945132725934,0.02795722943608057,391
43,005_layer1.2.conv1,0.12773268807041066,0.0005407430103429867,0.04290853642847102,0.032148493136824295,391
43,006_layer1.2.conv2,0.10286304245100301,0.0002890072488039939,0.05377636193156192,0.03953558622338651,391
43,007_layer2.0.conv1,0.1427797246581453,0.000591912609651777,0.028129968305994922,0.021253906609871816,391
43,008_layer2.0.conv2,0.174483027032879,0.0008142193434552379,0.017078710428508146,0.013087208481025486,391
43,009_layer2.1.conv1,0.17564632112870132,0.0007737006807558601,0.020494301842543913,0.015988780447490535,391
43,010_layer2.1.conv2,0.15672548816484563,0.0005771922598044078,0.021793494595538067,0.01599854628525973,391
43,011_layer2.2.conv1,0.17092154024507078,0.0007355504424569614,0.020784860114058445,0.015288306478310875,391
43,012_layer2.2.conv2,0.14938315167985,0.0005322478864121065,0.025053695848011714,0.019427933694310888,391
43,013_layer3.0.conv1,0.23395797400675772,0.0012103014207347773,0.01680364025461175,0.01208841019060053,391
43,014_layer3.0.conv2,0.30352979955618337,0.0020066827669897175,0.01373273274622193,0.010271426552131658,391
43,015_layer3.1.conv1,0.30167645364618667,0.0020403501874149826,0.017322705680978736,0.012518786749982674,391
43,016_layer3.1.conv2,0.26971492365650507,0.0016514696671176,0.012273491389369574,0.009201956688101292,391
43,017_layer3.2.conv1,0.2685492201458158,0.001644468702102539,0.014871324623834512,0.011560299607092903,391
43,018_layer3.2.conv2,0.1615156643759564,0.0007385267512254219,0.01975641516677421,0.014975844677611748,391
44,000_conv1,0.1636782913752224,0.0019558948379079025,0.16994277598789495,0.12905758390971125,391
44,001_layer1.0.conv1,0.14175544549589572,0.0007440753150894236,0.03427016265986054,0.027741313641444353,391
44,002_layer1.0.conv2,0.13456024877403094,0.0004918876341352268,0.06213969043321292,0.044457522130386236,391
44,003_layer1.1.conv1,0.12544992411761638,0.0005446399293571567,0.03158878760841896,0.024636598729701118,391
44,004_layer1.1.conv2,0.11198597222261722,0.0003217026678667065,0.04066356627938888,0.030911041434459944,391
44,005_layer1.2.conv1,0.12810588631864703,0.0005464222199878209,0.043180199680802125,0.03193882158386293,391
44,006_layer1.2.conv2,0.10212960820216352,0.00030763991706408457,0.05117269715047418,0.03675317740181834,391
44,007_layer2.0.conv1,0.141818233806154,0.0005244665630384365,0.027605698349975855,0.020787825954206238,391
44,008_layer2.0.conv2,0.17310851652299047,0.0007186752818925113,0.01711091812314147,0.01236793835946771,391
44,009_layer2.1.conv1,0.1750911343128175,0.0006910659772855002,0.0212653139785505,0.015531727407503844,391
44,010_layer2.1.conv2,0.1574442785452394,0.0005186812677900471,0.021158385634825572,0.015922776455434773,391
44,011_layer2.2.conv1,0.17165992073619457,0.0006538653617434234,0.022826542410224825,0.016971890565021002,391
44,012_layer2.2.conv2,0.148276536075203,0.00045913447701606894,0.022992662262477283,0.017803517326619934,391
44,013_layer3.0.conv1,0.23221167910586843,0.0011059895226403563,0.016158854228641203,0.012037777129713044,391
44,014_layer3.0.conv2,0.3024603188266535,0.0017755501571790205,0.015180110742035501,0.011695688318615484,391
44,015_layer3.1.conv1,0.2999269203914096,0.0018400931238935908,0.015818444532141655,0.01246144778247106,391
44,016_layer3.1.conv2,0.26891703476838746,0.0014523291824580092,0.012998530991109382,0.010273745549496513,391
44,017_layer3.2.conv1,0.2706882426196047,0.0015019109827108246,0.01454778127627249,0.010336380127340245,391
44,018_layer3.2.conv2,0.16285602163399576,0.0006410225362150843,0.019750293272616203,0.015373222801477565,391
45,000_conv1,0.16257726871753897,0.0018203217296599537,0.17680658702113333,0.1266552137443707,391
45,001_layer1.0.conv1,0.13814718927949896,0.0007178090374883941,0.03092725968891707,0.02427713962672454,391
45,002_layer1.0.conv2,0.1315946645482117,0.00046804919294318736,0.05465145997211139,0.038729644627037985,391
45,003_layer1.1.conv1,0.12441238471309242,0.0005135903992074375,0.030767700292061446,0.023158529055511627,391
45,004_layer1.1.conv2,0.11433965348831528,0.00037285494214058836,0.03737186072395741,0.0290446761397714,391
45,005_layer1.2.conv1,0.13002446600619486,0.0005386742470935221,0.04186475980034343,0.03175931012832233,391
45,006_layer1.2.conv2,0.10609603381675223,0.0003044713911608925,0.05239165340826544,0.03918315449026832,391
45,007_layer2.0.conv1,0.1416040446104296,0.0005729110082170231,0.025332949406457254,0.019344121339669288,391
45,008_layer2.0.conv2,0.172811815977249,0.0007841470550516497,0.01785564594895027,0.013826639306107235,391
45,009_layer2.1.conv1,0.18034147337803144,0.0007737721178313478,0.021344446687573713,0.015311926244043502,391
45,010_layer2.1.conv2,0.16232520982127666,0.0006070617693347061,0.020923454988168607,0.016414452991479766,391
45,011_layer2.2.conv1,0.17425984258541977,0.0007494124683459849,0.021793703954323933,0.016123582872313736,391
45,012_layer2.2.conv2,0.15030572163250744,0.000523985160004313,0.02516381129333297,0.018617625514855237,391
45,013_layer3.0.conv1,0.23386442909002914,0.0011815709590756868,0.018513573423119024,0.01459569820532631,391
45,014_layer3.0.conv2,0.3054444404971569,0.0020298837753001953,0.014961601746559758,0.011771378215082649,391
45,015_layer3.1.conv1,0.30162696616576457,0.002089510700027525,0.016140696767921847,0.012236922755285649,391
45,016_layer3.1.conv2,0.26841446829726323,0.0017203398078766002,0.012037476638018343,0.009029033490632736,391
45,017_layer3.2.conv1,0.2735327539389091,0.001673608485531053,0.01408822585811687,0.010795982074202935,391
45,018_layer3.2.conv2,0.16344988104098898,0.0007734420640751714,0.020919047477722847,0.015549381486386888,391
46,000_conv1,0.16789844944653914,0.0018879010337828246,0.1829103055656316,0.13558652556388412,391
46,001_layer1.0.conv1,0.13764996820932154,0.000723852755901918,0.03633043763783616,0.02747158986608128,391
46,002_layer1.0.conv2,0.13311845481471943,0.00048430118776202763,0.05339069301949527,0.04065466310498351,391
46,003_layer1.1.conv1,0.12462794203358843,0.000509675037011055,0.03165261516062779,0.026319037607904727,391
46,004_layer1.1.conv2,0.11290564742463324,0.0003163410135896983,0.037043369880299375,0.028888522450595058,391
46,005_layer1.2.conv1,0.12949796954689125,0.0005563114586036415,0.039400857516220335,0.029884438158379833,391
46,006_layer1.2.conv2,0.10327188244751652,0.0002807157549228542,0.05106971659237588,0.03840763314551008,391
46,007_layer2.0.conv1,0.14078542881685754,0.000538326978459111,0.02642483186900325,0.020683205516119636,391
46,008_layer2.0.conv2,0.17047859364382142,0.0007277358567907635,0.01703832153876633,0.013740522133717865,391
46,009_layer2.1.conv1,0.17320590826404064,0.0007076219361644535,0.020907363179136072,0.01722753819884087,391
46,010_layer2.1.conv2,0.1574395810399214,0.0005545535218563109,0.02104983381650527,0.01725107567116345,391
46,011_layer2.2.conv1,0.17596366593752372,0.0007332790195887402,0.0209491142962986,0.01650386006553045,391
46,012_layer2.2.conv2,0.15010338665350623,0.0005349102362939839,0.02287118796620469,0.016947395629217155,391
46,013_layer3.0.conv1,0.2293220109799329,0.0011617164906998975,0.01898095838141392,0.013893291548228827,391
46,014_layer3.0.conv2,0.30109902111160786,0.0020272633963142467,0.015104019838926272,0.01169898418092586,391
46,015_layer3.1.conv1,0.30121466315463374,0.002085909372858366,0.01672892533477357,0.012955721081635148,391
46,016_layer3.1.conv2,0.2677760813242334,0.0016540674892033536,0.01237673483561347,0.009540782826781703,391
46,017_layer3.2.conv1,0.2712886247717206,0.0016466880351027474,0.014970112361563382,0.01103122354749667,391
46,018_layer3.2.conv2,0.16139055285459894,0.0006960349081940667,0.02030579388580925,0.01509387043658013,391
47,000_conv1,0.16096438389376302,0.0017423527390757268,0.17391725584546483,0.12686338780477466,391
47,001_layer1.0.conv1,0.1380980133324328,0.0006923901082032148,0.034133789194834147,0.025943017615092993,391
47,002_layer1.0.conv2,0.12984906622897024,0.00046083684117084744,0.05580277613286488,0.04454226798427112,391
47,003_layer1.1.conv1,0.12561872685351944,0.00046733056076213655,0.03574074141200646,0.02744543322034327,391
47,004_layer1.1.conv2,0.11225815815731997,0.00034479160336696804,0.03674843262784574,0.02847118032797354,391
47,005_layer1.2.conv1,0.12862870764092108,0.0004888060040459698,0.03966763023946323,0.03041560924148951,391
47,006_layer1.2.conv2,0.10356934190444324,0.00028515992831421207,0.050094233249941465,0.03717619010964108,391
47,007_layer2.0.conv1,0.1416441140234318,0.0005301104492174587,0.025643225070973382,0.01976670113389468,391
47,008_layer2.0.conv2,0.17135635734823965,0.0007576204894202097,0.017789090427754964,0.013604248789740106,391
47,009_layer2.1.conv1,0.17856906880350673,0.0007690446258756742,0.021997467253182697,0.016074088154495812,391
47,010_layer2.1.conv2,0.16010346534230824,0.000607033293552231,0.020699059881698376,0.01696174315220649,391
47,011_layer2.2.conv1,0.17048480018706577,0.0007548410743131624,0.022790480140794475,0.016944508425655057,391
47,012_layer2.2.conv2,0.14743725183750966,0.0005132897496618778,0.025936741296656293,0.019907006866634765,391
47,013_layer3.0.conv1,0.2294016228155102,0.0011821452695845724,0.017806356632524587,0.013644870660487956,391
47,014_layer3.0.conv2,0.30185177423002774,0.002098523844698913,0.014686637299611595,0.011215847494991821,391
47,015_layer3.1.conv1,0.30057189729817385,0.0021349602366242115,0.01695780892820607,0.012776691618354983,391
47,016_layer3.1.conv2,0.2707715305830816,0.0017807630562203525,0.01301601741832438,0.00973878401637872,391
47,017_layer3.2.conv1,0.2742655855386763,0.001778212705857013,0.014821109941357512,0.011291058226110392,391
47,018_layer3.2.conv2,0.164072963073278,0.0008127226586624667,0.019836668445387586,0.01659802214840337,391
48,000_conv1,0.1607934494533807,0.0017011458655982956,0.1669326534481657,0.12399966498962132,391
48,001_layer1.0.conv1,0.1375720645956066,0.0007472243898871481,0.03333248035023946,0.026593701050366146,391
48,002_layer1.0.conv2,0.13127387482720568,0.0004577322896740371,0.05446661760389824,0.03880606404674576,391
48,003_layer1.1.conv1,0.12502561683011482,0.0004822329601521583,0.03458843595899336,0.026462411566264218,391
48,004_layer1.1.conv2,0.11261726473755848,0.00031326141224570676,0.039026285051772726,0.030993521693931717,391
48,005_layer1.2.conv1,0.12734779532608168,0.000488831255766816,0.043067575349626394,0.03323960322111625,391
48,006_layer1.2.conv2,0.10452113304372944,0.0002949874581570384,0.05415469821413879,0.04218774959129843,391
48,007_layer2.0.conv1,0.14763049373541343,0.0005841093299063203,0.02422569447173741,0.018785333307990745,391
48,008_layer2.0.conv2,0.17678927512043882,0.0007482958837235487,0.01847737744900748,0.014306054775937002,391
48,009_layer2.1.conv1,0.175287857403993,0.0007306021715479775,0.020279329434600504,0.01566720028660192,391
48,010_layer2.1.conv2,0.15807952104931902,0.0005527876529168411,0.020820841140318205,0.016312859565566683,391
48,011_layer2.2.conv1,0.17152646465984453,0.0007082308300008881,0.023727152558366122,0.01631122649787388,391
48,012_layer2.2.conv2,0.14790331050181937,0.00047171401266423926,0.025426448350759422,0.018908182771931896,391
48,013_layer3.0.conv1,0.2341886161614562,0.001180401892656384,0.017085947372534136,0.013080316555691552,391
48,014_layer3.0.conv2,0.3055842239838427,0.0019941796154796937,0.01482152923142941,0.011477726766286136,391
48,015_layer3.1.conv1,0.2990054774009968,0.0020631076729068776,0.015293676714117214,0.011456819969074846,391
48,016_layer3.1.conv2,0.2712727619330292,0.0016387712029606316,0.01191153030709603,0.009343366680763186,391
48,017_layer3.2.conv1,0.27538956755110067,0.0016289092887477874,0.014319258134545473,0.01024503519336344,391
48,018_layer3.2.conv2,0.1651809591314067,0.0007247900366945982,0.020381804677131382,0.01519305983861304,391
49,000_conv1,0.16176161331974942,0.0020466347408882417,0.16909844261553028,0.12906198026104634,391
49,001_layer1.0.conv1,0.13888720897457485,0.0007605635091945118,0.034742243726947515,0.02631848678534034,391
49,002_layer1.0.conv2,0.13025821749206698,0.0005180132529984741,0.05693999845150482,0.045612335323217436,391
49,003_layer1.1.conv1,0.1270771575782,0.0005560666632468021,0.03377274584189719,0.024386347451721434,391
49,004_layer1.1.conv2,0.11320292170319106,0.00037406945542798817,0.036294525099109964,0.02565536957086331,391
49,005_layer1.2.conv1,0.13183098478847757,0.0006671622351931694,0.043411541295106014,0.03310599393652686,391
49,006_layer1.2.conv2,0.10648946015311934,0.00037686789383876984,0.05730910276222583,0.0444692616969776,391
49,007_layer2.0.conv1,0.14290038515311068,0.0006028667686396108,0.02730230197494747,0.020141421583449687,391
49,008_layer2.0.conv2,0.17173918978789884,0.0008556689897709704,0.01889791363867021,0.013678836668543937,391
49,009_layer2.1.conv1,0.175701962445703,0.0008662445094742288,0.021381813026068473,0.015760173555996397,391
49,010_layer2.1.conv2,0.15996831062885805,0.0007053562822185271,0.02129958910951441,0.01696186364463054,391
49,011_layer2.2.conv1,0.1738995594708511,0.0008777242975545052,0.019459382061140878,0.015461912776507884,391
49,012_layer2.2.conv2,0.14946959687925665,0.0005924290179694751,0.02409528337153005,0.018810887007034986,391
49,013_layer3.0.conv1,0.23123984038829803,0.0013742106483137922,0.017132117326388148,0.013648641108606615,391
49,014_layer3.0.conv2,0.30416934043550126,0.002297676036751961,0.015391420358504259,0.011684249061644801,391
49,015_layer3.1.conv1,0.3035475781277927,0.0023413325981051086,0.01648863392927389,0.014001815948572388,391
49,016_layer3.1.conv2,0.274682256076342,0.001928959885270018,0.012629837738583014,0.009666246044738874,391
49,017_layer3.2.conv1,0.27683758971941136,0.0019478434226369995,0.0145927651060063,0.011247914588713518,391
49,018_layer3.2.conv2,0.16659366127932468,0.0008121971221787712,0.022675962724635536,0.0160462173171912,391
50,000_conv1,0.12240457006008423,0.0012377436046086526,0.19344645301761376,0.13697073676042135,391
50,001_layer1.0.conv1,0.10902621764737322,0.0004951165706368454,0.0308461152221811,0.024746790306392402,391
50,002_layer1.0.conv2,0.10044071366986655,0.00038760262369886243,0.04929166613232262,0.03997779351129413,391
50,003_layer1.1.conv1,0.09107288037953169,0.0003401757670882643,0.031455816669461845,0.023741241597189197,391
50,004_layer1.1.conv2,0.08429268289290731,0.00024800847205267047,0.03902084387594406,0.028749562252158453,391
50,005_layer1.2.conv1,0.10181517054891343,0.00040873663827432904,0.04416140590642371,0.035921580017928376,391
50,006_layer1.2.conv2,0.08289592473022163,0.0002519681255900583,0.06218611980171386,0.04335152356284855,391
50,007_layer2.0.conv1,0.10732851954905884,0.00038801410185115674,0.028020096324642352,0.021411374026096393,391
50,008_layer2.0.conv2,0.1314595355973829,0.000560767859940161,0.017840573280911876,0.013668002077955856,391
50,009_layer2.1.conv1,0.13415949246691317,0.0005803281363672488,0.020846877325530304,0.016090604720931885,391
50,010_layer2.1.conv2,0.12187813948411161,0.00048768983001381237,0.02051747694786917,0.01587815212776099,391
50,011_layer2.2.conv1,0.13846598285467118,0.0006380880021076354,0.019652927996438294,0.015254948101843429,391
50,012_layer2.2.conv2,0.11797536132128342,0.00042778328085491327,0.02409939734662911,0.018390081461426094,391
50,013_layer3.0.conv1,0.1789131548703479,0.0009466599597153721,0.016681130987133825,0.012632882572536518,391
50,014_layer3.0.conv2,0.2328539110167557,0.001582475485139817,0.014642274422135473,0.01174395987355142,391
50,015_layer3.1.conv1,0.23093695515561896,0.0016603082888987791,0.01657287492180284,0.012249383668036455,391
50,016_layer3.1.conv2,0.208889343511418,0.0013543215560136296,0.012522332403571982,0.009344254456677437,391
50,017_layer3.2.conv1,0.2092350686488249,0.0013290709830430791,0.015475451505329233,0.01127264113247225,391
50,018_layer3.2.conv2,0.12235585539161092,0.0005158303236779318,0.021111470996662725,0.016204664084263406,391
51,000_conv1,0.11290117394169578,0.0008266573577413814,0.18040024457008713,0.13233203051817077,391
51,001_layer1.0.conv1,0.10080046085712245,0.00038926343207437014,0.0340898735030397,0.024154407075315413,391
51,002_layer1.0.conv2,0.09544453163967108,0.0003321156870154645,0.048440416460409294,0.037010335615688617,391
51,003_layer1.1.conv1,0.08866475219540584,0.00028604582505256486,0.029283194981241562,0.021496069556146497,391
51,004_layer1.1.conv2,0.0819607938323027,0.0002197223718614803,0.035867685686050775,0.026557506358157873,391
51,005_layer1.2.conv1,0.09721068100398764,0.00035042209509501994,0.04328320995374384,0.03166676845946397,391
51,006_layer1.2.conv2,0.07894038207009625,0.00021623455008773149,0.05652455334171124,0.042760786715419434,391
51,007_layer2.0.conv1,0.10482970653744915,0.0003769469050708754,0.029298535581943733,0.021547446800475142,391
51,008_layer2.0.conv2,0.1278300721893835,0.0005350281400387027,0.017753510534230535,0.013774931100294114,391
51,009_layer2.1.conv1,0.1295938469431437,0.0005642283942750709,0.021328005098851178,0.01593372664818949,391
51,010_layer2.1.conv2,0.11664818580764943,0.0004282661229401685,0.02258927133745294,0.01629583471044846,391
51,011_layer2.2.conv1,0.13353058368043827,0.0005577781013378288,0.020108875252328493,0.01509179783309699,391
51,012_layer2.2.conv2,0.11516115448587691,0.0004219307458805388,0.02427027796751589,0.017679273216660497,391
51,013_layer3.0.conv1,0.17346852025031434,0.0009131662572013297,0.018165373728089386,0.013771270419187827,391
51,014_layer3.0.conv2,0.2268010773660277,0.0015798134842665845,0.014702489668176786,0.011125814146235747,391
51,015_layer3.1.conv1,0.22764145232298794,0.0016764294218920978,0.017558781163017574,0.012393610626770706,391
51,016_layer3.1.conv2,0.20474838185340852,0.0013333069048379262,0.01227907738747725,0.008906707557386031,391
51,017_layer3.2.conv1,0.20380791600631631,0.0012789163522474167,0.01310988228352841,0.01017380142039752,391
51,018_layer3.2.conv2,0.11705510944242367,0.00047574244483689077,0.020352262129765684,0.015433663579775313,391
52,000_conv1,0.11474357282414156,0.0010740003959679133,0.17890175724523547,0.12415530231945882,391
52,001_layer1.0.conv1,0.10291173161410005,0.000540200930082075,0.032805658692266156,0.02497085008556853,391
52,002_layer1.0.conv2,0.09722564041690754,0.00039025261752364745,0.05067332479541543,0.037755229858220586,391
52,003_layer1.1.conv1,0.09114474591696659,0.00033934250442524405,0.029819584891708897,0.022321220772680287,391
52,004_layer1.1.conv2,0.08425865706313601,0.0002757663290098187,0.03697993153749514,0.02886450067454518,391
52,005_layer1.2.conv1,0.09935357876102943,0.00037556238669692044,0.04330880049971299,0.03479009853715262,391
52,006_layer1.2.conv2,0.08010060404953749,0.00026741396896833285,0.05293084711879682,0.039173429046841554,391
52,007_layer2.0.conv1,0.10732010137432677,0.00043843262728716567,0.027038284539175856,0.021156879003358744,391
52,008_layer2.0.conv2,0.13085952250625166,0.00063686386202658,0.017732383314659834,0.013778608741238875,391
52,009_layer2.1.conv1,0.1338711376194759,0.0006550272264414271,0.020985854852734423,0.015401578724584931,391
52,010_layer2.1.conv2,0.12029083692432975,0.0005207213255706365,0.02064930896649411,0.01653605221367908,391
52,011_layer2.2.conv1,0.13633656236902833,0.0006616198831884239,0.02216537845608093,0.015475179092284129,391
52,012_layer2.2.conv2,0.11782779502670479,0.000495728446098305,0.024367360086437626,0.019114545617683644,391
52,013_layer3.0.conv1,0.17749888762412475,0.0011124029876169589,0.018681003013700175,0.013811746023554256,391
52,014_layer3.0.conv2,0.23239377621189714,0.0018651482890720897,0.014200879365738417,0.010611488194705292,391
52,015_layer3.1.conv1,0.23448504278879337,0.0020203968872127623,0.01710035974657235,0.013747867969374893,391
52,016_layer3.1.conv2,0.21059611475909762,0.001652120987357432,0.01163003564614536,0.008630940719566823,391
52,017_layer3.2.conv1,0.20965395391444722,0.0016104731358317012,0.013812967625301582,0.011497240560530194,391
52,018_layer3.2.conv2,0.11853696909897468,0.0005563470323612738,0.019136679590233994,0.014892127961228152,391
53,000_conv1,0.11703749795627716,0.0011358965686441881,0.17715483457801695,0.13159585994987774,391
53,001_layer1.0.conv1,0.10390390248021202,0.0005245385898312548,0.03107947919429104,0.02414211637159912,391
53,002_layer1.0.conv2,0.09764876904542488,0.0004248460425209724,0.047973804410601055,0.03800736808265611,391
53,003_layer1.1.conv1,0.09302563262183952,0.00042571143910093666,0.032585111433578194,0.026141869146229565,391
53,004_layer1.1.conv2,0.08464086440670521,0.00030136977615779527,0.037617045642729996,0.028106786908890145,391
53,005_layer1.2.conv1,0.1018354170919989,0.0004849087599821979,0.04626047686370604,0.03402257493944856,391
53,006_layer1.2.conv2,0.08080498456878735,0.00028523036457886886,0.055590979686556824,0.041513801545162446,391
53,007_layer2.0.conv1,0.10871255954208277,0.0005233492200783958,0.027013047383763963,0.02116278761503277,391
53,008_layer2.0.conv2,0.13356401955189606,0.0007597976217963084,0.01721802618231147,0.01244289203237112,391
53,009_layer2.1.conv1,0.13713081987084025,0.0007782841587187714,0.022728659509888196,0.018161045176071942,391
53,010_layer2.1.conv2,0.12292830470730276,0.0006266786378740126,0.02009687888121125,0.015116011365016049,391
53,011_layer2.2.conv1,0.13843125469811127,0.0007934902839221263,0.022413824619769263,0.01569768771680388,391
53,012_layer2.2.conv2,0.11920804333160906,0.000562872825319154,0.021248260725011497,0.016104959193032196,391
53,013_layer3.0.conv1,0.17992072359985098,0.001299240818125158,0.018015521996179083,0.013063013385963787,391
53,014_layer3.0.conv2,0.23588639823600765,0.002161184355469442,0.014832936131934007,0.011165577994865516,391
53,015_layer3.1.conv1,0.2390272410972344,0.0023007948188151772,0.01657956145374644,0.01319106593409243,391
53,016_layer3.1.conv2,0.21446123429576455,0.0018988580828070145,0.011215705132913416,0.008352728759889879,391
53,017_layer3.2.conv1,0.21467305039582046,0.0018110625885536732,0.014068923841422129,0.010406674338127815,391
53,018_layer3.2.conv2,0.12018764745015317,0.0006081281126225531,0.020960174844917315,0.014509323453403463,391
54,000_conv1,0.11661641959987028,0.0011597051226968618,0.17754622054589397,0.12692495745086155,391
54,001_layer1.0.conv1,0.10574520488872248,0.0006313981524281222,0.031694136904557045,0.02306074638898378,391
54,002_layer1.0.conv2,0.10012114002271687,0.0005168895652644442,0.05331571593211042,0.039869676068418264,391
54,003_layer1.1.conv1,0.09590519239644871,0.0005003495629650502,0.03263194441763789,0.023954231754339524,391
54,004_layer1.1.conv2,0.08713499204162746,0.0003701871357761422,0.03765528228414832,0.02949000514706343,391
54,005_layer1.2.conv1,0.10437713883569479,0.0006190944088275557,0.043122121730469205,0.032922224264798045,391
54,006_layer1.2.conv2,0.0819615583266596,0.0003375368860040759,0.05941467358361316,0.04449414507752571,391
54,007_layer2.0.conv1,0.11241711942893465,0.0006207176166421781,0.028826762332778866,0.021015405312860915,391
54,008_layer2.0.conv2,0.13681773921412885,0.0008736280587246271,0.017102071035029892,0.013496997135109422,391
54,009_layer2.1.conv1,0.140523466727008,0.0009179565010025148,0.01946810416287844,0.014735079347198686,391
54,010_layer2.1.conv2,0.1257625839213276,0.0007095393744259437,0.020166273359828592,0.016309838847073474,391
54,011_layer2.2.conv1,0.14309591123515078,0.0009610838809904071,0.019989510268245227,0.015995874693485623,391
54,012_layer2.2.conv2,0.12160014256339549,0.0006651768253508709,0.023499776717469507,0.01835050641611012,391
54,013_layer3.0.conv1,0.18320503558420465,0.0014839118896646658,0.018580953727205432,0.014009512156574217,391
54,014_layer3.0.conv2,0.23980238263869225,0.0025404956147149146,0.013603799108708667,0.010572915892238148,391
54,015_layer3.1.conv1,0.24499977435297368,0.0027397012586779027,0.016422895171604824,0.0123246942576183,391
54,016_layer3.1.conv2,0.21950918689484486,0.0021788625005603676,0.010477786995752155,0.008590562056831154,391
54,017_layer3.2.conv1,0.21868441265333644,0.002104476544099572,0.01415472095785335,0.011018009279335257,391
54,018_layer3.2.conv2,0.12051459574295431,0.0006797253763967306,0.019496026079190057,0.014685101225788262,391
55,000_conv1,0.11925709042745783,0.0012738131562026415,0.18963345363893955,0.13862958543490955,391
55,001_layer1.0.conv1,0.10666642946850918,0.0006347735771397561,0.03196521035103482,0.024431318662957113,391
55,002_layer1.0.conv2,0.09957943595660007,0.0004776441886360956,0.05230955645181712,0.03920282058479949,391
55,003_layer1.1.conv1,0.09575591041037189,0.00046904365421187623,0.0330277890264851,0.025771478809123803,391
55,004_layer1.1.conv2,0.08660373970142106,0.00036466261092030217,0.0357479056763767,0.02757201899420124,391
55,005_layer1.2.conv1,0.10443659143908249,0.0005637857536294495,0.043432735507507494,0.03292569596028765,391
55,006_layer1.2.conv2,0.08258982605832008,0.0003367845910802886,0.05797052999396863,0.04325472583231166,391
55,007_layer2.0.conv1,0.11196313882270433,0.0005974863800024804,0.02825409302588009,0.02211820406074923,391
55,008_layer2.0.conv2,0.13639460378290746,0.0008724071015308275,0.01759577301312386,0.013824407354228067,391
55,009_layer2.1.conv1,0.14282192968194138,0.0009828497148019963,0.020079037314854012,0.0150241433854601,391
55,010_layer2.1.conv2,0.12737802881032914,0.0007241475153654323,0.02121912221778738,0.01688287344920899,391
55,011_layer2.2.conv1,0.1440717472368494,0.0009592780613026305,0.01917756154116921,0.015413471912233604,391
55,012_layer2.2.conv2,0.12336683048464148,0.0006813726340961258,0.02399512808317427,0.018219179750677772,391
55,013_layer3.0.conv1,0.18460726976165992,0.0015382583270138195,0.01710953038168566,0.013516236392455073,391
55,014_layer3.0.conv2,0.24209910189099323,0.0026177238113649845,0.014090923422482051,0.010539036189421076,391
55,015_layer3.1.conv1,0.24773569645174323,0.002917657592674372,0.017568092329372315,0.013355805653740558,391
55,016_layer3.1.conv2,0.22228250469621794,0.0022663191535349375,0.010281027690027835,0.007824306667207978,391
55,017_layer3.2.conv1,0.22316586296729116,0.00224762118858389,0.013931560223356376,0.01027338749611576,391
55,018_layer3.2.conv2,0.12124567214028,0.0007530750146611202,0.019958856626781988,0.015027445716893665,391
56,000_conv1,0.12105353934990476,0.0013681802350552445,0.18920954941704785,0.13859458922966372,391
56,001_layer1.0.conv1,0.10777861405821408,0.0007062860553410273,0.032300562959729634,0.024475343478994962,391
56,002_layer1.0.conv2,0.10100505337157213,0.0005018331139582805,0.05479035196870839,0.04320182941140501,391
56,003_layer1.1.conv1,0.09672831503860176,0.00048358636740261814,0.0329569812526952,0.02569087415322051,391
56,004_layer1.1.conv2,0.0872826342235136,0.00035350457633121033,0.03650145655073782,0.027508390598372977,391
56,005_layer1.2.conv1,0.10486139729619026,0.0005289447883010927,0.04875323407443078,0.036109404558847515,391
56,006_layer1.2.conv2,0.08287074886586356,0.00032416945318264074,0.05569865439733838,0.04367896198248734,391
56,007_layer2.0.conv1,0.11327145875567365,0.000571254425442539,0.028940043407236285,0.022617857787591688,391
56,008_layer2.0.conv2,0.13769740121596305,0.0008543695201454239,0.017460411665906065,0.014168673906072205,391
56,009_layer2.1.conv1,0.14452814455608579,0.0009224413883873427,0.021372307947559094,0.015602964656473723,391
56,010_layer2.1.conv2,0.12937121967906537,0.0007181719996873642,0.020984126559808587,0.01538696672922789,391
56,011_layer2.2.conv1,0.14548325730139947,0.0009259690915424112,0.018885092229468933,0.015045581164686215,391
56,012_layer2.2.conv2,0.12451754034022845,0.0006624265309076987,0.021885959259976478,0.016229949092033746,391
56,013_layer3.0.conv1,0.18630470588917622,0.0015392947798154033,0.019614977433633603,0.014782042156794798,391
56,014_layer3.0.conv2,0.24673928789165625,0.002653990209096131,0.014465341429908933,0.0108401902690067,391
56,015_layer3.1.conv1,0.25259378327585547,0.0029129652451712618,0.017255755646786677,0.012741124845492611,391
56,016_layer3.1.conv2,0.227652844984818,0.0023750311775859387,0.010906643167476887,0.008615344733316672,391
56,017_layer3.2.conv1,0.22778987394803016,0.002255411312009903,0.014084766016286962,0.01020704635152984,391
56,018_layer3.2.conv2,0.1231265142750557,0.0007367000975378058,0.020442768330443138,0.015567076242856831,391
57,000_conv1,0.12228432058563928,0.001192308829328569,0.18610956168779985,0.13517979841057498,391
57,001_layer1.0.conv1,0.1114144398809394,0.0006503241236546289,0.0326938402853408,0.024963986854431772,391
57,002_layer1.0.conv2,0.10394779426972274,0.00048906468585805,0.04647292400767748,0.03944780039373654,391
57,003_layer1.1.conv1,0.10049783971036791,0.000516229969811894,0.033164832674924406,0.023659465618748005,391
57,004_layer1.1.conv2,0.08952887342466265,0.00035022930940922445,0.03245306797252665,0.026931268020940535,391
57,005_layer1.2.conv1,0.10784112291453439,0.0005782188576790998,0.0434621873942083,0.03318717713096163,391
57,006_layer1.2.conv2,0.08369713269955362,0.0003177349028115079,0.05201510852634492,0.038706500714526096,391
57,007_layer2.0.conv1,0.11718932397263435,0.0005961694354063209,0.029972500199793844,0.022711528247510365,391
57,008_layer2.0.conv2,0.14193500765144368,0.0008721140488454279,0.017497839661865862,0.013260890964469517,391
57,009_layer2.1.conv1,0.14955097065328637,0.0009447960734333162,0.020630287585965593,0.014811696039030724,391
57,010_layer2.1.conv2,0.1334624114872702,0.0007286440551263554,0.021412444673735403,0.01582995520602279,391
57,011_layer2.2.conv1,0.14793589467282794,0.0008868959907674875,0.020643752304535797,0.015146150677931168,391
57,012_layer2.2.conv2,0.12658137028746289,0.000657073294909185,0.025114753138971553,0.018123874821390874,391
57,013_layer3.0.conv1,0.19084925471288164,0.0014570448009069425,0.01896333506704806,0.014613663519960534,391
57,014_layer3.0.conv2,0.25333374881607185,0.0026082215937067027,0.014298569039649168,0.01064350374141489,391
57,015_layer3.1.conv1,0.2593944477646247,0.002820055903907784,0.016821347179019775,0.012478463096588434,391
57,016_layer3.1.conv2,0.23359445779753463,0.002260398587147709,0.010865858178581302,0.009122060407755919,391
57,017_layer3.2.conv1,0.23457479269227102,0.0021966478235602507,0.01356304685162488,0.010540208936637884,391
57,018_layer3.2.conv2,0.12591670243941305,0.0006670420116578167,0.02056648776460233,0.014836080978480012,391
58,000_conv1,0.12155914708705204,0.001291444694583548,0.1813521900707308,0.12700584572386944,391
58,001_layer1.0.conv1,0.10872771695751668,0.0006552760165833438,0.03124690718074219,0.023109845477723556,391
58,002_layer1.0.conv2,0.10300975815986124,0.0005173900510368323,0.0525473154385832,0.041377901642936525,391
58,003_layer1.1.conv1,0.10071611461584526,0.0005333699552602517,0.032451789082667215,0.024748674637287527,391
58,004_layer1.1.conv2,0.08977895794088578,0.00036958624462893677,0.03467394275695134,0.026775535776197467,391
58,005_layer1.2.conv1,0.10758094126572999,0.0006359126272581922,0.042893046016871564,0.034065933378936875,391
58,006_layer1.2.conv2,0.08414097053125082,0.00033450596495065293,0.060210668146447995,0.044142019488079755,391
58,007_layer2.0.conv1,0.11716676269993757,0.0006459854591595784,0.028357211750952283,0.021340621052228653,391
58,008_layer2.0.conv2,0.14221298599334628,0.0009657590169166938,0.017701960861725468,0.012966786753407254,391
58,009_layer2.1.conv1,0.15017799754886677,0.0010559578369273744,0.02105095225548663,0.01740716133682681,391
58,010_layer2.1.conv2,0.13391359567718433,0.0008067188433142324,0.019660049420239925,0.015085609671005203,391
58,011_layer2.2.conv1,0.1491388389864541,0.000988990834848734,0.02339168128161252,0.016475073748099704,391
58,012_layer2.2.conv2,0.1285191659846574,0.0007421524245366483,0.022472714687367158,0.017146579016532028,391
58,013_layer3.0.conv1,0.19038859242216097,0.0016541465612039674,0.019591028770043553,0.014003072154770693,391
58,014_layer3.0.conv2,0.2531686337555156,0.0028721664743808217,0.013605355656506125,0.010863754442188968,391
58,015_layer3.1.conv1,0.2611353895091035,0.003273142349788677,0.018192160918116707,0.013878448988818761,391
58,016_layer3.1.conv2,0.2342727440397453,0.002605379715207079,0.010638570632035112,0.007808418188560516,391
58,017_layer3.2.conv1,0.2356362753664441,0.0024849037199085253,0.014666386003823147,0.011008350116658905,391
58,018_layer3.2.conv2,0.12509195682833263,0.0007351601374078857,0.020807197012374646,0.015933191676901357,391
59,000_conv1,0.12677547387073718,0.001443518574055662,0.1895977094813543,0.1372750246896994,391
59,001_layer1.0.conv1,0.11539229561034066,0.0008991078858462294,0.03379969634551509,0.025069374820647815,391
59,002_layer1.0.conv2,0.10689165341236707,0.000602424381970175,0.05181526419809604,0.037707189005596504,391
59,003_layer1.1.conv1,0.10382490247831015,0.0006241078421511913,0.03391591095525022,0.024961039016193298,391
59,004_layer1.1.conv2,0.09335643869569844,0.00044566517928106876,0.03455158718642058,0.02639882635646278,391
59,005_layer1.2.conv1,0.11425670034364056,0.0007247902949432897,0.04057526389648126,0.029781675498270682,391
59,006_layer1.2.conv2,0.0878457164730105,0.00039752620269749295,0.05297304795319511,0.04130088907836142,391
59,007_layer2.0.conv1,0.12203779578437586,0.0007386449974316027,0.02856065378372666,0.020865637206429276,391
59,008_layer2.0.conv2,0.1481208967430817,0.0010611140883741953,0.016522681916673818,0.01331851759398473,391
59,009_layer2.1.conv1,0.15419006305734825,0.0011153166219208047,0.02047839939884265,0.015648093911570567,391
59,010_layer2.1.conv2,0.13685734093646565,0.0008536197324663722,0.020217798669245498,0.015164246425077108,391
59,011_layer2.2.conv1,0.15417868398187107,0.0011082967797384873,0.022618956136656567,0.016620362017364738,391
59,012_layer2.2.conv2,0.13221213648386318,0.0008324439935952221,0.02420461007778564,0.017426064728923905,391
59,013_layer3.0.conv1,0.19672428751769272,0.001792263542994263,0.01951327336174214,0.01432438180489699,391
59,014_layer3.0.conv2,0.2614863242029839,0.003078314350158401,0.014693312678651949,0.011133031142804435,391
59,015_layer3.1.conv1,0.26995740308785987,0.003409582795782018,0.018397726430090966,0.013767591134057738,391
59,016_layer3.1.conv2,0.24212625125408782,0.0027602142936995477,0.011409445991482832,0.008788116953689345,391
59,017_layer3.2.conv1,0.24304113474190997,0.0027356897946348296,0.013855823985254213,0.010246760948758067,391
59,018_layer3.2.conv2,0.12799268991441068,0.0008411603464897575,0.02088243300646294,0.015425541496350155,391
60,000_conv1,0.12493518890951143,0.0014484447234167728,0.18086697106644728,0.1336576429159583,391
60,001_layer1.0.conv1,0.11484760565735648,0.0008363295720649703,0.03311163332660572,0.025509879671185183,391
60,002_layer1.0.conv2,0.1059740468897783,0.0006247203061148978,0.05332733583348521,0.040045087527932746,391
60,003_layer1.1.conv1,0.10443544598853649,0.0006362672708422959,0.033771628215441184,0.025443506407240545,391
60,004_layer1.1.conv2,0.09297148185922667,0.00047682478454901325,0.033526492158240995,0.0261548184199582,391
60,005_layer1.2.conv1,0.11078909220521713,0.0007278917096305172,0.041287908018558854,0.02994474378498205,391
60,006_layer1.2.conv2,0.08614505190983453,0.0003882020951392236,0.05385387781423146,0.042848378239755014,391
60,007_layer2.0.conv1,0.12160856050946524,0.0007607471661587074,0.029363432703215567,0.022825354674161694,391
60,008_layer2.0.conv2,0.1479376496180244,0.0011110109366265462,0.01873691178834424,0.014564220658554776,391
60,009_layer2.1.conv1,0.15565289468373483,0.0012422234358804504,0.022724737296337717,0.01737910305064259,391
60,010_layer2.1.conv2,0.13739483979771205,0.0009078504362774395,0.020330274804479496,0.01615665774474375,391
60,011_layer2.2.conv1,0.15474428727155756,0.0011816882866788683,0.020847207145842688,0.016001668698559058,391
60,012_layer2.2.conv2,0.13252760210762854,0.0008531389231384232,0.024138535555946947,0.018437669942977835,391
60,013_layer3.0.conv1,0.19631043655793076,0.0018658759081590648,0.017655037439373487,0.013524072851852524,391
60,014_layer3.0.conv2,0.2620106135754634,0.003330661446435887,0.013621980731978416,0.010175148043454282,391
60,015_layer3.1.conv1,0.27133005990854003,0.003778505660897713,0.01741219470925752,0.013750356789378153,391
60,016_layer3.1.conv2,0.2432846069107275,0.0028844544371047637,0.01126406567726966,0.008885297067456496,391
60,017_layer3.2.conv1,0.24381336182965646,0.0028002783453761337,0.014792363610644656,0.01086705935472524,391
60,018_layer3.2.conv2,0.1274410304148941,0.0008334841306396994,0.01972298978520033,0.014810664194206033,391
61,000_conv1,0.12501711572718133,0.0014579638089218284,0.17011306042987806,0.12238359435795625,391
61,001_layer1.0.conv1,0.11428817172946833,0.0009405854320679325,0.033605436957710046,0.02448882328031803,391
61,002_layer1.0.conv2,0.10637485733270036,0.0006816286213536735,0.05324369730612682,0.04019950890057828,391
61,003_layer1.1.conv1,0.10549369470580765,0.0007352779049967593,0.03283204888941928,0.024792421909334166,391
61,004_layer1.1.conv2,0.0939488342255735,0.0005544568607326293,0.03216414648180981,0.025141017324980607,391
61,005_layer1.2.conv1,0.11170888060460919,0.0008094818575932784,0.042861685628884844,0.03188437852861744,391
61,006_layer1.2.conv2,0.08695473769188994,0.00046515808345560204,0.05729200754045506,0.041032769518926294,391
61,007_layer2.0.conv1,0.12158214587651556,0.0008978871353427353,0.026687894546030246,0.020491029003155165,391
61,008_layer2.0.conv2,0.1479058406027534,0.0013381479465548428,0.016884525681364924,0.013053228520986289,391
61,009_layer2.1.conv1,0.15645180298658587,0.0014409136739713634,0.021606225987764276,0.015446713583032247,391
61,010_layer2.1.conv2,0.13915890357111727,0.0011103470039548376,0.02033403013943067,0.015384757263495063,391
61,011_layer2.2.conv1,0.15662585969661813,0.0014230516875938827,0.021386644899919708,0.015270925969239102,391
61,012_layer2.2.conv2,0.13471257856206212,0.0009991489974525182,0.022986915353775682,0.017252290779809883,391
61,013_layer3.0.conv1,0.19898967389636638,0.0022305135569130816,0.018218325838819386,0.013497328146852004,391
61,014_layer3.0.conv2,0.26503616735301055,0.0038457188378002577,0.014064976848601272,0.010958012430068158,391
61,015_layer3.1.conv1,0.27372674600166436,0.004185823105276043,0.018231420229408157,0.013899586009757483,391
61,016_layer3.1.conv2,0.2463226667450517,0.003272039024423967,0.010926518734536598,0.00859087491073131,391
61,017_layer3.2.conv1,0.24635046842457997,0.0032676702626048618,0.013990510764834069,0.009766389789005023,391
61,018_layer3.2.conv2,0.12758881103275987,0.0009127558916259132,0.020142764967246,0.014946907681115024,391
62,000_conv1,0.12651674624751597,0.001657845009581084,0.18217414685333258,0.1387217259262924,391
62,001_layer1.0.conv1,0.11466618935051172,0.0008493657853601618,0.03155912458791498,0.025198121461510566,391
62,002_layer1.0.conv2,0.10852968666102271,0.0007089797098723816,0.05200154414130113,0.038733674331358874,391
62,003_layer1.1.conv1,0.10712790936041061,0.0007542358044835568,0.034138004514830136,0.025947773571477675,391
62,004_layer1.1.conv2,0.09472514451255122,0.0005285293364002859,0.03271897534370947,0.02500576605982486,391
62,005_layer1.2.conv1,0.11380044794867715,0.0008185281408861558,0.043746690050719066,0.032124923571771206,391
62,006_layer1.2.conv2,0.08961136440944184,0.0004734695342383452,0.056662174061421884,0.04138091972013741,391
62,007_layer2.0.conv1,0.1236151682255823,0.0009023056659037063,0.028368987747446617,0.02088066064006602,391
62,008_layer2.0.conv2,0.15110001330028106,0.0013748169633549176,0.018022585970898862,0.013913026094916564,391
62,009_layer2.1.conv1,0.1601267310569201,0.0014681534863301912,0.022024019679966884,0.01635945716275143,391
62,010_layer2.1.conv2,0.14203064570494014,0.0011674979815306241,0.020928217434029787,0.016315931897617344,391
62,011_layer2.2.conv1,0.15994972179231742,0.0015234761681817664,0.022714393646357304,0.01690326454147953,391
62,012_layer2.2.conv2,0.13720552811918357,0.0010871948892289436,0.023905972885618944,0.01752311928412599,391
62,013_layer3.0.conv1,0.20133719334135886,0.0023131637589576814,0.019615693848174156,0.014143402372035183,391
62,014_layer3.0.conv2,0.26875556715766485,0.004172870182934885,0.014751113980435646,0.010159440702222513,391
62,015_layer3.1.conv1,0.2781419514695092,0.004582413289963186,0.017641510743064397,0.013185122996228609,391
62,016_layer3.1.conv2,0.2515477703317352,0.00372909742826176,0.010583127733542407,0.007774248007584631,391
62,017_layer3.2.conv1,0.25410737445973375,0.0036955360424211076,0.014394254072543184,0.01080637008328935,391
62,018_layer3.2.conv2,0.1306982714863842,0.0010148804860674494,0.019933277133885666,0.015269950375175267,391
63,000_conv1,0.12447287601506923,0.0013432715835408528,0.1728113388822502,0.1359237315060492,391
63,001_layer1.0.conv1,0.11418764855322021,0.0007587118257234241,0.033099327283456464,0.02703357631265291,391
63,002_layer1.0.conv2,0.10789800159957098,0.0006460281322802266,0.05079735133154208,0.041306232021566795,391
63,003_layer1.1.conv1,0.1040855156129126,0.0006265223984141463,0.03060668317612801,0.023507385515780035,391
63,004_layer1.1.conv2,0.0929830199312371,0.0004866326324465351,0.03402142821135006,0.025290906541295358,391
63,005_layer1.2.conv1,0.11196980174735684,0.0007946847873429152,0.0457086140814516,0.03053869136035055,391
63,006_layer1.2.conv2,0.08723756864362056,0.0004469092694981327,0.054859691884831197,0.040167381848582574,391
63,007_layer2.0.conv1,0.12230624306156203,0.0008262038300994382,0.030375372075766214,0.023587599798501026,391
63,008_layer2.0.conv2,0.14920436686185926,0.0011910501488953083,0.018220897772825203,0.012932968025086483,391
63,009_layer2.1.conv1,0.15992923473458157,0.0013093424462607348,0.02121106510528761,0.015417408675279952,391
63,010_layer2.1.conv2,0.14131318556759365,0.000981582345460589,0.01930452684779256,0.015182622104516949,391
63,011_layer2.2.conv1,0.15841477406223106,0.0012661676038909428,0.020646734414753194,0.015204912224243292,391
63,012_layer2.2.conv2,0.13436726320658804,0.0008571298395028577,0.023495572246670666,0.018052509069907408,391
63,013_layer3.0.conv1,0.198452156065675,0.0019180699232504983,0.019644511702159792,0.015038633860619882,391
63,014_layer3.0.conv2,0.2662332117595636,0.0033868882873559075,0.014160343413458556,0.010493129835137163,391
63,015_layer3.1.conv1,0.2751312332461252,0.003655288992280542,0.017762650676770804,0.013391200186916499,391
63,016_layer3.1.conv2,0.24925752079395383,0.0029685021398524747,0.011921194661587305,0.008776732366604931,391
63,017_layer3.2.conv1,0.25214271933373894,0.0030053038571604823,0.014036422615292926,0.010866719856370069,391
63,018_layer3.2.conv2,0.12952513389689538,0.0008557946209391716,0.019928852709390155,0.014800532982777614,391
64,000_conv1,0.1297332044700375,0.001417932584801506,0.16804069883471903,0.12810537320588172,391
64,001_layer1.0.conv1,0.11888413994437289,0.0009515063556676511,0.03172765568940385,0.0233442187379077,391
64,002_layer1.0.conv2,0.11073416260921437,0.0006987561745662573,0.05059591187802276,0.038993425074650846,391
64,003_layer1.1.conv1,0.1078494780070489,0.0007482873096256899,0.03239115398927101,0.025505893608174506,391
64,004_layer1.1.conv2,0.0961771203333612,0.0004959519282561487,0.035472390833152984,0.026459044433535646,391
64,005_layer1.2.conv1,0.11907130413119445,0.000869558153019416,0.04168930718916607,0.032900130224483175,391
64,006_layer1.2.conv2,0.09123443456752525,0.00046740413667030294,0.06029965054096832,0.04645407603291224,391
64,007_layer2.0.conv1,0.12641927641828346,0.0008609084432206343,0.027912792439274477,0.02052979486911518,391
64,008_layer2.0.conv2,0.1536811475863542,0.0012665532977204352,0.017109669262633832,0.01366041265807722,391
64,009_layer2.1.conv1,0.16211224340683664,0.001336944982060384,0.02084851658331704,0.0157178682690528,391
64,010_layer2.1.conv2,0.1438361629081504,0.0010214902843228256,0.019495925168933906,0.014567742215336176,391
64,011_layer2.2.conv1,0.16329046892349983,0.0013793004311539077,0.02121466067561749,0.01617013497936261,391
64,012_layer2.2.conv2,0.13709252276231565,0.0009370377682752194,0.02378406467819198,0.018251975374290883,391
64,013_layer3.0.conv1,0.20337603294559756,0.002052224783070475,0.018825221745467916,0.015521585567856948,391
64,014_layer3.0.conv2,0.27302419967816005,0.0037602200035082023,0.015041450344216938,0.011037545906360184,391
64,015_layer3.1.conv1,0.282727550362687,0.00413070196950481,0.016799722223516875,0.012320748138913743,391
64,016_layer3.1.conv2,0.2552762190475488,0.0034702984168619305,0.010304607727634542,0.007749776297549346,391
64,017_layer3.2.conv1,0.2616292709470405,0.0035049954063391814,0.013718151511664327,0.010934762374779838,391
64,018_layer3.2.conv2,0.13438994800457565,0.0009996639950035635,0.01932782714713372,0.013844442231444414,391
65,000_conv1,0.12699304826919686,0.0016069584387431793,0.16827404623597508,0.12849387065734408,391
65,001_layer1.0.conv1,0.11575873444795304,0.0009991727001749454,0.036278714169972824,0.02766239187494902,391
65,002_layer1.0.conv2,0.10925948580779384,0.0007906152559485121,0.05621585437520038,0.04164651963325864,391
65,003_layer1.1.conv1,0.1050069869574531,0.0007804481248322431,0.03114387395511762,0.02428316834958866,391
65,004_layer1.1.conv2,0.09487665770456309,0.0005687279797423079,0.0328560237368361,0.02416989706782215,391
65,005_layer1.2.conv1,0.1166789845546798,0.0009467183995033809,0.041083118079475525,0.03101980788317422,391
65,006_layer1.2.conv2,0.08973507653645542,0.0005037459510615471,0.056320586725121156,0.04182173863807643,391
65,007_layer2.0.conv1,0.12474449671557188,0.000963887262591898,0.02663415410078905,0.019515017249542594,391
65,008_layer2.0.conv2,0.15232899909853326,0.00142303113190978,0.016529127224416965,0.013215985546439733,391
65,009_layer2.1.conv1,0.1630386481695163,0.001590626027406901,0.021349316647955422,0.016455631396535993,391
65,010_layer2.1.conv2,0.1440297421210867,0.0012519466797517656,0.018584702696605518,0.014394353702917001,391
65,011_layer2.2.conv1,0.16119282148645053,0.0015667982353701898,0.02121726133276859,0.016334684027590463,391
65,012_layer2.2.conv2,0.1360453706320442,0.0011118105514114247,0.02307274269064099,0.01684371001978851,391
65,013_layer3.0.conv1,0.20265665913329406,0.00241273949192964,0.020236775090884375,0.014818670174915975,391
65,014_layer3.0.conv2,0.2731770389448956,0.004362928394623614,0.0147865802008363,0.011313443129859732,391
65,015_layer3.1.conv1,0.28180445620166067,0.004735598295312643,0.01895938398391086,0.01402359285720902,391
65,016_layer3.1.conv2,0.25704587872147255,0.003831653323586273,0.010865018711417325,0.008289167336409903,391
65,017_layer3.2.conv1,0.261260533557676,0.003894465233538605,0.01425711726880433,0.010456174683429645,391
65,018_layer3.2.conv2,0.13248072944753006,0.00105682542708491,0.020865551885747402,0.016893544975282223,391
66,000_conv1,0.12791364427532076,0.001518064564657324,0.17165445688102024,0.12977904277020103,391
66,001_layer1.0.conv1,0.11804651401346297,0.001065577605122164,0.033910068403225135,0.025974367488764694,391
66,002_layer1.0.conv2,0.11084673175936008,0.0008017137124133617,0.0525501992783028,0.03678912095552459,391
66,003_layer1.1.conv1,0.10670572569322251,0.0007758723226569102,0.03201772675425519,0.024707251741400336,391
66,004_layer1.1.conv2,0.09676639173094116,0.000600883325833787,0.03373787649361196,0.026780775475044878,391
66,005_layer1.2.conv1,0.11709448221661246,0.0009821731065362705,0.04028312318821271,0.031110131314261456,391
66,006_layer1.2.conv2,0.0906181331590542,0.0005401363840629187,0.05279316701035684,0.041907774525828514,391
66,007_layer2.0.conv1,0.12738944957380557,0.0010318960374419844,0.02884039560146734,0.02182358241152266,391
66,008_layer2.0.conv2,0.15513006920742867,0.0014748016864569377,0.018429666385802655,0.013883718011123211,391
66,009_layer2.1.conv1,0.163860428335188,0.0015797281714150166,0.020561650948980232,0.015329561571158869,391
66,010_layer2.1.conv2,0.14463480578168578,0.0011691835073247836,0.021077580317664553,0.015755813897992767,391
66,011_layer2.2.conv1,0.16425139788547746,0.001510129493364848,0.019365458429315845,0.014485824445233003,391
66,012_layer2.2.conv2,0.13908510663739557,0.0010923134909552046,0.024916569356672743,0.01880680982205406,391
66,013_layer3.0.conv1,0.2040681051342841,0.0023084554164136337,0.019182115352660543,0.014036629288753745,391
66,014_layer3.0.conv2,0.27511754693925533,0.004161544448817223,0.014869674465276927,0.011271165694510471,391
66,015_layer3.1.conv1,0.28613229741906876,0.004535317226332464,0.01833736798983565,0.013317603376838542,391
66,016_layer3.1.conv2,0.25987008759928176,0.0037401963935617816,0.010564390814701211,0.007716732498006028,391
66,017_layer3.2.conv1,0.263565995628038,0.0037802258350624895,0.014043991184167643,0.01031153877186447,391
66,018_layer3.2.conv2,0.13279651041569002,0.0010560079515941276,0.01941404616243749,0.015100541584634844,391
67,000_conv1,0.13150835546005107,0.001628400327295873,0.17055998208826584,0.12425886238451266,391
67,001_layer1.0.conv1,0.12035321635777688,0.0010613517425406178,0.03412814432667429,0.026432114247564985,391
67,002_layer1.0.conv2,0.1136855917513523,0.0008643359107996552,0.05039457599086094,0.03821506418773101,391
67,003_layer1.1.conv1,0.11106670249606032,0.0008377181720341555,0.03082066024933487,0.024674904622860656,391
67,004_layer1.1.conv2,0.09887200982674309,0.0006226462651204388,0.03346025853370473,0.023999882261505644,391
67,005_layer1.2.conv1,0.12249910164519649,0.0010465446155790061,0.04649490821044273,0.03452716075533536,391
67,006_layer1.2.conv2,0.09436676441155889,0.0006029536689291428,0.05746675434354407,0.041440286949123016,391
67,007_layer2.0.conv1,0.13064131788585498,0.0011329806603240199,0.02838284527978061,0.021952495831646327,391
67,008_layer2.0.conv2,0.1590931539892998,0.0016298513637627125,0.017829743113093044,0.013172850862611394,391
67,009_layer2.1.conv1,0.16919251763835894,0.001804528748183657,0.020568090562546857,0.01593955192325785,391
67,010_layer2.1.conv2,0.14885701197187615,0.0013896097530155527,0.018965783523531277,0.014859550359728212,391
67,011_layer2.2.conv1,0.1714730358889798,0.0018498245109537133,0.021226527045934657,0.016260668585334377,391
67,012_layer2.2.conv2,0.1447287664732055,0.0013327109727164811,0.024752313659191155,0.018122644319389754,391
67,013_layer3.0.conv1,0.21101003224053955,0.0027379724045650186,0.0186354853571921,0.013695723733869536,391
67,014_layer3.0.conv2,0.2829649057191656,0.004896298235275792,0.014949659502882238,0.011251011509033704,391
67,015_layer3.1.conv1,0.294196378106199,0.005418672135312413,0.01770187068082251,0.012991120101089057,391
67,016_layer3.1.conv2,0.26763461918934534,0.004429483492060821,0.011886302746296146,0.008494342151128096,391
67,017_layer3.2.conv1,0.26932136518189975,0.0045160528394943555,0.013837671570822017,0.00981586284463797,391
67,018_layer3.2.conv2,0.13552385053175794,0.0011978954350981633,0.0197560844720257,0.01490473806073047,391
68,000_conv1,0.13485080878371777,0.0016575416346017308,0.17222275848858012,0.13212884597908342,391
68,001_layer1.0.conv1,0.11994079288924137,0.0010000594812695062,0.032828877452150795,0.02553170853620245,391
68,002_layer1.0.conv2,0.11377534550397903,0.0008152260384679966,0.05222764508450366,0.03894873041749547,391
68,003_layer1.1.conv1,0.1116055455297003,0.000775316584069605,0.03141364165710683,0.023256878254717877,391
68,004_layer1.1.conv2,0.09816221024869654,0.0005780274510251947,0.031705929760803594,0.02469093593004137,391
68,005_layer1.2.conv1,0.12054674949525568,0.0009192421527575486,0.04348803072119914,0.0319107281103991,391
68,006_layer1.2.conv2,0.09310042750461937,0.0005383944640948921,0.05679446419341202,0.044605282531231846,391
68,007_layer2.0.conv1,0.13075113041169198,0.001047367116406104,0.027975514092158985,0.021030879147706915,391
68,008_layer2.0.conv2,0.1601183879691774,0.0015049772787374786,0.018111928965209488,0.01379596338910878,391
68,009_layer2.1.conv1,0.1706793319119517,0.0016448570255924479,0.022880436397259434,0.017114974680052117,391
68,010_layer2.1.conv2,0.14989329788767164,0.0013129726837008138,0.019846943606053245,0.014569447166716484,391
68,011_layer2.2.conv1,0.1727170710216093,0.001737993585947964,0.02132141955641305,0.01640506534730475,391
68,012_layer2.2.conv2,0.14508562379747705,0.0012441072176890729,0.023117991993562532,0.01729869565686304,391
68,013_layer3.0.conv1,0.21088031041042885,0.0024970655057195007,0.01975919631487482,0.015152068444766657,391
68,014_layer3.0.conv2,0.28456891667278833,0.004481590729010637,0.01434606484598801,0.010774063612819667,391
68,015_layer3.1.conv1,0.2949919317994276,0.004995542409620232,0.017809335472862547,0.013752354887426698,391
68,016_layer3.1.conv2,0.2695286952511734,0.004211329752230805,0.011066026060696161,0.00857538164302808,391
68,017_layer3.2.conv1,0.2714948169410686,0.004140121505758404,0.013769613930182919,0.009816296411473772,391
68,018_layer3.2.conv2,0.13582959224272262,0.0010676147158354132,0.020518256509748034,0.01517101426268498,391
69,000_conv1,0.13306973539197536,0.0020365943810057817,0.16795231333738456,0.1268140397618529,391
69,001_layer1.0.conv1,0.12151597530754936,0.0012300491492392013,0.03342850116158054,0.02517892575303459,391
69,002_layer1.0.conv2,0.11487292476436671,0.0009962171655295716,0.05374702562397817,0.042233447781535406,391
69,003_layer1.1.conv1,0.11306778671186599,0.001021099059453483,0.03437460793828791,0.026757127548432885,391
69,004_layer1.1.conv2,0.09909495320695136,0.0007068977232895599,0.032976926599048335,0.025269695170086613,391
69,005_layer1.2.conv1,0.12249500154877258,0.0011521043597151285,0.043229228968298034,0.034828737835992614,391
69,006_layer1.2.conv2,0.09301744180414682,0.0005761987503167098,0.06031581930428752,0.04645293811962735,391
69,007_layer2.0.conv1,0.13059238536888376,0.0011832260510414756,0.027655379961544286,0.020736380537090714,391
69,008_layer2.0.conv2,0.16026513580509158,0.00185813538910325,0.017133731375578814,0.014571144931999453,391
69,009_layer2.1.conv1,0.16997443865555936,0.0020183574384059245,0.021464540288043583,0.016159644427399186,391
69,010_layer2.1.conv2,0.14962818129631258,0.0015116335800814291,0.020858507753578205,0.015281276198082927,391
69,011_layer2.2.conv1,0.17218398404738788,0.002018705598475539,0.020323761635298587,0.0152509753274163,391
69,012_layer2.2.conv2,0.14515606141494364,0.001428669960693199,0.024545108193296868,0.018820847407533682,391
69,013_layer3.0.conv1,0.21158095759808865,0.0029718271000957197,0.018698209723930874,0.01361356118667256,391
69,014_layer3.0.conv2,0.28450814819396913,0.005286401176949118,0.013896666224980416,0.010786481356288506,391
69,015_layer3.1.conv1,0.29629222204541916,0.00591003720693839,0.017602873186481766,0.01407541843614088,391
69,016_layer3.1.conv2,0.2697505371078201,0.004908988802207692,0.010878250861424021,0.008599903856220344,391
69,017_layer3.2.conv1,0.2738940733130021,0.004905042983915475,0.014074872223981311,0.010271157479687675,391
69,018_layer3.2.conv2,0.13639622451284963,0.0013148137131697261,0.019045714921493064,0.01410072444817917,391
70,000_conv1,0.1340373819384276,0.001892028534997866,0.17731910260320377,0.12086306543698021,391
70,001_layer1.0.conv1,0.12100860094437209,0.0010659773502174723,0.034499786821130876,0.025847210698148396,391
70,002_layer1.0.conv2,0.11542449533329595,0.0008826795035552087,0.052208136637112164,0.03881693140596644,391
70,003_layer1.1.conv1,0.11305238286514416,0.0008701736488396471,0.03149948072629562,0.023675997990085053,391
70,004_layer1.1.conv2,0.09930580493319979,0.0006201040335088812,0.034883860052879447,0.02656340712013153,391
70,005_layer1.2.conv1,0.12186416386224119,0.0009947466495840666,0.04200576572324527,0.03124428819698625,391
70,006_layer1.2.conv2,0.09327801590418572,0.0005835077457958526,0.059960351785575815,0.04504606013101042,391
70,007_layer2.0.conv1,0.13212474552757295,0.0010817677374408453,0.02780060779479424,0.021114674614865665,391
70,008_layer2.0.conv2,0.1622797581545837,0.00163930883746077,0.01620223063632914,0.012686347482740437,391
70,009_layer2.1.conv1,0.1714009454526255,0.0018336743504817898,0.020859503058263052,0.015365288887692445,391
70,010_layer2.1.conv2,0.1505268258435647,0.0013843739401975634,0.02075286275816827,0.016019065931911193,391
70,011_layer2.2.conv1,0.17584298121388,0.001912133241771568,0.022474518225690864,0.016276557335467512,391
70,012_layer2.2.conv2,0.14755018498472242,0.0013226204571076643,0.022957499633143332,0.017231940639697775,391
70,013_layer3.0.conv1,0.2125069269781832,0.0026828013319328825,0.018351053300997257,0.014245481946208016,391
70,014_layer3.0.conv2,0.28609574508026736,0.004818979577486629,0.013867965268232496,0.009669251171193365,391
70,015_layer3.1.conv1,0.29742350543627655,0.005420719245538691,0.01800325444321777,0.013832735991987795,391
70,016_layer3.1.conv2,0.27204175024767363,0.004601065776707602,0.01100478336449385,0.00851794489127842,391
70,017_layer3.2.conv1,0.2741215057918788,0.004511911587139469,0.014159015427698079,0.010808101943324518,391
70,018_layer3.2.conv2,0.13618966509276034,0.0012176513825863343,0.020273736963519598,0.01546393313275524,391
71,000_conv1,0.1336605902808859,0.0018935664534097604,0.16722217059737848,0.1259384375606628,391
71,001_layer1.0.conv1,0.1205297008899929,0.0010929067201535369,0.03176127257743863,0.023543869795808362,391
71,002_layer1.0.conv2,0.1140437775941761,0.0008886195343155417,0.052880806498416484,0.04264583404675164,391
71,003_layer1.1.conv1,0.1113115389881384,0.0009060024297981566,0.032148036394876255,0.023858764475151825,391
71,004_layer1.1.conv2,0.09962093252736284,0.0006656885066953257,0.030915696428583453,0.022253792731864362,391
71,005_layer1.2.conv1,0.12060821383162533,0.0011022417649570841,0.0457260193151065,0.033906497769871875,391
71,006_layer1.2.conv2,0.09176949528820069,0.0006137317820010448,0.052487861028338884,0.04203635142573525,391
71,007_layer2.0.conv1,0.13057801670506788,0.0011541581515375904,0.028112848375040692,0.02101068313614517,391
71,008_layer2.0.conv2,0.1604778022907884,0.001767127849293764,0.017465268727391958,0.013646161019487008,391
71,009_layer2.1.conv1,0.1705937562962932,0.0020125834708511897,0.02045891150096988,0.014730194408812137,391
71,010_layer2.1.conv2,0.15005130897207028,0.0014621257153037762,0.02024471506401149,0.01497351284115767,391
71,011_layer2.2.conv1,0.17217246219134696,0.0019531234111958284,0.021027359910153337,0.01686927639996361,391
71,012_layer2.2.conv2,0.14524759110206228,0.0013665634144135776,0.023973468363748345,0.018121251849349897,391
71,013_layer3.0.conv1,0.21107126982010843,0.002871096028491657,0.0196006896627933,0.014532835485290923,391
71,014_layer3.0.conv2,0.28529443351737677,0.0052269524884085705,0.013928393644573706,0.010565349956273265,391
71,015_layer3.1.conv1,0.29661488742627146,0.005746467225949167,0.017420575220878903,0.013041173287394604,391
71,016_layer3.1.conv2,0.2699829924975515,0.0046236224353252,0.010850598289437276,0.008384558875443959,391
71,017_layer3.2.conv1,0.2734350353250723,0.004588320403620366,0.013876437293517816,0.011603342449083448,391
71,018_layer3.2.conv2,0.13506512487750225,0.0011574683625307502,0.021119829710374256,0.015463694889053609,391
72,000_conv1,0.13816659347823515,0.0016611652222002886,0.1787480605505229,0.13337952176995307,391
72,001_layer1.0.conv1,0.12651417980832821,0.0011591683560052204,0.03408037288152539,0.025384991959585684,391
72,002_layer1.0.conv2,0.11942364882363384,0.0009841665844626344,0.052275280238293996,0.04055666481257568,391
72,003_layer1.1.conv1,0.11676091037195205,0.0010314408121719389,0.03234141349194475,0.024728494365981485,391
72,004_layer1.1.conv2,0.1030605718436296,0.0006685545432268854,0.032073273068017626,0.02382410897420325,391
72,005_layer1.2.conv1,0.12783187635414436,0.0011357505190388618,0.04443433843551577,0.03551758949506327,391
72,006_layer1.2.conv2,0.09778465252474446,0.0006157168654456358,0.05455826263094846,0.039105168982824026,391
72,007_layer2.0.conv1,0.1360482130857075,0.0011663771538595498,0.0284178352016207,0.022033564740707882,391
72,008_layer2.0.conv2,0.16716298516220449,0.0016604826691758307,0.01707788141656612,0.012926783916342343,391
72,009_layer2.1.conv1,0.1794315103698722,0.0018819217860850043,0.02055704669492162,0.015241873453524107,391
72,010_layer2.1.conv2,0.15789783926075682,0.0014291078001552535,0.018874696166616106,0.014094676447886348,391
72,011_layer2.2.conv1,0.1804867745246119,0.0019207056658134755,0.022030066362248645,0.016680112347178033,391
72,012_layer2.2.conv2,0.1515360857976977,0.001296938030870498,0.021238868826015084,0.016435088885447854,391
72,013_layer3.0.conv1,0.2209248881586982,0.0026896270962566485,0.019013430305734744,0.014290975924033014,391
72,014_layer3.0.conv2,0.2980838756046027,0.004922489124940463,0.014257780139986843,0.01082120653608575,391
72,015_layer3.1.conv1,0.31093583461802327,0.0055953221672527115,0.018403310235790716,0.014251294298668726,391
72,016_layer3.1.conv2,0.2834005868800766,0.004669435899043936,0.011157262619384422,0.008660319102576072,391
72,017_layer3.2.conv1,0.28670493989725554,0.004619035672029662,0.01365763997209727,0.010180292652011142,391
72,018_layer3.2.conv2,0.14124282318955797,0.001204590399472568,0.02055594919444359,0.014758140947765192,391
73,000_conv1,0.14057501939975697,0.002578398267641311,0.1745182851698938,0.130846959634751,391
73,001_layer1.0.conv1,0.12543147062058643,0.0012835031384587532,0.036733206290885875,0.026070968481894635,391
73,002_layer1.0.conv2,0.1178227491543421,0.0010626151444706518,0.051751569652211386,0.037198002488257574,391
73,003_layer1.1.conv1,0.11529076950210135,0.0010803777147728524,0.03285798631847271,0.026222819901012353,391
73,004_layer1.1.conv2,0.10227644034301686,0.0007756893732071921,0.03076311031236168,0.023554268955307822,391
73,005_layer1.2.conv1,0.12518496689436687,0.0012712240664826228,0.043759506230767756,0.03385372862754397,391
73,006_layer1.2.conv2,0.09601572291720706,0.0006789259189693645,0.05231929015848474,0.04177715864754379,391
73,007_layer2.0.conv1,0.13652452760759523,0.0013316229106645795,0.026147152352745406,0.02145786841665574,391
73,008_layer2.0.conv2,0.1668714257933752,0.0019008231880678211,0.017746405586927964,0.014428686081529729,391
73,009_layer2.1.conv1,0.17791177682064074,0.0021867036468702986,0.020878074839158885,0.016183610636798133,391
73,010_layer2.1.conv2,0.15717793125516313,0.0016796386489325854,0.02063361350379204,0.014828446155211384,391
73,011_layer2.2.conv1,0.18083992356534503,0.002291680770595106,0.019912464193844813,0.015185939104329919,391
73,012_layer2.2.conv2,0.15167313068152388,0.0015215422892591382,0.022635274949156587,0.017531906701015055,391
73,013_layer3.0.conv1,0.2193137345754582,0.003139083660259223,0.018420970672123727,0.013977700531284054,391
73,014_layer3.0.conv2,0.2946950055068106,0.005657824749532789,0.014475239264891785,0.010507637444546839,391
73,015_layer3.1.conv1,0.3082442921979348,0.0063745790519447315,0.018764700479748528,0.01459740172694731,391
73,016_layer3.1.conv2,0.27902132644296607,0.005281957142627983,0.011384943531358467,0.008153159373470257,391
73,017_layer3.2.conv1,0.28232679371257574,0.005109644454338619,0.014120023837997852,0.010808649091801945,391
73,018_layer3.2.conv2,0.13865322434841215,0.0013306631791616744,0.021653687073989358,0.01652826990960876,391
74,000_conv1,0.13980341310162678,0.0019219175068576622,0.1823700198887602,0.13125947459881246,391
74,001_layer1.0.conv1,0.1249722192716568,0.0011224962632261498,0.03512402262259989,0.02666406588120671,391
74,002_layer1.0.conv2,0.1181164211057641,0.0009801913642103754,0.05420157074483315,0.04237849678277904,391
74,003_layer1.1.conv1,0.1149577418785266,0.000959192883485515,0.032700242736200265,0.024585863694297414,391
74,004_layer1.1.conv2,0.10270425080871948,0.0007366302596548205,0.03312031424897925,0.024025775547562998,391
74,005_layer1.2.conv1,0.12538360079269276,0.0011448536855330066,0.04745906114888564,0.03413507876833876,391
74,006_layer1.2.conv2,0.0958872903328951,0.0006659289422083249,0.05755377949966961,0.03943076867107532,391
74,007_layer2.0.conv1,0.13638593809074148,0.0012749328629216225,0.02606409062687105,0.020534940115761957,391
74,008_layer2.0.conv2,0.1676350839226447,0.0020146413688894305,0.01707241379277371,0.013101300198585797,391
74,009_layer2.1.conv1,0.17818245991035495,0.0022163692517293138,0.022030911205861474,0.016611539318768544,391
74,010_layer2.1.conv2,0.1578704472393026,0.0017106199872145983,0.01987657868598677,0.014631223725182604,391
74,011_layer2.2.conv1,0.18075797499140814,0.0022522751111461806,0.021316251363498077,0.016940331067000193,391
74,012_layer2.2.conv2,0.152717732474246,0.001527897361260206,0.02498991904530951,0.019044682531691986,391
74,013_layer3.0.conv1,0.22150577600959623,0.003207622193793648,0.019306591930203152,0.014546885916175032,391
74,014_layer3.0.conv2,0.29897685707225213,0.005759536944379834,0.014316922047926063,0.010392404187406527,391
74,015_layer3.1.conv1,0.31146497420414027,0.006428626559562667,0.01811498932838824,0.013718602410159372,391
74,016_layer3.1.conv2,0.28448603609028983,0.005307286616084067,0.012079227766918239,0.008698477034810987,391
74,017_layer3.2.conv1,0.28886730761250573,0.00516643976906013,0.01423121994910458,0.010936463225866468,391
74,018_layer3.2.conv2,0.14100509684752016,0.0013230806953833073,0.01959463708167312,0.01600197215013857,391
75,000_conv1,0.1336833900912567,0.002118671931563388,0.16834181514845523,0.12449359631673686,391
75,001_layer1.0.conv1,0.11741226924407056,0.0011308581763522993,0.03264000139768174,0.024235781955160244,391
75,002_layer1.0.conv2,0.11158718369767794,0.0009880233359590967,0.05593751576386572,0.04004330574429039,391
75,003_layer1.1.conv1,0.10968408950359163,0.0009692042491980298,0.03287311025785834,0.025897529121398567,391
75,004_layer1.1.conv2,0.09684372393180952,0.0007093755047047554,0.03208226503511352,0.0253059255635808,391
75,005_layer1.2.conv1,0.11739067523204305,0.0011299941415525653,0.04482760312290952,0.03490384309547503,391
75,006_layer1.2.conv2,0.09049799250881843,0.0006584692681536278,0.05351888051408681,0.042234772596764475,391
75,007_layer2.0.conv1,0.12876874195111682,0.0012890943768619698,0.029159732873949323,0.022495979491198147,391
75,008_layer2.0.conv2,0.15707705912115932,0.0017680879509375386,0.01695037609985014,0.013507873459540928,391
75,009_layer2.1.conv1,0.16855501207282475,0.002091636844669311,0.022141423789435066,0.01734838879474578,391
75,010_layer2.1.conv2,0.14977125850175044,0.001584099591057514,0.019907101618332663,0.01630289885276537,391
75,011_layer2.2.conv1,0.17176617963996996,0.0021458225418365985,0.02222403158651772,0.016155224796763016,391
75,012_layer2.2.conv2,0.14489182347284102,0.0014969960567241883,0.02491428924183899,0.018238752935731357,391
75,013_layer3.0.conv1,0.20875429786989452,0.003052380007924592,0.017427071931862298,0.013304255431315078,391
75,014_layer3.0.conv2,0.28308574609515613,0.0054396745513246025,0.01470710835141769,0.01016111129398833,391
75,015_layer3.1.conv1,0.2961505500175764,0.006041496756187328,0.01812775201781098,0.013571577427157672,391
75,016_layer3.1.conv2,0.2701449374027569,0.005008325927585974,0.011229266789591736,0.008284685293453662,391
75,017_layer3.2.conv1,0.27300975415522183,0.004758120388296386,0.013634688882146414,0.010545465503006007,391
75,018_layer3.2.conv2,0.13203995327567658,0.0012113515908090781,0.020224706363104118,0.014476327645605231,391
76,000_conv1,0.12519476841897,0.0018492595758749612,0.16892117944959453,0.12257473747222898,391
76,001_layer1.0.conv1,0.11083186203447144,0.0008991064309572822,0.0329236249323524,0.024575774923484527,391
76,002_layer1.0.conv2,0.10638388107194925,0.0008663497168675347,0.052497084340703784,0.03841687933952382,391
76,003_layer1.1.conv1,0.10481677198653941,0.0008792755302482261,0.031934517270187514,0.024655826510144557,391
76,004_layer1.1.conv2,0.09254523265220778,0.0006366829311551837,0.030342192338902237,0.023188302499429693,391
76,005_layer1.2.conv1,0.11234502581989064,0.0010646010564664167,0.04422204039872998,0.03460369698813608,391
76,006_layer1.2.conv2,0.0863102390657148,0.0005748420674297396,0.051251842430044686,0.039489442940723256,391
76,007_layer2.0.conv1,0.12269106339615629,0.001106209941160681,0.02779856094871076,0.021117985470694337,391
76,008_layer2.0.conv2,0.15003994532177212,0.00161305980012319,0.017675624944118666,0.01393989120748193,391
76,009_layer2.1.conv1,0.16108860244112247,0.0018300733774844584,0.020252163375440068,0.01585629800310449,391
76,010_layer2.1.conv2,0.14324166588580517,0.0013901931249606647,0.02180211287365644,0.016288252572718556,391
76,011_layer2.2.conv1,0.16423921064114022,0.0018851473871444036,0.019749148146427177,0.015952121870936305,391
76,012_layer2.2.conv2,0.1387903998841715,0.0012735793710919423,0.02533209206140012,0.01968169340189605,391
76,013_layer3.0.conv1,0.19911911597718362,0.002725843938299284,0.01835631596075896,0.014211732819999568,391
76,014_layer3.0.conv2,0.2696060686731887,0.00495265167011931,0.014108679247300924,0.01087509182482379,391
76,015_layer3.1.conv1,0.28213230196548544,0.005443258240700341,0.018965360360023793,0.01370594794608637,391
76,016_layer3.1.conv2,0.25759956183488414,0.00452445165207041,0.009588615705530532,0.007185781643756397,391
76,017_layer3.2.conv1,0.26179755799224613,0.004432343105739936,0.013069756696646655,0.010053959631968692,391
76,018_layer3.2.conv2,0.1257032311766806,0.0010989945812706209,0.019757260733014308,0.015012433518516735,391
77,000_conv1,0.1272981800520054,0.0018773224625313334,0.18062558659131142,0.13489732557155834,391
77,001_layer1.0.conv1,0.11327101759936499,0.0011131837702195897,0.03603738164235398,0.025991971664008906,391
77,002_layer1.0.conv2,0.10724421077981934,0.0009912389586804893,0.057005272107481686,0.04278657607659946,391
77,003_layer1.1.conv1,0.10640575389956575,0.000997139939423141,0.03112914431941412,0.023507692538893475,391
77,004_layer1.1.conv2,0.0936932928307587,0.0007630262178186294,0.030935579381258564,0.023344376748379844,391
77,005_layer1.2.conv1,0.11396466601458961,0.0011920390567739473,0.04345133871646494,0.03278310061893256,391
77,006_layer1.2.conv2,0.08737152147933346,0.000667825870633988,0.0531519598345553,0.04220892220626098,391
77,007_layer2.0.conv1,0.1244109502381376,0.0013100825188979096,0.027514844524978255,0.022019697917221588,391
77,008_layer2.0.conv2,0.15258789167303563,0.0019303100834840922,0.017202380994159747,0.01283177781913955,391
77,009_layer2.1.conv1,0.1631735412551619,0.002200616874188075,0.021221779212240985,0.015653325470196062,391
77,010_layer2.1.conv2,0.1445068109046925,0.0016813188354655138,0.021056162708763763,0.016081266258440047,391
77,011_layer2.2.conv1,0.16619942473519184,0.0023568838793413885,0.020835662880782757,0.015977865248584827,391
77,012_layer2.2.conv2,0.1397538900451587,0.001615224585264037,0.024534644567669454,0.019792041687102097,391
77,013_layer3.0.conv1,0.20153459209157987,0.003252169793645794,0.01840269897030988,0.014389278542702584,391
77,014_layer3.0.conv2,0.27367307352440434,0.005983687093332413,0.015082573493109847,0.010318019480773093,391
77,015_layer3.1.conv1,0.2848221977310412,0.006680530844103957,0.018839312026851556,0.013836542518749892,391
77,016_layer3.1.conv2,0.2599784785981678,0.005477169508432703,0.010939921585458067,0.007833875733034242,391
77,017_layer3.2.conv1,0.26493748820498775,0.005311638141858477,0.014779388955507889,0.010598134930321518,391
77,018_layer3.2.conv2,0.12784285669970086,0.0013584322788228152,0.020503926328388225,0.015212736185836835,391
78,000_conv1,0.12569278804466244,0.0019633742674153576,0.17055285367874473,0.13414637950207142,391
78,001_layer1.0.conv1,0.11176011595122344,0.0010228804837456393,0.03441774172333541,0.025218971556063285,391
78,002_layer1.0.conv2,0.10564262982543625,0.0008844336420733758,0.053375744664095656,0.041305829675923646,391
78,003_layer1.1.conv1,0.1050508470534135,0.0008855224340171258,0.03284279430626973,0.0244621078730571,391
78,004_layer1.1.conv2,0.09232062586318807,0.0006549029815770095,0.03111323277915867,0.023919291973144,391
78,005_layer1.2.conv1,0.11174721187433166,0.0009960093803149453,0.04474541826168155,0.0335443215015496,391
78,006_layer1.2.conv2,0.08549770700466602,0.0005814805941157944,0.053036294540490414,0.04015546884554968,391
78,007_layer2.0.conv1,0.1227779031619239,0.0011580732497858126,0.027891085317963974,0.020551107966300334,391
78,008_layer2.0.conv2,0.15004795119928582,0.0017384099510143816,0.017100106672648583,0.014091922337577546,391
78,009_layer2.1.conv1,0.16114207687775803,0.0019632097558391418,0.02251478283451108,0.016335737062263,391
78,010_layer2.1.conv2,0.14187079709013709,0.0014721625391300903,0.020516213948049856,0.01575854511228439,391
78,011_layer2.2.conv1,0.16473377286396979,0.002108868566818148,0.0200250241115179,0.014322564096177852,391
78,012_layer2.2.conv2,0.13868026574478126,0.0014495040108425013,0.02242027254105127,0.016858257524097135,391
78,013_layer3.0.conv1,0.19899826057617317,0.0029045594845387365,0.018547890257131865,0.014355366866977493,391
78,014_layer3.0.conv2,0.27038547476691666,0.005372009176303219,0.014123314972235778,0.011323087307192118,391
78,015_layer3.1.conv1,0.2818781557061788,0.005904716401071014,0.01919521042073215,0.01409021692446367,391
78,016_layer3.1.conv2,0.25642547247659825,0.004738704668653518,0.010680888845466042,0.007749812935395894,391
78,017_layer3.2.conv1,0.26063980051623586,0.00482736233681498,0.013526675953657653,0.010168782505282793,391
78,018_layer3.2.conv2,0.12531793484335665,0.0011583580604360155,0.021317276946131496,0.01583215643254845,391
79,000_conv1,0.12599931667794656,0.0018469198317109595,0.1743376237496807,0.12980923414051976,391
79,001_layer1.0.conv1,0.11267825727686857,0.0011320233496818956,0.03493476878194248,0.027394213047907782,391
79,002_layer1.0.conv2,0.10559656369068739,0.0009334545357168114,0.052788585866209686,0.04080024130018492,391
79,003_layer1.1.conv1,0.10513829959132483,0.0009666749453457035,0.03398079427186256,0.026127920203558964,391
79,004_layer1.1.conv2,0.092978129244369,0.0007281502845010723,0.032200066328389315,0.0242403240033377,391
79,005_layer1.2.conv1,0.11255339590256172,0.0011573441712489849,0.04374808248359045,0.031901928180832845,391
79,006_layer1.2.conv2,0.0861926601575616,0.000635151173932395,0.05298834307255614,0.04157101625088672,391
79,007_layer2.0.conv1,0.12228452885890251,0.0012154713728965046,0.02913865612634747,0.02083365606499775,391
79,008_layer2.0.conv2,0.15014386923073808,0.0017736930098278987,0.018792975435453885,0.014400328810370282,391
79,009_layer2.1.conv1,0.16129918047762892,0.002071390312204782,0.0199781727275116,0.015682858495249575,391
79,010_layer2.1.conv2,0.14243259207557535,0.0014942218267980471,0.020270686703836076,0.01451715256075761,391
79,011_layer2.2.conv1,0.16439643723275654,0.0021757950679371953,0.02192085885575733,0.016610749346238827,391
79,012_layer2.2.conv2,0.13877516177952137,0.0015105994289261702,0.023684595432586532,0.018254456714444797,391
79,013_layer3.0.conv1,0.19933995554971573,0.0030256927766866004,0.018495100738179303,0.014426694710085784,391
79,014_layer3.0.conv2,0.27049708217763535,0.005453762858724606,0.014040072497985367,0.01112874340241536,391
79,015_layer3.1.conv1,0.2822124858379669,0.006174527787987036,0.019032246520081945,0.014119701896765867,391
79,016_layer3.1.conv2,0.2567148221575696,0.004864064380270816,0.010723591904557614,0.008529999546911018,391
79,017_layer3.2.conv1,0.26054494650772464,0.004807748043030441,0.014069483370420134,0.010586693882201268,391
79,018_layer3.2.conv2,0.12431381722850263,0.0011911091627513151,0.019182464042964302,0.014493519685558896,391
80,000_conv1,0.1281870733327268,0.002096827910836027,0.1862656957379964,0.1431234737528372,391
80,001_layer1.0.conv1,0.11451466161462352,0.0011345184187292467,0.033477104543000485,0.026520106729382504,391
80,002_layer1.0.conv2,0.10781588278653677,0.0008953416351952983,0.053556327744910516,0.04286510047139715,391
80,003_layer1.1.conv1,0.10767295512149248,0.0009333159126736126,0.03367308008446134,0.024929362242472858,391
80,004_layer1.1.conv2,0.09444331427764557,0.0006521641802992566,0.03164941880314866,0.022752011550522807,391
80,005_layer1.2.conv1,0.11494810026510598,0.001043556446524728,0.046607213520669426,0.033576750750223074,391
80,006_layer1.2.conv2,0.08759616901312033,0.0005668574786358909,0.0521125052900761,0.03964398050345503,391
80,007_layer2.0.conv1,0.12541688701418965,0.0011412506344446773,0.029246180538026155,0.02352447637670325,391
80,008_layer2.0.conv2,0.15331267561677778,0.0016479707809782251,0.016593266334405523,0.012758243007841272,391
80,009_layer2.1.conv1,0.16354380470826801,0.001940779207929004,0.021406550232683594,0.016972695237855707,391
80,010_layer2.1.conv2,0.14416499052892257,0.0014481428335103921,0.018369426487607386,0.014840335012360881,391
80,011_layer2.2.conv1,0.1664948971451396,0.0019198103039945076,0.021473602919537566,0.015370616547007823,391
80,012_layer2.2.conv2,0.13971269542298964,0.0013573513371773378,0.0241830174863214,0.017320507986195534,391
80,013_layer3.0.conv1,0.20175546948867076,0.002818384493293448,0.018404630911906222,0.013514288567380137,391
80,014_layer3.0.conv2,0.27352571018669003,0.005067846816501617,0.014121541569725928,0.010677638083963326,391
80,015_layer3.1.conv1,0.28611861580930403,0.005708673150242746,0.01776998549944077,0.01242409809328175,391
80,016_layer3.1.conv2,0.2606392244586859,0.004807647793921538,0.01129630945123913,0.008323775666709722,391
80,017_layer3.2.conv1,0.26392738109506914,0.004743077545743046,0.014404118447333424,0.010990458038749451,391
80,018_layer3.2.conv2,0.12736716345333687,0.0011945138867630808,0.020950732278403716,0.015562874958911331,391
81,000_conv1,0.12376859087658965,0.0017241128093166969,0.17367108483449556,0.13242331746891417,391
81,001_layer1.0.conv1,0.11064960002479955,0.0010975505232018647,0.03405430734827769,0.027899366592751062,391
81,002_layer1.0.conv2,0.10486338651546127,0.0009537833490388982,0.05134969742955764,0.03834610602550471,391
81,003_layer1.1.conv1,0.1041446731656866,0.0010098981049209647,0.0329927172607078,0.02555697067646494,391
81,004_layer1.1.conv2,0.0917998239340837,0.0007078457248404432,0.03278578820732444,0.024092414920759277,391
81,005_layer1.2.conv1,0.11183566146570703,0.0011204239362845939,0.041314520419638096,0.031731743311831526,391
81,006_layer1.2.conv2,0.08557053382896707,0.000617457449527025,0.05201174492538815,0.039104543457397035,391
81,007_layer2.0.conv1,0.12237749226829585,0.0012411619589143968,0.029246230324315083,0.02301337738547161,391
81,008_layer2.0.conv2,0.15062296513439444,0.0019022875704217401,0.016731100306748917,0.012878410265795733,391
81,009_layer2.1.conv1,0.1606542733795655,0.0021097359264886824,0.02082857692188731,0.015867762267087193,391
81,010_layer2.1.conv2,0.14157513513818115,0.0016410058886182008,0.019973378542911462,0.015443926403422657,391
81,011_layer2.2.conv1,0.16349440632040238,0.002164932583129525,0.020405236489090074,0.01583836575773775,391
81,012_layer2.2.conv2,0.1373369987206081,0.0014977467327571964,0.023653002577293476,0.01882015288311381,391
81,013_layer3.0.conv1,0.1974661645415189,0.003134445336558239,0.01940201873021067,0.01524762817482487,391
81,014_layer3.0.conv2,0.2677390158862409,0.005598621133714191,0.014541006352830007,0.010765319788070604,391
81,015_layer3.1.conv1,0.2791903442929468,0.006182133339722964,0.018313950918892652,0.013848080240445525,391
81,016_layer3.1.conv2,0.2542592807842033,0.005055818034596246,0.010941683396102053,0.008654165094306538,391
81,017_layer3.2.conv1,0.2575255786366475,0.004905900184418124,0.013921375983222219,0.010667861945625336,391
81,018_layer3.2.conv2,0.12383746067085839,0.0011651024824369353,0.02045183630782137,0.015936747805005095,391
82,000_conv1,0.12423470289544071,0.001986720847055281,0.17407042874974812,0.12363973084534043,391
82,001_layer1.0.conv1,0.10947041178260312,0.0010680809874955965,0.03368092894645618,0.024653672712794568,391
82,002_layer1.0.conv2,0.10225546819246029,0.0008219305107501924,0.05479155401112702,0.04050583540759521,391
82,003_layer1.1.conv1,0.10343357192261902,0.0009025605420774352,0.03173033704359607,0.025915936790140523,391
82,004_layer1.1.conv2,0.09040188356338406,0.0006479452581441593,0.032707443526287114,0.023966983114951722,391
82,005_layer1.2.conv1,0.11034733581516291,0.0010051551294393852,0.045134294171840825,0.031749100174345866,391
82,006_layer1.2.conv2,0.0839576833569409,0.0005530560648087882,0.053021759282969205,0.03901509528545452,391
82,007_layer2.0.conv1,0.12001451429294045,0.0011284537504636927,0.02905050955932823,0.021097264997330875,391
82,008_layer2.0.conv2,0.14730653142951944,0.0016186514182154957,0.017648919288723586,0.013953665517605098,391
82,009_layer2.1.conv1,0.15747231490852887,0.0018420209797538577,0.021000605872850103,0.015178322142118639,391
82,010_layer2.1.conv2,0.13944143154050992,0.0014066567168304345,0.02017898020523456,0.016172243830903047,391
82,011_layer2.2.conv1,0.16063676040876856,0.0018791518692743044,0.019858779972375132,0.014889954341069898,391
82,012_layer2.2.conv2,0.13564674900201582,0.0013083365630509117,0.021362770526238795,0.017219300084529914,391
82,013_layer3.0.conv1,0.19509846552291796,0.0027334773118357983,0.020259871230641727,0.01382615660145824,391
82,014_layer3.0.conv2,0.26370772441177415,0.004928064949504138,0.014856751962851729,0.01062598339405812,391
82,015_layer3.1.conv1,0.27558602684217953,0.005470576224436044,0.018476907789367465,0.01389581651631325,391
82,016_layer3.1.conv2,0.2512409641786152,0.004556297797174369,0.010760410332995726,0.008199966294105115,391
82,017_layer3.2.conv1,0.2554182886143627,0.00457405577797787,0.013998096349605662,0.009515634047166694,391
82,018_layer3.2.conv2,0.12263719490288622,0.0010824212228390407,0.019983373529886914,0.015437243800931186,391
83,000_conv1,0.12146310785504254,0.0017545514420432146,0.1743038737318119,0.13370289138659472,391
83,001_layer1.0.conv1,0.10932230712164698,0.0011163099965156575,0.03505402033847078,0.02645422444664423,391
83,002_layer1.0.conv2,0.10360364554940588,0.000913551558980796,0.05510221170497087,0.04348277277687576,391
83,003_layer1.1.conv1,0.10240899416548974,0.0008962886429029083,0.03212047369966535,0.024992746249083753,391
83,004_layer1.1.conv2,0.09096191009825758,0.0006924672940144642,0.03099919455152724,0.02324858613163176,391
83,005_layer1.2.conv1,0.10969373180776301,0.0010204923734784248,0.03995322717761304,0.031126777280700783,391
83,006_layer1.2.conv2,0.08461198400315421,0.0006160926319444711,0.05150998904235194,0.04085324196328607,391
83,007_layer2.0.conv1,0.1201935661551745,0.0011276190293086543,0.02854619297141488,0.021666022384872783,391
83,008_layer2.0.conv2,0.14823644772133865,0.0017735059987935634,0.01785309176789025,0.013544084862861256,391
83,009_layer2.1.conv1,0.15859309173262942,0.0019591083588169113,0.022610254119867664,0.01719133574844458,391
83,010_layer2.1.conv2,0.13992639313763974,0.001513830798633927,0.01953106772295176,0.015450319960937355,391
83,011_layer2.2.conv1,0.16172252806937298,0.0020806287213035596,0.020164029511070485,0.0153020576076808,391
83,012_layer2.2.conv2,0.1355346054496134,0.0014721418958379973,0.02294837435809202,0.017162772676646548,391
83,013_layer3.0.conv1,0.19472270305542386,0.0029816051379136996,0.018305656961607138,0.013731189072816558,391
83,014_layer3.0.conv2,0.26452970930644315,0.005437512293807928,0.014662134750728922,0.011387977262706076,391
83,015_layer3.1.conv1,0.2757908857101217,0.005982499569595928,0.016704178741577654,0.013208362776133348,391
83,016_layer3.1.conv2,0.2514204443396662,0.004850496510547697,0.010648034564865785,0.007903787517760759,391
83,017_layer3.2.conv1,0.25588755431534993,0.004885753095904569,0.013852737064244,0.010205744288265112,391
83,018_layer3.2.conv2,0.1228688968979108,0.0011623257437759164,0.0196870886368689,0.01533864570636223,391
84,000_conv1,0.12148941401630411,0.002212846852585673,0.18239903743223995,0.14304198559724662,391
84,001_layer1.0.conv1,0.10865894826057622,0.001206758428093143,0.03336621520651059,0.024328136420824757,391
84,002_layer1.0.conv2,0.10250588226348847,0.0010125393607722227,0.05239798965213476,0.03986584421182049,391
84,003_layer1.1.conv1,0.1012609091675495,0.0009708718569334772,0.0312646777478433,0.02430783869685258,391
84,004_layer1.1.conv2,0.0895617625121113,0.0007448068231186711,0.03387754788695057,0.023841160054632996,391
84,005_layer1.2.conv1,0.10974420228844409,0.0011979287855823136,0.04631516771793575,0.034558374832107906,391
84,006_layer1.2.conv2,0.083749739820009,0.0006689456566297261,0.055172548894813614,0.04045778710724101,391
84,007_layer2.0.conv1,0.11878981443164903,0.001261452794632096,0.0287850952255489,0.022248722272159478,391
84,008_layer2.0.conv2,0.1459465447022482,0.0017723794077683097,0.01791432069547092,0.013343959604494112,391
84,009_layer2.1.conv1,0.15587268076132021,0.0020924371490487967,0.020050807356603723,0.0148397836796822,391
84,010_layer2.1.conv2,0.13769673876216648,0.0016544776404892984,0.019964176668048464,0.015312681227373942,391
84,011_layer2.2.conv1,0.15917563129721396,0.0021677913037873794,0.019236497370132586,0.014494948637501183,391
84,012_layer2.2.conv2,0.13422702544409296,0.0015744743254755937,0.023455625258224165,0.018358090253762973,391
84,013_layer3.0.conv1,0.19301589139167916,0.003149636933562211,0.0209257770362651,0.014903823302504083,391
84,014_layer3.0.conv2,0.26135070450470577,0.00561193208573936,0.014370251569779032,0.010290510653430243,391
84,015_layer3.1.conv1,0.2740063896721891,0.006417658285093886,0.01873407145655301,0.013234685544178382,391
84,016_layer3.1.conv2,0.24852569643265146,0.0052373082150035735,0.010464600551955892,0.008340869902774713,391
84,017_layer3.2.conv1,0.25181184842458465,0.005256132151730708,0.013648937815013576,0.011104476190656675,391
84,018_layer3.2.conv2,0.12014358533579675,0.0012911826754406011,0.02180250789158732,0.01710292542011595,391
85,000_conv1,0.12319998739434936,0.0018593390120657024,0.1799766991282706,0.13998127417655737,391
85,001_layer1.0.conv1,0.11171097964848704,0.0010852077949746793,0.03506191049322776,0.025352306831801667,391
85,002_layer1.0.conv2,0.10501239526912075,0.0008603690878354314,0.05372173578397709,0.04260386892500647,391
85,003_layer1.1.conv1,0.10504170084167319,0.0009486666618202903,0.032417020000892666,0.022824684023520784,391
85,004_layer1.1.conv2,0.0918941633380435,0.0006679045605519247,0.03227832699327416,0.023503125790885728,391
85,005_layer1.2.conv1,0.11349481603373653,0.0011207587953951208,0.044412522686446944,0.033682873427705644,391
85,006_layer1.2.conv2,0.08567917366009539,0.00061390344675243,0.05145385713934901,0.03885822783108575,391
85,007_layer2.0.conv1,0.12265122147357982,0.001192702449146453,0.027479702448866137,0.02082787302801287,391
85,008_layer2.0.conv2,0.1502322789253024,0.0017592006670205523,0.017252120164823997,0.014077753464572181,391
85,009_layer2.1.conv1,0.16076468318091025,0.0020061053015705127,0.021374184379695474,0.01612399604578477,391
85,010_layer2.1.conv2,0.14147431086129544,0.0015305168774914016,0.01962050846495192,0.01513475838353596,391
85,011_layer2.2.conv1,0.16373525080664078,0.0021072972975756388,0.02031048494550805,0.01604107998680185,391
85,012_layer2.2.conv2,0.1376250844420222,0.0014474132499560678,0.023206807350665087,0.01921965011390763,391
85,013_layer3.0.conv1,0.19761431017114073,0.0029524998086829027,0.018362504895702077,0.014236321816924616,391
85,014_layer3.0.conv2,0.26923273993498836,0.005583894236479162,0.013736152222588161,0.010987043970516943,391
85,015_layer3.1.conv1,0.2818498125733317,0.006299157190102836,0.017518708399836987,0.013425103385218854,391
85,016_layer3.1.conv2,0.25704616674071995,0.005157616274507004,0.0111066726487963,0.008177154532142348,391
85,017_layer3.2.conv1,0.26118502539137134,0.005149820731333701,0.013801866078820309,0.010470294074027109,391
85,018_layer3.2.conv2,0.12526110021392708,0.0012799169945422254,0.019941463720586333,0.01583849517262071,391
86,000_conv1,0.11927318539175079,0.0016201734905621663,0.17154016888995205,0.12950097561974896,391
86,001_layer1.0.conv1,0.1066416649152632,0.000998431354137035,0.035324778256412656,0.026452663243835942,391
86,002_layer1.0.conv2,0.1009982822753508,0.0007807257848046149,0.05353300967187498,0.0399663309611611,391
86,003_layer1.1.conv1,0.10081169709010655,0.0008752223601100183,0.034516083011838374,0.02674762181410334,391
86,004_layer1.1.conv2,0.0890590613779357,0.000614568071759608,0.031543084804810224,0.02505769850878891,391
86,005_layer1.2.conv1,0.10867666620808794,0.0009446035274112956,0.0448982097878644,0.03519903294620925,391
86,006_layer1.2.conv2,0.08280270616226185,0.0005345105799435534,0.05355735997180514,0.042091549786615896,391
86,007_layer2.0.conv1,0.11747938358818022,0.0010531567853712936,0.02639237971159259,0.02005769607622284,391
86,008_layer2.0.conv2,0.14400551534827102,0.0015242274432577564,0.018234687688950042,0.01398956888159857,391
86,009_layer2.1.conv1,0.15526209698270654,0.0017672555795306584,0.020833053721544925,0.01630137035350951,391
86,010_layer2.1.conv2,0.13632798631249182,0.0013406156594655654,0.019031466642247877,0.014714934616158748,391
86,011_layer2.2.conv1,0.15713176510446822,0.0018403606555089588,0.021283582529279223,0.015753889498382787,391
86,012_layer2.2.conv2,0.1329807018970742,0.001260732132529304,0.02445854474407104,0.01801107406957306,391
86,013_layer3.0.conv1,0.19053851540588662,0.002502594658049015,0.017912448425160196,0.013955170289863473,391
86,014_layer3.0.conv2,0.2593231733573977,0.004572823108786192,0.013956591590245723,0.010708259267346427,391
86,015_layer3.1.conv1,0.2714584581077556,0.005208134713421769,0.019007957837836313,0.01383360316621245,391
86,016_layer3.1.conv2,0.24694193513763835,0.004342665135488283,0.010807155893728769,0.008125076817085583,391
86,017_layer3.2.conv1,0.2511039632170097,0.0043055882768534975,0.013833245713701387,0.010126972051801516,391
86,018_layer3.2.conv2,0.11992843613943176,0.001040846533640713,0.02018805152995687,0.014725748611040543,391
87,000_conv1,0.12286239476574351,0.0022204342820855826,0.17739811015751242,0.13235950338741412,391
87,001_layer1.0.conv1,0.10987660595122963,0.001120909470344978,0.033768750162815435,0.02508394523930334,391
87,002_layer1.0.conv2,0.10353118078806973,0.0009477967986690136,0.05064499349934413,0.03989923805476602,391
87,003_layer1.1.conv1,0.10343476779797041,0.0010027245784039965,0.03358567508248388,0.025795854782419886,391
87,004_layer1.1.conv2,0.09145631916973444,0.000727774136932955,0.03239293865461434,0.02591859812624276,391
87,005_layer1.2.conv1,0.11102300420727419,0.0011455117982090215,0.041556778904574605,0.032038102306412984,391
87,006_layer1.2.conv2,0.08480872361041854,0.0006423860092699477,0.05418166803775023,0.039827890122782886,391
87,007_layer2.0.conv1,0.12017823426086274,0.0012282480912839712,0.029913624029886753,0.0232088301773006,391
87,008_layer2.0.conv2,0.14855483745979836,0.0019364833134191163,0.017311509959959365,0.013248811789394091,391
87,009_layer2.1.conv1,0.1593968605389223,0.0021991956095222427,0.02133253911104294,0.015927337031634927,391
87,010_layer2.1.conv2,0.14013163206141319,0.0016427459595649702,0.019250378706915643,0.014454399604098249,391
87,011_layer2.2.conv1,0.16268933889315562,0.0022803066946011294,0.02021612439393209,0.014845695051515406,391
87,012_layer2.2.conv2,0.13698570351199726,0.0015910614620729749,0.023174177668423005,0.01764284524272951,391
87,013_layer3.0.conv1,0.19516544559460772,0.0031788544368907753,0.018519847744913852,0.014467074584355758,391
87,014_layer3.0.conv2,0.26607067924936106,0.005873402577087489,0.014461388106817704,0.010964746988689166,391
87,015_layer3.1.conv1,0.27834848064900664,0.006485815978312742,0.01806273905308479,0.013741847254851496,391
87,016_layer3.1.conv2,0.2545631876991838,0.00528110460536263,0.011645071835707366,0.00885897690923891,391
87,017_layer3.2.conv1,0.2583355512422369,0.005487048849836126,0.013695975180987826,0.00996982334666213,391
87,018_layer3.2.conv2,0.12348874443975251,0.0013142936519272858,0.02010455934951771,0.01546975864044624,391
88,000_conv1,0.12331428782314138,0.00218149549163711,0.17356117337379698,0.13020731329167085,391
88,001_layer1.0.conv1,0.10954451056964257,0.0011573021660960803,0.03370158137176591,0.0252597946870178,391
88,002_layer1.0.conv2,0.10262067429244975,0.0008964954800231902,0.05604972646353157,0.04095778838258913,391
88,003_layer1.1.conv1,0.10341770149519681,0.0009844893432956435,0.03270178420591684,0.024450957862573307,391
88,004_layer1.1.conv2,0.09054896583699662,0.0007046247395627626,0.031113569603619867,0.024738899503573403,391
88,005_layer1.2.conv1,0.11079571989681715,0.0011085205293658324,0.0438300036478971,0.03497109879078455,391
88,006_layer1.2.conv2,0.0844224142410871,0.0006092332056742361,0.053310711847220055,0.040457749020160645,391
88,007_layer2.0.conv1,0.11938930829734448,0.0011713757488260052,0.026168802152628966,0.02011772741365862,391
88,008_layer2.0.conv2,0.14716583100693,0.0017869078755055438,0.01789301151779386,0.013960681713199499,391
88,009_layer2.1.conv1,0.15716929292625478,0.0020475564798015967,0.020340937830860873,0.01485611940781069,391
88,010_layer2.1.conv2,0.13797821471338992,0.0014958305784875288,0.020077392796494092,0.015824038497573086,391
88,011_layer2.2.conv1,0.1603607837482334,0.002099717605816148,0.019306142233256718,0.015471461075976415,391
88,012_layer2.2.conv2,0.1348167050467885,0.001437023407068562,0.02419165165438686,0.017446391767018142,391
88,013_layer3.0.conv1,0.19360889250512622,0.0029701401355852128,0.02007729517582678,0.015119348046674275,391
88,014_layer3.0.conv2,0.26270872154427916,0.005449664114144298,0.01509054574231981,0.011056181213950602,391
88,015_layer3.1.conv1,0.27548322580811924,0.006233612121981202,0.01879418691951845,0.013605928591053862,391
88,016_layer3.1.conv2,0.2512941019004568,0.005204146892029457,0.010198844665251098,0.00810578602930078,391
88,017_layer3.2.conv1,0.25446273957181464,0.005202831760943952,0.013754293522158878,0.010044128590615544,391
88,018_layer3.2.conv2,0.12201913928760745,0.0013184387888368829,0.019963562697344256,0.015548205924063729,391
89,000_conv1,0.12164469568244636,0.0020996558952700185,0.16858044805486336,0.1254010358408894,391
89,001_layer1.0.conv1,0.10923675130433438,0.0012904750906396027,0.033849862401032105,0.025984438607414097,391
89,002_layer1.0.conv2,0.1030993200648014,0.0010328339341905812,0.052245160704102726,0.03967219208184689,391
89,003_layer1.1.conv1,0.1025787729560338,0.0010488046973059148,0.0339382869200158,0.025911854055866476,391
89,004_layer1.1.conv2,0.09113238411753075,0.0007518469320081343,0.02913765840644478,0.022915397043482215,391
89,005_layer1.2.conv1,0.11138606160078816,0.0012240720547612351,0.04152100940383344,0.03303970518579149,391
89,006_layer1.2.conv2,0.08463113466301538,0.0006696390831849369,0.05154205712713757,0.040362605302575696,391
89,007_layer2.0.conv1,0.11977172293283446,0.0012656513919636417,0.027349976466714387,0.020912448512810933,391
89,008_layer2.0.conv2,0.1468202858648794,0.0018940942978912974,0.017947247102179608,0.013890923971005302,391
89,009_layer2.1.conv1,0.15750404303450413,0.0021071988364363033,0.020717336506209286,0.014793386518545299,391
89,010_layer2.1.conv2,0.13895249498241088,0.0016247817839638579,0.020632103351146163,0.014751804731047476,391
89,011_layer2.2.conv1,0.16123561357217067,0.0022610047507763895,0.020362528957608317,0.015406451627417652,391
89,012_layer2.2.conv2,0.13583271947625042,0.0015866084716457465,0.023915453538343547,0.018466834195947433,391
89,013_layer3.0.conv1,0.19353927699539364,0.0031641552741212067,0.0177388058040183,0.014456270591965055,391
89,014_layer3.0.conv2,0.2630127314906901,0.005746982657416147,0.014573496995432212,0.011229497817363212,391
89,015_layer3.1.conv1,0.2760556416438364,0.006490921461407201,0.019477410981466735,0.014287377825816561,391
89,016_layer3.1.conv2,0.25230801368460937,0.005542313660943807,0.010266077838437327,0.007839368024608995,391
89,017_layer3.2.conv1,0.2541597376927695,0.005363944159754497,0.014011113880143986,0.010585009388729869,391
89,018_layer3.2.conv2,0.12035217714469756,0.001293407604027342,0.021169526893419246,0.015363597956572002,391
90,000_conv1,0.12203276057339385,0.0018897102434352296,0.17650520610534484,0.13163814472727836,391
90,001_layer1.0.conv1,0.10843557401386368,0.0010537110923795352,0.03493724926603738,0.02671540266713755,391
90,002_layer1.0.conv2,0.10273297561947113,0.0009075456190980914,0.05303480883371299,0.04228193998891057,391
90,003_layer1.1.conv1,0.10301882683601983,0.0009223376217313787,0.031307186738028465,0.025017353846050285,391
90,004_layer1.1.conv2,0.09138139094585729,0.0007169858550426598,0.02984627468412539,0.024397963284339366,391
90,005_layer1.2.conv1,0.11112950281109042,0.0010762639032149222,0.043991028183467965,0.03331431196835001,391
90,006_layer1.2.conv2,0.08438263902121493,0.0006252750680700225,0.055701209432746555,0.04311941949190572,391
90,007_layer2.0.conv1,0.11967813996288477,0.0011904174941935568,0.02746929475904235,0.02201031626096714,391
90,008_layer2.0.conv2,0.14592320778790643,0.0017349226946459934,0.017458050912680805,0.012839665051192708,391
90,009_layer2.1.conv1,0.1571754469486225,0.001980716282503011,0.022029240034114998,0.016037741829328617,391
90,010_layer2.1.conv2,0.1382611009585278,0.0015385270047349152,0.020257455647575844,0.016223444903004616,391
90,011_layer2.2.conv1,0.16046519356462963,0.0020529130328370837,0.02048299282806741,0.0157584170814397,391
90,012_layer2.2.conv2,0.13454782642671825,0.0014432639521086386,0.02416058787651116,0.018042792570009458,391
90,013_layer3.0.conv1,0.19334572721320345,0.002933264398227921,0.01929975695344192,0.01463444418348931,391
90,014_layer3.0.conv2,0.26247164522252425,0.0054015668398158245,0.014010094969338069,0.010360948885226545,391
90,015_layer3.1.conv1,0.27491059599210843,0.006049623255805339,0.018644736841293787,0.013901872119292311,391
90,016_layer3.1.conv2,0.25104884324057025,0.005046564606364823,0.010994354235853933,0.008145438117508765,391
90,017_layer3.2.conv1,0.2543899775161158,0.005000519011392063,0.013733678077341027,0.010898692149259356,391
90,018_layer3.2.conv2,0.12122628497212287,0.0012165516736780575,0.020038672290198505,0.014824366106433567,391
91,000_conv1,0.12335372379864268,0.0021424044941028425,0.17242762469031545,0.1295427297320874,391
91,001_layer1.0.conv1,0.10956279117890332,0.0011497690086571428,0.03415911910660423,0.026083025843237698,391
91,002_layer1.0.conv2,0.10398608383239077,0.0009871829385520291,0.05094178628948782,0.03700512275796354,391
91,003_layer1.1.conv1,0.1032946944103369,0.0009482482991280163,0.035429348705243946,0.02778959673435514,391
91,004_layer1.1.conv2,0.09207229173320639,0.0007708278597713253,0.03139328786586647,0.023490887423326157,391
91,005_layer1.2.conv1,0.11155188318980319,0.0011473237943929824,0.04845034233384493,0.035963117172939665,391
91,006_layer1.2.conv2,0.0855443684522377,0.0006375080372633757,0.05248879826196846,0.03874510031763013,391
91,007_layer2.0.conv1,0.12134832407697997,0.0012496509018981548,0.026925607636706997,0.021382867350674007,391
91,008_layer2.0.conv2,0.1478504784443342,0.0018782503151674214,0.017058209905576462,0.01347198172417756,391
91,009_layer2.1.conv1,0.1588740245632046,0.0021634120755996133,0.02160687365943877,0.015767418242084854,391
91,010_layer2.1.conv2,0.14010093248713656,0.0016466069748229326,0.020197535720755062,0.016174844453124584,391
91,011_layer2.2.conv1,0.16231638950574429,0.002313568451222346,0.02116225302628445,0.015472088896363723,391
91,012_layer2.2.conv2,0.1359382839801976,0.0015549712632481512,0.022914473034004988,0.017865314482619268,391
91,013_layer3.0.conv1,0.1951390396031882,0.0031642943019129996,0.01887688182534494,0.014441141281415031,391
91,014_layer3.0.conv2,0.26438512005235837,0.005690828963712383,0.013872648675014879,0.01042219486588449,391
91,015_layer3.1.conv1,0.278442138391535,0.006583317530065552,0.017732563500530863,0.013953816806510559,391
91,016_layer3.1.conv2,0.2529288525585933,0.005401596454886096,0.01030374949183551,0.008076221923865843,391
91,017_layer3.2.conv1,0.25554616977948974,0.005209259871509622,0.014315448209156638,0.010581487239719094,391
91,018_layer3.2.conv2,0.12128178893452715,0.001205010850943539,0.020428649756810007,0.015424802105263853,391
92,000_conv1,0.12499318003197156,0.001968593222437035,0.17340842649587557,0.13180347507845652,391
92,001_layer1.0.conv1,0.11181938858783763,0.001190634260680494,0.03394484141459832,0.025660415730008435,391
92,002_layer1.0.conv2,0.10545167785204584,0.0009482750659814583,0.050480307530909825,0.03700476898814518,391
92,003_layer1.1.conv1,0.1050139885214741,0.001001637350217013,0.03170125835086576,0.023353700899830007,391
92,004_layer1.1.conv2,0.09272428871134815,0.0007351561674161476,0.0326175983443864,0.024157205465715564,391
92,005_layer1.2.conv1,0.11326022393753767,0.0011128695779757947,0.04090778166646534,0.03217248496403418,391
92,006_layer1.2.conv2,0.08610972772588206,0.0006197097501073109,0.05552979798906858,0.04262390756128882,391
92,007_layer2.0.conv1,0.1225015739898395,0.0012413614107353258,0.026556907795135754,0.019629848464332102,391
92,008_layer2.0.conv2,0.1503044006121738,0.00183297603224691,0.01801731328988258,0.01384730585615702,391
92,009_layer2.1.conv1,0.16123353709916935,0.0021087784902173966,0.02137898868261723,0.01563772787587056,391
92,010_layer2.1.conv2,0.14123128113501213,0.0015173707778219046,0.02064802240510501,0.015272631805609681,391
92,011_layer2.2.conv1,0.16328592572713752,0.002220691060288913,0.01981297896706688,0.015756860968589796,391
92,012_layer2.2.conv2,0.1371248958113096,0.0014999680794793128,0.023465341158623077,0.018832962629172185,391
92,013_layer3.0.conv1,0.1963214227629592,0.0030249418166353806,0.019615643148761852,0.014144914212302098,391
92,014_layer3.0.conv2,0.26690854242695566,0.005618508972726963,0.015592664978193754,0.011776133816082446,391
92,015_layer3.1.conv1,0.28002288849914775,0.0063787072315174,0.018341629378171354,0.01391322333337104,391
92,016_layer3.1.conv2,0.2552904861567118,0.0053105618240361085,0.010274160055812392,0.008173336266192138,391
92,017_layer3.2.conv1,0.2578034011928169,0.005312401905773229,0.014486219109095725,0.011181449274734339,391
92,018_layer3.2.conv2,0.12173253321624777,0.0012512345434751767,0.019541283865952615,0.01575675287923771,391
93,000_conv1,0.1237337575067797,0.0018478006776401715,0.17257355197845353,0.1306018375245754,391
93,001_layer1.0.conv1,0.11162594608162217,0.001185584018569023,0.034023559488066714,0.027241199083884608,391
93,002_layer1.0.conv2,0.10500894674121419,0.0009926239757913173,0.05046832259512766,0.04031386473688761,391
93,003_layer1.1.conv1,0.10413824706850454,0.00098866283035017,0.034207148389974754,0.02711291254909707,391
93,004_layer1.1.conv2,0.09211553390735708,0.0007466252641604044,0.02889987268917816,0.022576943825103883,391
93,005_layer1.2.conv1,0.11253295446295872,0.0010993436591922087,0.043779990748022066,0.03438960431911664,391
93,006_layer1.2.conv2,0.08596313305084816,0.0006882047133528069,0.04882359532500006,0.03827263037066389,391
93,007_layer2.0.conv1,0.12230126609754227,0.001263611560547424,0.02840260321923765,0.020418405140232705,391
93,008_layer2.0.conv2,0.14923819324092183,0.0018277579705717854,0.018183300308389227,0.014037582686733645,391
93,009_layer2.1.conv1,0.16037951288816263,0.00213461969977307,0.02159827308225054,0.015941521042099376,391
93,010_layer2.1.conv2,0.14156170237971388,0.0015970593438414254,0.019275631992428325,0.015268453456220472,391
93,011_layer2.2.conv1,0.16345574086546288,0.002226768067238552,0.019831760950908533,0.01548751865286184,391
93,012_layer2.2.conv2,0.13727665957435012,0.001502168387752842,0.02307733284171654,0.017943432793939226,391
93,013_layer3.0.conv1,0.1966837239177788,0.0030428435529099088,0.019546065346056195,0.014471863644360558,391
93,014_layer3.0.conv2,0.2665535369149559,0.005543211712189217,0.014234557841814247,0.011328458447325872,391
93,015_layer3.1.conv1,0.2795120367727926,0.006036633429555252,0.017925758990711478,0.013682673322110078,391
93,016_layer3.1.conv2,0.2549490789165887,0.005145458678305903,0.011225347120724857,0.008246917932437276,391
93,017_layer3.2.conv1,0.25775539478682497,0.004921631858045408,0.013517851388798562,0.010347640699087033,391
93,018_layer3.2.conv2,0.12283019353742794,0.0011483581833248505,0.019175239519922577,0.01410027091962669,391
94,000_conv1,0.12276573078063747,0.0017193756471517562,0.17272061200598385,0.1249755576947002,391
94,001_layer1.0.conv1,0.10997063756141516,0.0010388001314932793,0.03388924497655918,0.025668884480552,391
94,002_layer1.0.conv2,0.10339415262993949,0.0008463458622944824,0.05265026571429478,0.041556589719402647,391
94,003_layer1.1.conv1,0.10175877757122755,0.0008361822566946599,0.03286034664667784,0.025818648390918346,391
94,004_layer1.1.conv2,0.090462799286446,0.00060671829034116,0.03210716109421282,0.025111492529057252,391
94,005_layer1.2.conv1,0.11104145587024176,0.0010079674829098634,0.04311424948166713,0.030598745266406095,391
94,006_layer1.2.conv2,0.08455862133475521,0.0005743114385622482,0.0531651578081237,0.04253955786112401,391
94,007_layer2.0.conv1,0.12022013598314636,0.0011214861616245606,0.027271036140893344,0.02099629508301954,391
94,008_layer2.0.conv2,0.14741509203868144,0.001729113312236203,0.018940417970380482,0.014545422406956552,391
94,009_layer2.1.conv1,0.15889303738732471,0.0018810510805350976,0.021930358179434336,0.016464645432127625,391
94,010_layer2.1.conv2,0.13955612263411207,0.001470599351050629,0.020417356716796144,0.01603366429373805,391
94,011_layer2.2.conv1,0.16164591285350072,0.002100205387768485,0.020169994922752593,0.01604738497611219,391
94,012_layer2.2.conv2,0.13557571965410276,0.0014286029292805563,0.023110659845337337,0.017816493874446303,391
94,013_layer3.0.conv1,0.1945671031008596,0.002840810312585186,0.01877338469091072,0.014691391936993446,391
94,014_layer3.0.conv2,0.26396680480378976,0.005161644176878338,0.013942966690615845,0.011118516455767006,391
94,015_layer3.1.conv1,0.27696922777787497,0.005727364730455209,0.018993082898319105,0.014004177445039533,391
94,016_layer3.1.conv2,0.25241648304797804,0.004946798066993871,0.010631925357916036,0.008165490852956444,391
94,017_layer3.2.conv1,0.25510731440447176,0.004833719493919766,0.013541814274708543,0.010100340222970584,391
94,018_layer3.2.conv2,0.12104317692615797,0.0011653866690248815,0.019220813038575677,0.014219249540779692,391
95,000_conv1,0.12093289318444479,0.0019497149796249055,0.176997557213075,0.12617766321233992,391
95,001_layer1.0.conv1,0.10938644619739574,0.0012887883597848832,0.034995507806052324,0.028172724524876243,391
95,002_layer1.0.conv2,0.1030312028649213,0.0011021254729856236,0.05194716934771057,0.03968402142027238,391
95,003_layer1.1.conv1,0.10258482136022862,0.0011416308385694112,0.03339424999591833,0.025799049125131535,391
95,004_layer1.1.conv2,0.09027128962947585,0.0007836193853968249,0.03159293477919073,0.024662386959668107,391
95,005_layer1.2.conv1,0.11116693114094875,0.001240479024331687,0.04259529145410084,0.031608677623266614,391
95,006_layer1.2.conv2,0.08408831565848092,0.0006954075265599635,0.05494625733311474,0.0396675732208306,391
95,007_layer2.0.conv1,0.11919042436629915,0.0013616038494841647,0.028708944955189296,0.02245074643352423,391
95,008_layer2.0.conv2,0.14608244343525004,0.0020587569936788702,0.01726947338545851,0.013279990993095157,391
95,009_layer2.1.conv1,0.15631730901196483,0.002330238726393874,0.02101196748111635,0.016788062393394126,391
95,010_layer2.1.conv2,0.13825043526185138,0.0018059400589065626,0.019564533732428547,0.015012332878544792,391
95,011_layer2.2.conv1,0.1598792601748348,0.0023535590431528544,0.020935395919761617,0.014478458673235288,391
95,012_layer2.2.conv2,0.1344739142567148,0.0017281537735814936,0.02379406203224864,0.017479591513870678,391
95,013_layer3.0.conv1,0.19269001516311066,0.0034630375825044843,0.019182799896664497,0.014734517251467464,391
95,014_layer3.0.conv2,0.26116380718586696,0.006238056926655869,0.01416893772044144,0.011610358153714816,391
95,015_layer3.1.conv1,0.27417998046368897,0.007135481622231557,0.019026401165384968,0.013399851060874188,391
95,016_layer3.1.conv2,0.2505136414257157,0.005998614221309317,0.01100033703722361,0.008254723995108557,391
95,017_layer3.2.conv1,0.25388950947910316,0.006014701400511274,0.014250255844374473,0.010305609135935404,391
95,018_layer3.2.conv2,0.12039477041329416,0.0013817919293154634,0.02005184117511175,0.015263250748227377,391
96,000_conv1,0.12220002446904817,0.0015991108329478938,0.17684788735369947,0.13683691065315617,391
96,001_layer1.0.conv1,0.1107640661242063,0.0010114273184417856,0.035190161382596,0.029076533436374275,391
96,002_layer1.0.conv2,0.10471543986016832,0.0008782029302611977,0.05038449931499737,0.0376592869953385,391
96,003_layer1.1.conv1,0.1038242148621308,0.0008306339377930818,0.03282588776683344,0.026403877197670855,391
96,004_layer1.1.conv2,0.09221861483362477,0.0006171952102008403,0.03183358037422481,0.024026527150790792,391
96,005_layer1.2.conv1,0.11327864769893839,0.001031086770427866,0.04488534369347992,0.03490570908364041,391
96,006_layer1.2.conv2,0.08590554624624416,0.0005839285721453364,0.05654028373836067,0.04156494074372069,391
96,007_layer2.0.conv1,0.12227895367137916,0.0011868555775269678,0.029311503446965186,0.021773041816271,391
96,008_layer2.0.conv2,0.14938577863833177,0.0017223898446478772,0.017958606837362456,0.014525888551205497,391
96,009_layer2.1.conv1,0.1603092795518963,0.001940912038521713,0.021612587751943278,0.016297081315561283,391
96,010_layer2.1.conv2,0.14115206938227423,0.001478054648047164,0.021151785718641007,0.01643097366112614,391
96,011_layer2.2.conv1,0.1639533700216609,0.002038242109009377,0.02069046607804521,0.01610050292772524,391
96,012_layer2.2.conv2,0.1373719490416672,0.0014257635377382984,0.024450148525208656,0.017849367033647943,391
96,013_layer3.0.conv1,0.1964937880863924,0.0028721618964456797,0.019060781415495293,0.014331002199412078,391
96,014_layer3.0.conv2,0.2675602096502128,0.005274059576223983,0.013885171541035787,0.010517949483954863,391
96,015_layer3.1.conv1,0.28103568816505126,0.005828793895680945,0.018241349663922612,0.013509664242299612,391
96,016_layer3.1.conv2,0.2565157193585735,0.004952681543359358,0.010593422843516111,0.008375559691710971,391
96,017_layer3.2.conv1,0.25872794849335995,0.004981507315577477,0.013780057735829496,0.010470207444823335,391
96,018_layer3.2.conv2,0.12284459201309382,0.001234119732173326,0.018728112982784914,0.014352186794127237,391
97,000_conv1,0.12236346773174413,0.0018503335923521196,0.184612959154847,0.1378647286893367,391
97,001_layer1.0.conv1,0.11031149342046369,0.0010565105743084845,0.036376916575489984,0.026541560751131774,391
97,002_layer1.0.conv2,0.10384436697244187,0.0008905941457366534,0.053051434961129594,0.041176250050927274,391
97,003_layer1.1.conv1,0.10302433677856117,0.0009103971242376621,0.029517780662567265,0.0250785079364514,391
97,004_layer1.1.conv2,0.09105838774262792,0.0006701951596431877,0.03247758773040286,0.024908722674330062,391
97,005_layer1.2.conv1,0.11200140713883178,0.001103706565029547,0.04425042959393414,0.03351412372785952,391
97,006_layer1.2.conv2,0.0850901442015415,0.0006057672315217828,0.055717040354724204,0.04392566622811069,391
97,007_layer2.0.conv1,0.12046669850416501,0.0011692483880163616,0.02795703017533652,0.022981339215257964,391
97,008_layer2.0.conv2,0.1476645353524124,0.0017598450064277953,0.0181227544270678,0.013734980531164393,391
97,009_layer2.1.conv1,0.1586132907615903,0.0019781948266225265,0.020893440862996694,0.016410284145920422,391
97,010_layer2.1.conv2,0.1397197294475325,0.0015531845988626426,0.02076175383942248,0.015916569331422197,391
97,011_layer2.2.conv1,0.16166300892525012,0.0020504975146070324,0.020588761255087906,0.015678912801728336,391
97,012_layer2.2.conv2,0.136423090553802,0.0014541707884120555,0.024416471001594758,0.019057751279697513,391
97,013_layer3.0.conv1,0.19511981856297045,0.0028939155925963717,0.018320690735867562,0.014504926280015965,391
97,014_layer3.0.conv2,0.2651833402721778,0.005329841465179216,0.014676721215860628,0.011077922760771122,391
97,015_layer3.1.conv1,0.27854966330330083,0.0060016112286405965,0.016893324296602598,0.013953461213397227,391
97,016_layer3.1.conv2,0.25323544198747183,0.004931370363435758,0.01123304281189777,0.00838836967788211,391
97,017_layer3.2.conv1,0.25641586461945265,0.004987092609676197,0.014650849862150876,0.011447582072828984,391
97,018_layer3.2.conv2,0.1215396286143214,0.0012072622715414462,0.020023783525666333,0.015303933758726629,391
98,000_conv1,0.11937410410141092,0.0019071926158588312,0.16858845206571246,0.12499995533491517,391
98,001_layer1.0.conv1,0.10606946860966475,0.0011862733851243402,0.03523607569119341,0.027938411740676163,391
98,002_layer1.0.conv2,0.10091868371647947,0.0010165543990995948,0.05483140239510742,0.04181108215196573,391
98,003_layer1.1.conv1,0.10030690544401594,0.0010158746075187644,0.031720580739037066,0.02518527562632986,391
98,004_layer1.1.conv2,0.08863710747350512,0.0007431601530401045,0.03052873991937839,0.02336311583136634,391
98,005_layer1.2.conv1,0.10810271384732803,0.0011541074864471826,0.04456234765649193,0.032298147559560744,391
98,006_layer1.2.conv2,0.08255542812826079,0.0006797129401876247,0.056566099066799325,0.045446277234443055,391
98,007_layer2.0.conv1,0.11690559060982121,0.0013190675572927763,0.024708203215505143,0.01904004035110191,391
98,008_layer2.0.conv2,0.14321173518857994,0.001983798078810793,0.017897549333994896,0.013369971759146873,391
98,009_layer2.1.conv1,0.1535580832501659,0.0021765282784879138,0.02103877715436444,0.01579587630199096,391
98,010_layer2.1.conv2,0.13535500094866204,0.00165491895758961,0.020120974677578618,0.015619338703192005,391
98,011_layer2.2.conv1,0.15747333343719583,0.002354427005543107,0.02132737982408617,0.016784658994739073,391
98,012_layer2.2.conv2,0.1324730969374747,0.0016296215036022722,0.023537346798990198,0.01826824794836211,391
98,013_layer3.0.conv1,0.1901629358301382,0.003320685449952815,0.0197617655339808,0.01484163972688941,391
98,014_layer3.0.conv2,0.25902692196161853,0.0060827954977543675,0.01517159308353506,0.011442710502787931,391
98,015_layer3.1.conv1,0.2718444632752167,0.006861481495367139,0.01913435185995653,0.014352369832368017,391
98,016_layer3.1.conv2,0.24824464797516307,0.005633751075975572,0.010708040426420446,0.008391132144725656,391
98,017_layer3.2.conv1,0.2511180168984796,0.00559037007445759,0.014263521523463933,0.011280226709428656,391
98,018_layer3.2.conv2,0.11929400063231778,0.0013370069930082207,0.02068930674092006,0.01525684771578411,391
99,000_conv1,0.12331004271669613,0.0020877737805934833,0.16835241028118272,0.1329396039020348,391
99,001_layer1.0.conv1,0.11062070009443918,0.0013023581206019832,0.03232429593366914,0.02684281895520749,391
99,002_layer1.0.conv2,0.10409982515799115,0.001023558059096848,0.050275520545423336,0.038626005417822386,391
99,003_layer1.1.conv1,0.10308579472191345,0.0010439220569375737,0.032883813334590235,0.024778272521457614,391
99,004_layer1.1.conv2,0.09145209071752818,0.0007915993457095257,0.03012672117169913,0.023041560540871083,391
99,005_layer1.2.conv1,0.11196825057839799,0.0012318712260995027,0.04252393243826812,0.03262197880376889,391
99,006_layer1.2.conv2,0.08463390755093159,0.0007274089731121999,0.05401091714860196,0.03942583477070914,391
99,007_layer2.0.conv1,0.12033489589934307,0.001424407283481765,0.02678414393110526,0.022507585171949743,391
99,008_layer2.0.conv2,0.1472463129883837,0.0020750076389267486,0.01754469038908324,0.012957184286162238,391
99,009_layer2.1.conv1,0.1583725241539271,0.0023184589005377336,0.02013082197533347,0.015743001807934018,391
99,010_layer2.1.conv2,0.1401009718361108,0.001846559532539347,0.02096297678243856,0.015442500299306276,391
99,011_layer2.2.conv1,0.1617901053308221,0.002436019597536733,0.020378685887617556,0.015504950506686613,391
99,012_layer2.2.conv2,0.1362265120248508,0.0017238498766002606,0.02267662255233243,0.01716505023692639,391
99,013_layer3.0.conv1,0.19530283270970636,0.0034691857160736583,0.020262038971621297,0.015145745338052857,391
99,014_layer3.0.conv2,0.2660117677372435,0.006258839418641082,0.014837814381073603,0.01170733694491483,391
99,015_layer3.1.conv1,0.2795557488527749,0.006912859310864897,0.018235435159808463,0.01428634284444517,391
99,016_layer3.1.conv2,0.25546003678037077,0.005765348700850034,0.011156257022801704,0.008203167560129484,391
99,017_layer3.2.conv1,0.25726120269207087,0.005921712062801121,0.013566355542669445,0.010812353535732079,391
99,018_layer3.2.conv2,0.12198062945166817,0.0014218734617898552,0.019533279164483004,0.014403793786303517,391
